Ref,Category,Page slug,Page URL,Section on page,Issue type,Priority,Current text (find),Replacement text (paste),Correct position,Government source,Audit ID,Verification,RMA note,Live check 6 Oct,Live check note,Status,Developer notes
1,Employer Sponsored,186-occupations-list,https://www.nanakmigration.com.au/186-occupations-list,The Short Answer,Outdated law/terminology,High,Most 186 Direct Entry nominations require the occupation to appear on the Core Skills Occupation List (CSOL) or MLTSSL.,186 Direct Entry nominations require the occupation to be on the Core Skills Occupation List (CSOL).,Home Affairs: for Direct Entry 'Your occupation must be on the Core Skills Occupation List (CSOL)'.,https://immi.homeaffairs.gov.au/visas/getting-a-visa/visa-listing/employer-nomination-scheme-186/direct-entry-stream,G2-014,Confirmed,,Fixed,,Done,
2,Employer Sponsored,186-occupations-list,https://www.nanakmigration.com.au/186-occupations-list,The Short Answer,Incorrect eligibility,High,"For the Temporary Residence Transition (TRT) stream, the requirement is generally employment with the same sponsoring employer in the same occupation for at least two years on a qualifying 482 visa - the occupation list requirement may differ.","The Temporary Residence Transition (TRT) stream has no occupation list. You usually need at least 2 years of full-time sponsored employment in the last 3 years while holding a 457 or 482 visa, and this can include time with more than one sponsor.",TRT has no occupation list; occupation eligibility is based on the most recently held temporary skilled visa; employment with multiple sponsors counts.,https://immi.homeaffairs.gov.au/visas/working-in-australia/skill-occupation-list ; https://immi.homeaffairs.gov.au/visas/getting-a-visa/visa-listing/employer-nomination-scheme-186/temporary-residence-transition-stream,G2-015,Confirmed,,Fixed,,Done,
3,Employer Sponsored,186-occupations-list,https://www.nanakmigration.com.au/186-occupations-list,"FAQ - What is the difference between CSOL, MLTSSL and STSOL?",Outdated law/terminology,High,"The Medium and Long-term Strategic Skills List (MLTSSL) is used for points-tested permanent visas (189, 190, 491) and for employer-sponsored visas including the 186. The Short-term Skilled Occupation List (STSOL) is generally used for the short-term stream of the 482 visa","The Medium and Long-term Strategic Skills List (MLTSSL) is used for points-tested visas such as the 189, 190 and 491, and for the 494. It is no longer used for the 186. The Short-term Skilled Occupation List (STSOL) is used for some 190, 491 and 494 applications. The 482 no longer has a short-term stream - since 7 December 2024 the 482 Core Skills stream and the 186 Direct Entry stream use the CSOL.",186 (Direct Entry) and 482 (Core Skills) use the CSOL (ANZSCO 2022); MLTSSL/STSOL/ROL (ANZSCO 2013) apply to other skilled visas; the 482 short-term stream no longer exists.,https://immi.homeaffairs.gov.au/visas/working-in-australia/skill-occupation-list ; https://immi.homeaffairs.gov.au/visas/getting-a-visa/visa-listing/employer-nomination-scheme-186/direct-entry-stream,G2-016,Confirmed,,Schema not updated,"Old wording removed from the visible page, but it is still in the FAQ schema / page code that Google reads",To do,
4,Employer Sponsored,186-occupations-list,https://www.nanakmigration.com.au/186-occupations-list,Search 186 Eligible Occupations table (six separate rows - search each title),Incorrect eligibility,High,Medical Laboratory Scientist / ICT Security Specialist / ICT Support Engineer (NEC) / Education Advisor / Child Care Centre Manager / Facilities Manager,"Remove these six rows (or mark them 'Not available for 186 Direct Entry - not on the CSOL'). Better still, replace the sample table with a link to the Home Affairs skilled occupation list.","On the Home Affairs combined list these occupations are not on the CSOL and are not listed for the 186: Medical Laboratory Scientist (234611, MLTSSL only), ICT Security Specialist (262112, MLTSSL only - replaced on the CSOL by Cyber Security occupations 262115/262116/262117), ICT Support Engineer (263212, STSOL only), Education Adviser (249111, STSOL only), Child Care Centre Manager (134111, MLTSSL only), Facilities Manager (149913, STSOL only).",https://immi.homeaffairs.gov.au/visas/working-in-australia/skill-occupation-list,G2-019,Confirmed,,Fixed,Reworded - key figures confirmed on page,Done,
5,Employer Sponsored,186-occupations-list,https://www.nanakmigration.com.au/186-occupations-list,Search 186 Eligible Occupations table - ANZSCO code column (about 20 rows; 254111 shown as example),Other,High,254111,Correct the ANZSCO codes (CSOL uses ANZSCO 2022): Carpenter and Joiner 331211; Bricklayer 331111; Welder (First Class) 322313; Electronic Instrument Trades Worker (General) 342314; Registered Nurse (Aged Care) 254412; Registered Nurse (Child and Family Health) 254413; Hospital Pharmacist 251511 / Retail Pharmacist 251513 (there is no generic 'Pharmacist' 252111); Physiotherapist 252511; Optometrist 251411; Speech Pathologist 252712; Medical Diagnostic Radiographer 251211; Specialist Physician (General Medicine) 253311; Mechanical Engineer 233512; Electrical Engineer 233311; Structural Engineer 233214; Environmental Engineer 233915; Primary School Teacher 241213; Vocational Education Teacher 242211; Building Inspector 312113. 'ICT Director 132111' is not an ANZSCO occupation (132111 is Corporate Services Manager; consider Chief Information Officer 135111). 'Special Education Teacher' 241511 is listed as 'Special Needs Teacher'.,About 20 of the 54 sample rows carry the wrong ANZSCO code or title compared with the Home Affairs combined list; a wrong code is the page's own stated 'common source of refusals'.,https://immi.homeaffairs.gov.au/visas/working-in-australia/skill-occupation-list,G2-020,Confirmed,,Partly fixed,"Old text removed, but the corrected figure(s) are not on the page: 2022",To do,
6,Employer Sponsored,186-occupations-list,https://www.nanakmigration.com.au/186-occupations-list,Hero intro,Outdated law/terminology,Medium,This page shows occupations on the CSOL and MLTSSL that are generally available for the 186 visa.,"This page shows sample occupations from the Core Skills Occupation List (CSOL), which is the list used for the 186 Direct Entry stream.",Since 7 December 2024 the 186 Direct Entry stream uses the CSOL only (ANZSCO 2022 codes); the MLTSSL is not a 186 list.,https://immi.homeaffairs.gov.au/visas/getting-a-visa/visa-listing/employer-nomination-scheme-186/direct-entry-stream ; https://immi.homeaffairs.gov.au/visas/working-in-australia/skill-occupation-list,G2-013,Confirmed,,Fixed,,Done,
7,Employer Sponsored,186-occupations-list,https://www.nanakmigration.com.au/186-occupations-list,FAQ - My occupation is on the STSOL. Can I still apply for a 186?,Outdated law/terminology,Medium,"In most cases, STSOL occupations do not qualify for the 186 Employer Nomination Scheme via the Direct Entry stream. However, some STSOL occupations may be available under a Labour Agreement pathway if a specific agreement covers that occupation, or under the Temporary Residence Transition (TRT) stream if a sponsoring employer has separately arranged a pathway.","The STSOL is not used for the 186. For Direct Entry, what matters is whether the occupation is on the Core Skills Occupation List (CSOL) - many former STSOL occupations are on it. The TRT stream has no occupation list, and a Labour Agreement can cover occupations that are not on the CSOL.",186 Direct Entry eligibility depends on the CSOL; TRT has no list.,https://immi.homeaffairs.gov.au/visas/working-in-australia/skill-occupation-list ; https://immi.homeaffairs.gov.au/visas/getting-a-visa/visa-listing/employer-nomination-scheme-186/direct-entry-stream,G2-017,Confirmed,,Schema not updated,"Old wording removed from the visible page, but it is still in the FAQ schema / page code that Google reads",To do,
8,Employer Sponsored,186-occupations-list,https://www.nanakmigration.com.au/186-occupations-list,FAQ - What is the Regional Occupation List (ROL) and does it apply to the 186 visa?,Outdated law/terminology,Medium,A 186 nomination generally needs the occupation to be on the CSOL or MLTSSL (or covered by a Labour Agreement),A 186 Direct Entry nomination needs the occupation to be on the CSOL (or covered by a Labour Agreement); the TRT stream has no occupation list,186 Direct Entry uses the CSOL only.,https://immi.homeaffairs.gov.au/visas/getting-a-visa/visa-listing/employer-nomination-scheme-186/direct-entry-stream ; https://immi.homeaffairs.gov.au/visas/working-in-australia/skill-occupation-list,G2-018,Confirmed,,Schema not updated,"Old wording removed from the visible page, but it is still in the FAQ schema / page code that Google reads",To do,
9,Employer Sponsored,186-occupations-list,https://www.nanakmigration.com.au/186-occupations-list,Search 186 Eligible Occupations table - Assessing authority column (Optometrist row shown as example),Other,Medium,Optometry Board of Australia / AHPRA,"Correct the assessing authorities: General Practitioner and Specialist Physician (General Medicine) - MedBA; Optometrist - OCANZ; Medical Diagnostic Radiographer - ASMIRT; Hospital/Retail Pharmacist - APharmC; University Lecturer, Vocational Education Teacher, Construction Project Manager, Project Builder and Building Inspector - VETASSESS.","Home Affairs combined list shows MedBA (not AMC), OCANZ, ASMIRT, APharmC and VETASSESS for these occupations.",https://immi.homeaffairs.gov.au/visas/working-in-australia/skill-occupation-list,G2-021,Confirmed,,Check wording,Old text removed; new wording differs from the sheet - RMA to confirm it is accurate,Query with RMA,
10,Employer Sponsored,186-occupations-list,https://www.nanakmigration.com.au/186-occupations-list,Search 186 Eligible Occupations table - List and Visas columns (Pharmacist row 252111 shown as example),Outdated law/terminology,Medium,252111,"Change the 'List' column to show CSOL for every 186 occupation (the 186 does not use the MLTSSL). Remove 189/190 from occupations that are not on the MLTSSL, e.g. Pharmacist, Dietitian, Software Tester, Database Administrator and Primary School Teacher are STSOL/CSOL occupations and are not available for the 189.","Hospital/Retail Pharmacist, Dietitian, Software Tester, Database Administrator and Primary School Teacher are STSOL + CSOL (no 189).",https://immi.homeaffairs.gov.au/visas/working-in-australia/skill-occupation-list,G2-022,Confirmed,,Fixed,Reworded - key figures confirmed on page,Done,
11,Employer Sponsored,186-occupations-list,https://www.nanakmigration.com.au/186-occupations-list,Hero / 'current as at' stamp (also update the matching 'Information current as at' line in the footer disclaimer),Other,Low,General information current as at July 2026.,General information current as at October 2026. Requirements are subject to change - verify with the Department of Home Affairs before lodging.,Page content corrected in October 2026 audit - currency stamp should match.,n/a (housekeeping),G2-023,Confirmed,,Fixed,,Done,
12,Employer Sponsored,186-skill-requirements,https://www.nanakmigration.com.au/186-skill-requirements,The Short Answer,Incorrect eligibility,High,"For the Temporary Residence Transition (TRT) stream, skills are generally demonstrated through at least two years of employment with the nominating employer in the same occupation","For the Temporary Residence Transition (TRT) stream, you usually need at least 2 years of full-time sponsored employment in the 3 years before you apply while holding a 457 or 482 visa - this can include time with more than one sponsor",TRT: 2 years eligible sponsored employment in last 3 years; multiple employers can count.,https://immi.homeaffairs.gov.au/visas/getting-a-visa/visa-listing/employer-nomination-scheme-186/temporary-residence-transition-stream,G2-024,Confirmed,,Fixed,,Done,
13,Employer Sponsored,186-skill-requirements,https://www.nanakmigration.com.au/186-skill-requirements,Section 1 - 03 Work experience at the required skill level,Incorrect eligibility,High,"For TRT, it is at least two years of employment with the nominating employer in the nominated occupation while holding a qualifying subclass 482 visa.","For TRT, it is usually at least 2 years of full-time sponsored employment in the 3 years before you apply, while holding a subclass 457 or 482 visa, in an occupation you were granted that visa for. Employment with earlier sponsors can count.",Home Affairs TRT eligibility.,https://immi.homeaffairs.gov.au/visas/getting-a-visa/visa-listing/employer-nomination-scheme-186/temporary-residence-transition-stream,G2-025,Confirmed,,Fixed,,Done,
14,Employer Sponsored,186-skill-requirements,https://www.nanakmigration.com.au/186-skill-requirements,"Section 2 - Stream Comparison (English, TRT)",Incorrect eligibility,High,Generally Competent English; same exemptions apply as Direct Entry,Competent English - there is no English exemption in the TRT stream,"'From 16 November 2019, there is no exemption to the English language requirement for this stream.'",https://immi.homeaffairs.gov.au/visas/getting-a-visa/visa-listing/employer-nomination-scheme-186/temporary-residence-transition-stream,G2-027,Confirmed,,Fixed,,Done,
15,Employer Sponsored,186-skill-requirements,https://www.nanakmigration.com.au/186-skill-requirements,FAQ - What is the English requirement and are there exemptions?,Incorrect eligibility,High,to applicants who have completed at least five years of full-time secondary or higher education where the language of instruction was English; and in certain other circumstances,"Holders of a current passport from the UK, USA, Canada, New Zealand or the Republic of Ireland meet the requirement without a test. Five years of study in English is not an exemption for the 186, and the TRT stream has no English exemption at all","Competent English is shown by an approved test score or one of the five listed passports; the 5-year study exemption applies to the 482, not the 186.",https://immi.homeaffairs.gov.au/help-support/meeting-our-requirements/english-language/competent-english ; https://immi.homeaffairs.gov.au/visas/getting-a-visa/visa-listing/employer-nomination-scheme-186/temporary-residence-transition-stream ; https://immi.homeaffairs.gov.au/visas/getting-a-visa/visa-listing/skills-in-demand-visa-subclass-482/sufficient-english,G2-030,Confirmed,,Schema not updated,"Old wording removed from the visible page, but it is still in the FAQ schema / page code that Google reads",To do,
16,Employer Sponsored,186-skill-requirements,https://www.nanakmigration.com.au/186-skill-requirements,"FAQ - If I change employers, can I still lodge a 186?",Incorrect eligibility,High,"For the TRT stream, changing employers resets the qualifying period; the new employer would need to sponsor you on a 482 and you would generally need to complete a further two years before the new employer could nominate you for a 186 under TRT.","For the TRT stream, changing employers does not automatically reset the qualifying period. Sponsored employment with your previous sponsor can still count, and time with the new employer counts from the date it lodged a nomination that was approved. The new employer must be the last employer to sponsor you on your 482.","Home Affairs: 'If you have changed employers in the 3 years prior to your application, sponsored employment can be counted from the date an approved nomination was lodged'.",https://immi.homeaffairs.gov.au/visas/getting-a-visa/visa-listing/employer-nomination-scheme-186/temporary-residence-transition-stream,G2-031,Confirmed,,Schema not updated,"Old wording removed from the visible page, but it is still in the FAQ schema / page code that Google reads",To do,
17,Employer Sponsored,186-skill-requirements,https://www.nanakmigration.com.au/186-skill-requirements,"Section 2 - Stream Comparison (Work experience, TRT)",Incorrect eligibility,Medium,Generally at least 2 years with the same sponsoring employer in the same nominated occupation on a qualifying 482 visa,Generally at least 2 years of full-time sponsored employment in the last 3 years on a 457 or 482 visa (can include more than one sponsor),Home Affairs TRT eligibility.,https://immi.homeaffairs.gov.au/visas/getting-a-visa/visa-listing/employer-nomination-scheme-186/temporary-residence-transition-stream,G2-026,Confirmed,,Fixed,,Done,
18,Employer Sponsored,186-skill-requirements,https://www.nanakmigration.com.au/186-skill-requirements,"Section 2 - Stream Comparison (English, Direct Entry)",Incorrect eligibility,Medium,Generally Competent English (e.g. IELTS 6 overall); exemptions may apply,"Competent English (e.g. IELTS 6 in each of the four components), or a UK, USA, Canadian, NZ or Irish passport","Competent English requires 6 in each IELTS component, not 6 overall.",https://immi.homeaffairs.gov.au/help-support/meeting-our-requirements/english-language/competent-english ; https://immi.homeaffairs.gov.au/visas/getting-a-visa/visa-listing/employer-nomination-scheme-186/direct-entry-stream,G2-028,Confirmed,,Fixed,,Done,
19,Employer Sponsored,186-skill-requirements,https://www.nanakmigration.com.au/186-skill-requirements,"Section 2 - Stream Comparison (Typical applicant, TRT)",Incorrect eligibility,Medium,Workers who have held a subclass 482 (Core or Specialist stream) for at least 2 years with the nominating employer,"Workers on a 457 or 482 (any stream) with at least 2 years of full-time sponsored employment in the last 3 years, now nominated by their current sponsor",TRT accepts 457 and 482 holders of any stream.,https://immi.homeaffairs.gov.au/visas/getting-a-visa/visa-listing/employer-nomination-scheme-186/temporary-residence-transition-stream,G2-029,Confirmed,,Fixed,,Done,
20,Employer Sponsored,186-skill-requirements,https://www.nanakmigration.com.au/186-skill-requirements,Section 5 - Evidence Checklist (Identity & relationship to employer),Incorrect eligibility,Medium,Employer's current Standard Business Sponsorship approval evidence,Evidence that the employer's business is actively and lawfully operating in Australia,Standard Business Sponsorship is not a 186 nomination requirement.,https://immi.homeaffairs.gov.au/visas/getting-a-visa/visa-listing/employer-nomination-scheme-186/temporary-residence-transition-stream ; https://immi.homeaffairs.gov.au/visas/getting-a-visa/visa-listing/employer-nomination-scheme-186/direct-entry-stream,G2-032,Confirmed,,Fixed,,Done,
21,Employer Sponsored,186-skill-requirements,https://www.nanakmigration.com.au/186-skill-requirements,Hero / 'current as at' stamp (also update the matching 'Information current as at' line in the footer disclaimer),Other,Low,General information current as at July 2026.,General information current as at October 2026. Requirements are subject to change - verify with the Department of Home Affairs before lodging.,Page content corrected in October 2026 audit - currency stamp should match.,n/a (housekeeping),G2-033,Confirmed,,Fixed,,Done,
22,Employer Sponsored,191-visa,https://www.nanakmigration.com.au/191-visa,The Short Answer,Outdated threshold,High,"have met the income threshold (currently $53,900 per annum from 1 July 2025, indexed annually) for at least three of the past five years.",provide notices of assessment from the ATO for 3 income years while holding the eligible visa. There is no minimum income requirement.,"Home Affairs: 'There is no minimum income requirement'. The $53,900 figure is not a 191 criterion.",https://immi.homeaffairs.gov.au/visas/getting-a-visa/visa-listing/skilled-regional-191/regional-provisional,G2-041,Confirmed,,Check wording,Old text removed; new wording differs from the sheet - RMA to confirm it is accurate,Query with RMA,
23,Employer Sponsored,191-visa,https://www.nanakmigration.com.au/191-visa,Key facts - Income requirement,Outdated threshold,High,Your annual income must have met this threshold for at least 3 of the past 5 years. The threshold is indexed annually.,You must provide ATO notices of assessment for 3 income years out of the 5 years of your eligible visa. There is no minimum income requirement.,"No minimum income requirement for 191 (also remove the '$53,900 p.a.' tile heading).",https://immi.homeaffairs.gov.au/visas/getting-a-visa/visa-listing/skilled-regional-191/regional-provisional,G2-042,Confirmed,,Fixed,,Done,
24,Employer Sponsored,191-visa,https://www.nanakmigration.com.au/191-visa,Subclass 191 Eligibility Requirements - Income requirement met for three years,Outdated threshold,High,"Your taxable income must have met the income threshold (currently $53,900 p.a. from 1 July 2025, indexed annually) for at least three of the five years before you apply.",You must provide ATO notices of assessment for 3 income years out of the 5 years of your eligible visa. There is no minimum income requirement.,No minimum income requirement.,https://immi.homeaffairs.gov.au/visas/getting-a-visa/visa-listing/skilled-regional-191/regional-provisional,G2-043,Confirmed,,Fixed,,Done,
25,Employer Sponsored,191-visa,https://www.nanakmigration.com.au/191-visa,Meeting the Income Requirement,Outdated threshold,High,The income requirement must be met for at least three of the five years before you apply for the subclass 191. The Department will assess your taxable income,"You need ATO notices of assessment for at least 3 income years out of the 5 years of your eligible visa. There is no minimum income amount, but your lodged tax returns are key evidence",No minimum income requirement.,https://immi.homeaffairs.gov.au/visas/getting-a-visa/visa-listing/skilled-regional-191/regional-provisional,G2-044,Confirmed,,Fixed,,Done,
26,Employer Sponsored,191-visa,https://www.nanakmigration.com.au/191-visa,Meeting the Income Requirement - Income threshold is indexed annually,Outdated threshold,High,"The figure of $53,900 applies from 1 July 2025 and may be updated.",There is no minimum income figure for the 191 - Home Affairs requires ATO notices of assessment for 3 income years.,No minimum income requirement.,https://immi.homeaffairs.gov.au/visas/getting-a-visa/visa-listing/skilled-regional-191/regional-provisional,G2-045,Confirmed,,Fixed,Reworded - key figures confirmed on page,Done,
27,Employer Sponsored,191-visa,https://www.nanakmigration.com.au/191-visa,Subclass 191 Application Fees,Outdated fee,High,"Approximately $4,640",AUD630 (primary applicant); AUD315 for each secondary applicant aged 18 or over; AUD160 for each secondary applicant under 18,"191 Regional Provisional stream VAC from 1 July 2026: AUD630 / AUD315 / AUD160 (the page also wrongly shows approx. $2,320 and $1,155 for dependants; it contradicts the page's own FAQ).",https://immi.homeaffairs.gov.au/visas/getting-a-visa/fees-and-charges/current-visa-pricing,G2-047,Confirmed,,Check wording,Old text removed; new wording differs from the sheet - RMA to confirm it is accurate,Query with RMA,
28,Employer Sponsored,191-visa,https://www.nanakmigration.com.au/191-visa,Hero intro,Incorrect eligibility,Medium,"who have lived, worked, and met income requirements in a designated regional area of Australia for at least three years.","who have held that visa for at least 3 years, complied with its conditions and can provide ATO notices of assessment for 3 income years.",Home Affairs: hold an eligible visa for at least 3 years; ATO notices of assessment for 3 income years; no minimum income requirement; complied with visa conditions.,https://immi.homeaffairs.gov.au/visas/getting-a-visa/visa-listing/skilled-regional-191/regional-provisional,G2-040,Confirmed,,Fixed,Reworded - key figures confirmed on page,Done,
29,Employer Sponsored,191-visa,https://www.nanakmigration.com.au/191-visa,Subclass 191 Eligibility Requirements - No Australian criminal convictions,Incorrect eligibility,Medium,You must not have been convicted of a criminal offence in Australia during the qualifying period.,"You and your family members (including family members not coming with you) must meet the character requirement. A criminal conviction, in Australia or overseas, does not automatically mean your application will be refused, but it must be declared and will be considered - get advice before lodging.","The 191 criteria are holding an eligible visa for 3 years, ATO notices of assessment, condition compliance, and standard health and character requirements; there is no stand-alone 'no convictions' criterion.",https://immi.homeaffairs.gov.au/visas/getting-a-visa/visa-listing/skilled-regional-191/regional-provisional,G2-046,LEGEND-checked,"Approve with amendment - Migration Regulations 1994 Sch 2 cl 191.211(1) (primary applicant satisfies PIC 4001, 4002, 4003 etc.), cl 191.211(3)-(6) (family unit applicants) and cl 191.211(9) (non-applicant family unit members satisfy PIC 4001); Regional Provisional stream criteria cl 191.221-191.222 contain no stand-alone 'no convictions' criterion - LEGEND stack 02-10-2026.",Check wording,Old text removed; new wording differs from the sheet - RMA to confirm it is accurate,Query with RMA,
30,Employer Sponsored,191-visa,https://www.nanakmigration.com.au/191-visa,FAQ - How long does the 191 visa take?,Outdated law/terminology,Medium,"Under Ministerial Direction 119, onshore applicants are processed ahead of offshore applicants.","Under Ministerial Direction 122 (from 19 September 2026), applications in priority sectors are processed first, followed by applicants who were in Australia when they applied.",MD 122 replaced MD 119 on 19 September 2026 and covers the 191.,https://immi.homeaffairs.gov.au/visas/getting-a-visa/visa-processing-times/visa-processing-priorities/skilled-visa,G2-048,Confirmed,,Schema not updated,"Old wording removed from the visible page, but it is still in the FAQ schema / page code that Google reads",To do,
31,Employer Sponsored,191-visa,https://www.nanakmigration.com.au/191-visa,Hero / 'current as at' stamp (also update the matching 'Information current as at' line in the footer disclaimer),Other,Low,General information current as at August 2026.,General information current as at October 2026. Requirements are subject to change - verify with the Department of Home Affairs before lodging.,Page content corrected in October 2026 audit - currency stamp should match.,n/a (housekeeping),G2-049,Confirmed,,Fixed,,Done,
32,Employer Sponsored,482-core-skills-stream,https://www.nanakmigration.com.au/482-core-skills-stream,The Short Answer,Outdated threshold,High,"Core Skills Income Threshold (CSIT) of $79,499 per annum from 1 July 2026","Core Skills Income Threshold (CSIT) of $79,423 per annum from 1 July 2026","CSIT is AUD79,423 for nominations lodged 1 July 2026 to 30 June 2027 (the page itself shows $79,423 elsewhere).",https://immi.homeaffairs.gov.au/visas/employing-and-sponsoring-someone/sponsoring-workers/nominating-a-position/salary-requirements,G1-023,Confirmed,,Fixed,,Done,
33,Employer Sponsored,482-core-skills-stream,https://www.nanakmigration.com.au/482-core-skills-stream,Eligibility Criteria - Core Skills Income Threshold (CSIT),Outdated threshold,High,"The nominee's annual earnings must meet or exceed the CSIT ($79,499 from 1 July 2026)","The nominee's annual earnings must meet or exceed the CSIT ($79,423 from 1 July 2026)","CSIT is AUD79,423 from 1 July 2026.",https://immi.homeaffairs.gov.au/visas/employing-and-sponsoring-someone/sponsoring-workers/nominating-a-position/salary-requirements,G1-024,Confirmed,,Fixed,,Done,
34,Employer Sponsored,482-core-skills-stream,https://www.nanakmigration.com.au/482-core-skills-stream,Eligibility Criteria - English language,Incorrect eligibility,High,"Competent English is required (typically IELTS 6 or equivalent in each band, or PTE Academic 50 in each communicative skill).","For tests taken from 13 September 2025, you need at least IELTS 5.0 in each component, or the equivalent in another approved test (for PTE Academic: Listening 33, Reading 36, Writing 29, Speaking 24).","482 Core Skills English is IELTS 5.0 each (PTE L33/R36/W29/S24), not Competent English.",https://immi.homeaffairs.gov.au/visas/getting-a-visa/visa-listing/skills-in-demand-visa-subclass-482/sufficient-english,G1-025,Confirmed,,Fixed,,Done,
35,Employer Sponsored,482-core-skills-stream,https://www.nanakmigration.com.au/482-core-skills-stream,Related Pages - 482 Specialist Skills Stream card,Incorrect eligibility,High,Exempt from Labour Market Testing - for high-earning roles across most occupations.,"For high-earning roles across most occupations, with faster processing priority.",The Specialist Skills stream is not exempt from labour market testing.,https://immi.homeaffairs.gov.au/visas/employing-and-sponsoring-someone/sponsoring-workers/nominating-a-position/labour-market-testing,G1-031,Confirmed,,Partly fixed,New text added but the old text is still on the page (both versions showing),To do,
36,Employer Sponsored,482-core-skills-stream,https://www.nanakmigration.com.au/482-core-skills-stream,Eligibility Criteria - Labour Market Testing,Outdated law/terminology,Medium,advertising the role on Workforce Australia and at least one other national platform for a minimum of 28 days within the four months before nomination lodgement.,"advertising the role at least twice on national recruitment platforms (for example, a national job board or LinkedIn) for at least 4 weeks within the 4 months before nomination lodgement.",Since 11 December 2023 advertising on Workforce Australia is no longer required; 2 valid advertisements are needed.,https://immi.homeaffairs.gov.au/visas/employing-and-sponsoring-someone/sponsoring-workers/nominating-a-position/labour-market-testing,G1-026,Confirmed,,Fixed,,Done,
37,Employer Sponsored,482-core-skills-stream,https://www.nanakmigration.com.au/482-core-skills-stream,Application Process - 02 Employer completes Labour Market Testing,Outdated law/terminology,Medium,"Before lodging the nomination, the employer must advertise the role on Workforce Australia plus at least one other national platform for at least 28 consecutive days.","Before lodging the nomination, the employer must place at least 2 advertisements on national recruitment platforms that run for at least 4 weeks, within the 4 months before lodgement.","Workforce Australia advertising not required since 11 December 2023; 2 advertisements, 4 weeks, within 4 months.",https://immi.homeaffairs.gov.au/visas/employing-and-sponsoring-someone/sponsoring-workers/nominating-a-position/labour-market-testing,G1-027,Confirmed,,Fixed,,Done,
38,Employer Sponsored,482-core-skills-stream,https://www.nanakmigration.com.au/482-core-skills-stream,Core Skills Stream Fees - Visa Application Charge,Outdated fee,Medium,"$3,115 approximate - check current VAC on DoHA website","$4,015 (from 1 July 2026). Each dependant 18 or over: $4,015. Each dependant under 18: $1,005.","482 VAC from 1 July 2026 is AUD4,015 main applicant and each dependant 18+, AUD1,005 under 18.",https://immi.homeaffairs.gov.au/visas/getting-a-visa/visa-listing/skills-in-demand-visa-subclass-482/core-skills-stream,G1-028,Confirmed,,Partly fixed,"Old text removed, but the corrected figure(s) are not on the page: 1,005",To do,
39,Employer Sponsored,482-core-skills-stream,https://www.nanakmigration.com.au/482-core-skills-stream,Overview stat card - PR pathway,Incorrect eligibility,Medium,"After holding a Core Skills 482 for two years with the same employer in the same occupation, holders are generally eligible for the 186 Employer Nomination Scheme.","After 2 years of full-time sponsored employment on a 482 in the 3 years before applying, holders may be eligible for the 186 TRT stream if nominated by their current sponsor.",TRT counts sponsored employment with previous sponsors and in any occupation approved on a 457/482 in the 3-year window; the nominator must be the last sponsor.,https://immi.homeaffairs.gov.au/visas/getting-a-visa/visa-listing/employer-nomination-scheme-186/temporary-residence-transition-stream,G1-029,Confirmed,,Fixed,,Done,
40,Employer Sponsored,482-core-skills-stream,https://www.nanakmigration.com.au/482-core-skills-stream,FAQ - Do I need to keep earning above the CSIT after my Core Skills 482 visa is granted?,Other,Medium,"The CSIT and market salary rate are ongoing sponsorship obligations, not a one-off check at nomination.","The CSIT is checked when the nomination is lodged. After grant, your employer's ongoing obligation is to pay you at least the annual earnings stated in the approved nomination and to give you terms and conditions no less favourable than an equivalent Australian worker.","The sponsor obligation is equivalent terms and conditions, including annual earnings at least those in the approved nomination; CSIT itself is a nomination criterion (later indexation does not apply to existing nominations).",https://immi.homeaffairs.gov.au/visas/employing-and-sponsoring-someone/existing-sponsors/standard-business-accredited-obligations ; https://immi.homeaffairs.gov.au/visas/employing-and-sponsoring-someone/sponsoring-workers/nominating-a-position/salary-requirements,G1-030,Confirmed,,Schema not updated,"Old wording removed from the visible page, but it is still in the FAQ schema / page code that Google reads",To do,
41,Employer Sponsored,482-core-skills-stream,https://www.nanakmigration.com.au/482-core-skills-stream,Hero / footer currency stamp,Other,Low,General information current as at August 2026.,General information current as at October 2026.,"Page corrected in October 2026; also update 'Figures current at August 2026', 'Information current as at August 2026.' and 'Last reviewed: July 2026'.",https://immi.homeaffairs.gov.au/visas/employing-and-sponsoring-someone/sponsoring-workers/nominating-a-position/salary-requirements,G1-032,Confirmed,,Fixed,,Done,
42,Employer Sponsored,482-specialist-skills-stream,https://www.nanakmigration.com.au/482-specialist-skills-stream,The Short Answer,Outdated threshold,High,"Specialist Skills Income Threshold (SSIT) of $146,717 per annum from 1 July 2026","Specialist Skills Income Threshold (SSIT) of $146,576 per annum from 1 July 2026","SSIT is AUD146,576 for nominations lodged 1 July 2026 to 30 June 2027 (the FAQ and schema already say $146,576).",https://immi.homeaffairs.gov.au/visas/employing-and-sponsoring-someone/sponsoring-workers/nominating-a-position/salary-requirements,G1-033,Confirmed,,Fixed,,Done,
43,Employer Sponsored,482-specialist-skills-stream,https://www.nanakmigration.com.au/482-specialist-skills-stream,Overview stat card - SSIT,Outdated threshold,High,"$146,717 p.a.","$146,576 p.a.","SSIT is AUD146,576 from 1 July 2026.",https://immi.homeaffairs.gov.au/visas/employing-and-sponsoring-someone/sponsoring-workers/nominating-a-position/salary-requirements,G1-034,Confirmed,,Schema not updated,"Visible text corrected, but the old text is still in the page FAQ schema / page code that Google reads",To do,
44,Employer Sponsored,482-specialist-skills-stream,https://www.nanakmigration.com.au/482-specialist-skills-stream,Eligibility Criteria - Specialist Skills Income Threshold (SSIT),Outdated threshold,High,"The nominee's annual earnings must meet or exceed the SSIT - $146,717 per annum from 1 July 2026.","The nominee's annual earnings must meet or exceed the SSIT - $146,576 per annum from 1 July 2026.","SSIT is AUD146,576 from 1 July 2026.",https://immi.homeaffairs.gov.au/visas/employing-and-sponsoring-someone/sponsoring-workers/nominating-a-position/salary-requirements,G1-035,Confirmed,,Fixed,,Done,
45,Employer Sponsored,482-specialist-skills-stream,https://www.nanakmigration.com.au/482-specialist-skills-stream,Application Process - 01 Confirm salary meets SSIT,Outdated threshold,High,"will be at least $146,717 (SSIT from 1 July 2026)","will be at least $146,576 (SSIT from 1 July 2026)","SSIT is AUD146,576 from 1 July 2026.",https://immi.homeaffairs.gov.au/visas/employing-and-sponsoring-someone/sponsoring-workers/nominating-a-position/salary-requirements,G1-036,Confirmed,,Fixed,,Done,
46,Employer Sponsored,482-specialist-skills-stream,https://www.nanakmigration.com.au/482-specialist-skills-stream,Hero intro,Incorrect eligibility,High,It requires no Labour Market Testing and offers priority processing.,"Labour Market Testing still applies, and visa applications in this stream receive processing priority.",Home Affairs LMT requirements expressly cover the Specialist Skills stream; no instrument exempts it. Also change the hero badge 'Specialist Skills Stream · No Labour Market Testing'.,https://immi.homeaffairs.gov.au/visas/employing-and-sponsoring-someone/sponsoring-workers/nominating-a-position/labour-market-testing ; https://immi.homeaffairs.gov.au/visas/getting-a-visa/visa-processing-times/visa-processing-priorities/skilled-visa,G1-037,Confirmed,,Check wording,Old text removed; new wording differs from the sheet - RMA to confirm it is accurate,Query with RMA,
47,Employer Sponsored,482-specialist-skills-stream,https://www.nanakmigration.com.au/482-specialist-skills-stream,The Short Answer,Incorrect eligibility,High,Labour Market Testing is not required.,"Labour Market Testing is required, unless an exemption under Australia's international trade obligations applies.",LMT applies to Specialist Skills nominations; exemptions are limited to international trade obligations.,https://immi.homeaffairs.gov.au/visas/employing-and-sponsoring-someone/sponsoring-workers/nominating-a-position/labour-market-testing,G1-038,Confirmed,,Check wording,Old text removed; new wording differs from the sheet - RMA to confirm it is accurate,Query with RMA,
48,Employer Sponsored,482-specialist-skills-stream,https://www.nanakmigration.com.au/482-specialist-skills-stream,Overview stat card - No LMT required,Incorrect eligibility,High,The Specialist Skills stream is exempt from Labour Market Testing. No advertising is required before nominating.,"Labour Market Testing applies. The role must be advertised at least twice for 4 weeks within the 4 months before nominating, unless a trade-obligation exemption applies.",Specialist Skills is not LMT-exempt. Card heading 'No LMT required' / 'Labour Market Testing exempt' must also change.,https://immi.homeaffairs.gov.au/visas/employing-and-sponsoring-someone/sponsoring-workers/nominating-a-position/labour-market-testing,G1-039,Confirmed,,Fixed,Reworded - key figures confirmed on page,Done,
49,Employer Sponsored,482-specialist-skills-stream,https://www.nanakmigration.com.au/482-specialist-skills-stream,Eligibility Criteria - Approved sponsor,Incorrect eligibility,High,"There is no LMT obligation, but the employer must still be an approved sponsor before lodging a nomination.","The employer must also complete Labour Market Testing before lodging the nomination, unless an exemption applies.",LMT applies to Specialist Skills nominations.,https://immi.homeaffairs.gov.au/visas/employing-and-sponsoring-someone/sponsoring-workers/nominating-a-position/labour-market-testing,G1-040,Confirmed,,Check wording,Old text removed; new wording differs from the sheet - RMA to confirm it is accurate,Query with RMA,
50,Employer Sponsored,482-specialist-skills-stream,https://www.nanakmigration.com.au/482-specialist-skills-stream,Application Process - 02 Employer confirms or obtains SBS,Incorrect eligibility,High,No Labour Market Testing is required for the Specialist Skills stream - the employer can proceed directly to nomination.,"The employer must then complete Labour Market Testing (2 advertisements, at least 4 weeks, within the 4 months before lodgement) unless an exemption applies.",LMT applies to Specialist Skills nominations.,https://immi.homeaffairs.gov.au/visas/employing-and-sponsoring-someone/sponsoring-workers/nominating-a-position/labour-market-testing,G1-041,Confirmed,,Fixed,Reworded - key figures confirmed on page,Done,
51,Employer Sponsored,482-specialist-skills-stream,https://www.nanakmigration.com.au/482-specialist-skills-stream,Eligibility Criteria - English language,Incorrect eligibility,High,Competent English is generally required (IELTS 6 or equivalent). High-income earners may qualify for an English exemption in some circumstances - confirm current rules with a migration agent.,"For tests taken from 13 September 2025, you need at least IELTS 5.0 in each component or equivalent. Exemptions apply to some passport holders, applicants with 5 years of English-medium study, and employees of an overseas business nominated by that business who will earn at least AUD96,400.","Specialist Skills uses the same IELTS 5.0-each standard as Core Skills; the salary-linked exemption is only for overseas-business employees earning AUD96,400+.",https://immi.homeaffairs.gov.au/visas/getting-a-visa/visa-listing/skills-in-demand-visa-subclass-482/sufficient-english,G1-043,Confirmed,,Not fixed,Old text still visible on the live page,To do,
52,Employer Sponsored,482-specialist-skills-stream,https://www.nanakmigration.com.au/482-specialist-skills-stream,Service schema (JSON-LD description),Incorrect eligibility,Medium,and is exempt from Labour Market Testing.,"and has no occupation list, but trades, machinery operator and labourer occupations are excluded.",Specialist Skills is not exempt from LMT.,https://immi.homeaffairs.gov.au/visas/employing-and-sponsoring-someone/sponsoring-workers/nominating-a-position/labour-market-testing,G1-042,Confirmed,,Schema not updated,"Old wording removed from the visible page, but it is still in the FAQ schema / page code that Google reads",To do,
53,Employer Sponsored,482-specialist-skills-stream,https://www.nanakmigration.com.au/482-specialist-skills-stream,Specialist Skills Stream Fees - Visa Application Charge,Outdated fee,Medium,"$3,115 approximate - check current VAC on DoHA website","$4,015 (from 1 July 2026). Each dependant 18 or over: $4,015. Each dependant under 18: $1,005.","482 VAC from 1 July 2026 is AUD4,015 main applicant and each dependant 18+, AUD1,005 under 18 (same across streams).",https://immi.homeaffairs.gov.au/visas/getting-a-visa/visa-listing/skills-in-demand-visa-subclass-482/core-skills-stream,G1-044,Confirmed,,Partly fixed,"Old text removed, but the corrected figure(s) are not on the page: 1,005",To do,
54,Employer Sponsored,482-specialist-skills-stream,https://www.nanakmigration.com.au/482-specialist-skills-stream,Hero / footer currency stamp,Other,Low,General information current as at August 2026.,General information current as at October 2026.,"Page corrected in October 2026; also update 'Figures current at August 2026', 'Information current as at August 2026.' and 'Last reviewed: July 2026'.",https://immi.homeaffairs.gov.au/visas/employing-and-sponsoring-someone/sponsoring-workers/nominating-a-position/salary-requirements,G1-045,Confirmed,,Fixed,,Done,
55,Employer Sponsored,482-to-pr-pathway,https://www.nanakmigration.com.au/482-to-pr-pathway,Hero intro,Incorrect eligibility,High,after completing at least two years of full-time employment with the same employer in the same nominated occupation.,"after completing at least 2 years of full-time sponsored employment on a 457 or 482 visa in the 3 years before applying, with a nomination from the employer who last sponsored them.",TRT counts eligible sponsored employment across sponsors and in any occupation approved on a 457/482 in the 3-year window; the nominator must be the last sponsor.,https://immi.homeaffairs.gov.au/visas/getting-a-visa/visa-listing/employer-nomination-scheme-186/temporary-residence-transition-stream,G1-046,Confirmed,,Fixed,,Done,
56,Employer Sponsored,482-to-pr-pathway,https://www.nanakmigration.com.au/482-to-pr-pathway,Section 1 - 01 Day zero,Incorrect eligibility,High,The qualifying work period for TRT generally begins from the date of 482 grant - not from when employment commenced.,"The qualifying work period counts full-time work in Australia for your sponsor while you hold a 457, 482 or eligible bridging visa - time on the visa when you are not working does not count.","Eligible sponsored employment is counted from when sponsored work is performed while holding the visa, not from grant (the page's own FAQ says this).",https://immi.homeaffairs.gov.au/visas/getting-a-visa/visa-listing/employer-nomination-scheme-186/temporary-residence-transition-stream,G1-048,Confirmed,,Not fixed,Old text still visible on the live page,To do,
57,Employer Sponsored,482-to-pr-pathway,https://www.nanakmigration.com.au/482-to-pr-pathway,Section 3 - Core Skills stream,Incorrect eligibility,High,The occupation must be on the Core Skills Occupation List (CSOL) at the time of the 186 nomination - it is not sufficient that it was on the list at the time the 482 was granted.,"The TRT stream has no occupation list. Your occupation is based on the occupation from your most recently held 457 or 482 visa, so it does not need to still be on the CSOL.",Home Affairs: TRT streams in 186/187 do not have an occupation list (the page's own FAQ says the same).,https://immi.homeaffairs.gov.au/visas/working-in-australia/skill-occupation-list,G1-050,Confirmed,,Not fixed,Old text still visible on the live page,To do,
58,Employer Sponsored,482-to-pr-pathway,https://www.nanakmigration.com.au/482-to-pr-pathway,Section 3 - Core Skills stream callout,Incorrect eligibility,High,"Verify the occupation remains on the CSOL at the time of the 186 nomination, not only at 482 grant.",TRT has no occupation list - check that your duties match the occupation on your most recent 482 visa.,TRT has no occupation list.,https://immi.homeaffairs.gov.au/visas/working-in-australia/skill-occupation-list,G1-051,Confirmed,,Fixed,,Done,
59,Employer Sponsored,482-to-pr-pathway,https://www.nanakmigration.com.au/482-to-pr-pathway,Section 3 - Specialist Skills stream,Incorrect eligibility,High,The nominated occupation for the 186 must generally be on a relevant list unless covered by a Labour Agreement.,Specialist Skills holders use the same TRT pathway as other 482 holders. The TRT stream has no occupation list - eligibility is based on the occupation on your most recent 482 visa.,TRT is open to 482 holders in any stream and has no occupation list.,https://immi.homeaffairs.gov.au/visas/working-in-australia/skill-occupation-list ; https://immi.homeaffairs.gov.au/visas/getting-a-visa/visa-listing/employer-nomination-scheme-186/temporary-residence-transition-stream,G1-052,Confirmed,,Fixed,,Done,
60,Employer Sponsored,482-to-pr-pathway,https://www.nanakmigration.com.au/482-to-pr-pathway,Section 4 - Changing employer,Incorrect eligibility,High,If you change employers - even to a related entity - the qualifying period generally resets.,"If you change employers, your earlier sponsored employment can still count towards the 2 years, as long as it falls within the 3 years before you apply. The 186 nomination must come from your current (last) sponsor.","Home Affairs: if you changed employers in the 3 years before applying, sponsored employment with them counts (from the date an approved nomination was lodged if you started before approval); the clock does not reset.",https://immi.homeaffairs.gov.au/visas/getting-a-visa/visa-listing/employer-nomination-scheme-186/temporary-residence-transition-stream,G1-053,Confirmed,,Not fixed,Old text still visible on the live page,To do,
61,Employer Sponsored,482-to-pr-pathway,https://www.nanakmigration.com.au/482-to-pr-pathway,"Section 2 - TRT vs Direct Entry table, Employer continuity row",Incorrect eligibility,High,Must be the same employer who held the 482 sponsorship; changing employer resets the clock,Must be nominated by your current (last) sponsor; earlier sponsored employment with other employers in the 3-year window can count,Changing employer does not reset the TRT clock.,https://immi.homeaffairs.gov.au/visas/getting-a-visa/visa-listing/employer-nomination-scheme-186/temporary-residence-transition-stream,G1-054,Confirmed,,Fixed,,Done,
62,Employer Sponsored,482-to-pr-pathway,https://www.nanakmigration.com.au/482-to-pr-pathway,Key facts - Generally 2 years card,Incorrect eligibility,Medium,With the same employer in the same occupation on a qualifying 482 visa.,"Full-time sponsored employment on a 457 or 482 visa, totalling 2 years in the 3 years before you apply.",The 2 years need not be with one employer.,https://immi.homeaffairs.gov.au/visas/getting-a-visa/visa-listing/employer-nomination-scheme-186/temporary-residence-transition-stream,G1-047,Confirmed,,Fixed,,Done,
63,Employer Sponsored,482-to-pr-pathway,https://www.nanakmigration.com.au/482-to-pr-pathway,Section 1 - 03 Employer lodges 186 nomination,Incorrect eligibility,Medium,The nominating employer must hold or renew Standard Business Sponsorship approval for subclass 186.,The nominating employer must be an Australian business that is actively and lawfully operating in Australia. Standard Business Sponsorship is not required for a 186 nomination.,SBS covers 482 and 494 only; 186 nominators need an actively and lawfully operating Australian business.,https://immi.homeaffairs.gov.au/visas/getting-a-visa/visa-listing/employer-nomination-scheme-186/temporary-residence-transition-stream ; https://immi.homeaffairs.gov.au/visas/employing-and-sponsoring-someone/sponsoring-workers/becoming-a-sponsor,G1-049,Confirmed,,Fixed,,Done,
64,Employer Sponsored,482-to-pr-pathway,https://www.nanakmigration.com.au/482-to-pr-pathway,"Section 2 - TRT vs Direct Entry table, Who generally uses it / Work experience rows",Incorrect eligibility,Medium,At least 2 years full-time with the nominating employer on a qualifying 482 visa,At least 2 years full-time sponsored employment on a 457 or 482 visa in the 3 years before applying,The 2 years need not be with the nominating employer. Also fix the 'Who generally uses it' cell ('...with the same nominating employer in the same occupation').,https://immi.homeaffairs.gov.au/visas/getting-a-visa/visa-listing/employer-nomination-scheme-186/temporary-residence-transition-stream,G1-055,Confirmed,,Fixed,,Done,
65,Employer Sponsored,482-to-pr-pathway,https://www.nanakmigration.com.au/482-to-pr-pathway,Section 4 - Gaps in employment,Incorrect eligibility,Medium,The qualifying work period generally requires continuous full-time employment.,"The qualifying work period is a total of 2 years of full-time sponsored employment within the 3 years before you apply, so it does not need to be continuous.","Requirement is 'a total of 2 years in the 3 years prior', not continuous.",https://immi.homeaffairs.gov.au/visas/getting-a-visa/visa-listing/employer-nomination-scheme-186/temporary-residence-transition-stream,G1-056,Confirmed,,Fixed,,Done,
66,Employer Sponsored,482-to-pr-pathway,https://www.nanakmigration.com.au/482-to-pr-pathway,Section 6 - Former TSS (482) visa holders,Incorrect eligibility,Medium,"TSS holders whose visas were granted in the short-term stream should seek specific advice, as not all short-term stream TSS holders have a TRT pathway to 186 permanent residence.","Holders of a TSS visa in any stream, including the short-term stream, can use the TRT pathway if they meet the standard TRT requirements.",Home Affairs: you must hold a subclass 482 visa (any stream) or 457 (any stream).,https://immi.homeaffairs.gov.au/visas/getting-a-visa/visa-listing/employer-nomination-scheme-186/temporary-residence-transition-stream,G1-057,Confirmed,,Fixed,,Done,
67,Employer Sponsored,482-to-pr-pathway,https://www.nanakmigration.com.au/482-to-pr-pathway,Service schema (JSON-LD description),Incorrect eligibility,Low,Generally requires 2 years with the same employer.,Generally requires 2 years of full-time sponsored employment in the 3 years before applying.,Same-employer requirement does not apply to the 2 years.,https://immi.homeaffairs.gov.au/visas/getting-a-visa/visa-listing/employer-nomination-scheme-186/temporary-residence-transition-stream,G1-058,Confirmed,,Schema not updated,"Visible text corrected, but the old text is still in the page FAQ schema / page code that Google reads",To do,
68,Employer Sponsored,482-to-pr-pathway,https://www.nanakmigration.com.au/482-to-pr-pathway,Hero / footer currency stamp,Other,Low,General information current as at July 2026.,General information current as at October 2026.,"Page corrected in October 2026; also update 'Current as at July 2026.', 'Information current as at July 2026.' and 'Last reviewed: July 2026'.",https://immi.homeaffairs.gov.au/visas/getting-a-visa/visa-listing/employer-nomination-scheme-186/temporary-residence-transition-stream,G1-059,Confirmed,,Fixed,,Done,
69,Employer Sponsored,494-visa,https://www.nanakmigration.com.au/494-visa,FAQ - How long does a 494 visa take?,Outdated law/terminology,Medium,"Processing is prioritised by occupation and by whether you were in Australia when you applied, under Ministerial Direction 119.","Processing is prioritised under Ministerial Direction 122 (from 19 September 2026): applications in the construction, healthcare, teaching, agriculture, aquaculture, fishing and resources sectors come first, then applicants who were in Australia when they applied.",MD 121 and MD 122 replaced MD 119 on 19 September 2026; MD 122 covers the 494.,https://immi.homeaffairs.gov.au/visas/getting-a-visa/visa-processing-times/visa-processing-priorities/skilled-visa,G2-034,Confirmed,,Schema not updated,"Old wording removed from the visible page, but it is still in the FAQ schema / page code that Google reads",To do,
70,Employer Sponsored,494-visa,https://www.nanakmigration.com.au/494-visa,Eligibility Requirements - CSIT / TSMIT compliance,Outdated law/terminology,Low,"Salary must meet the Core Skills Income Threshold ($79,423 p.a. from 1 July 2026) and the annual market salary rate.","Salary must meet the Temporary Skilled Migration Income Threshold (TSMIT - AUD79,423 a year for nominations lodged from 1 July 2026) and the annual market salary rate.","The 494 uses the TSMIT (AUD79,423 from 1 July 2026); the CSIT applies to the 482 Core Skills stream and 186.",https://immi.homeaffairs.gov.au/news-media/archive/article?itemId=1416,G2-035,Confirmed,,Not fixed,Old text still visible on the live page,To do,
71,Employer Sponsored,494-visa,https://www.nanakmigration.com.au/494-visa,Eligibility Requirements - Eligible Occupation,Outdated law/terminology,Low,Your occupation must appear on the MLTSSL or STSOL plus the regional occupation list.,"Your occupation must be on the MLTSSL, the STSOL or the Regional Occupation List (ROL).","494 Employer Sponsored stream occupations are drawn from the MLTSSL, STSOL and ROL (ANZSCO 2013).",https://immi.homeaffairs.gov.au/visas/working-in-australia/skill-occupation-list ; https://immi.homeaffairs.gov.au/visas/getting-a-visa/visa-listing/skilled-employer-sponsored-regional-494/employer-sponsored-stream,G2-036,Confirmed,,Fixed,,Done,
72,Employer Sponsored,494-visa,https://www.nanakmigration.com.au/494-visa,Eligibility Requirements - Age Under 45,Other,Low,You must be under 45 years of age at the time of invitation or application.,"You must be under 45 when you apply, unless an exemption applies.",The 494 has no invitation stage; age is tested at application.,https://immi.homeaffairs.gov.au/visas/getting-a-visa/visa-listing/skilled-employer-sponsored-regional-494/employer-sponsored-stream,G2-037,Confirmed,,Fixed,,Done,
73,Employer Sponsored,494-visa,https://www.nanakmigration.com.au/494-visa,Frequently Asked Questions (on-page list),Outdated law/terminology,Low,How is the 494 different from the 482 TSS visa?,How is the 494 different from the 482 Skills in Demand visa?,The TSS was replaced by the Skills in Demand visa on 7 December 2024.,https://immi.homeaffairs.gov.au/visas/getting-a-visa/visa-listing/skills-in-demand-visa-subclass-482/core-skills-stream,G2-038,Confirmed,,Fixed,,Done,
74,Employer Sponsored,494-visa,https://www.nanakmigration.com.au/494-visa,Site footer (appears on every page),Other,Low,Content current as at July 2026.,Content current as at October 2026.,Site-wide footer stamp should reflect the October 2026 review.,n/a (housekeeping),G2-039,Confirmed,,Fixed,,Done,
75,Employer Sponsored,change-of-employer,https://www.nanakmigration.com.au/change-of-employer,The Short Answer,Outdated law/terminology,High,"If your employment has already ended, you generally have up to 60 days before departure is required.","If your employment has already ended, you have up to 180 days in a single period (and 365 days in total over the visa) to find a new sponsor or arrange to leave Australia.","Condition 8607 periods are 180 days per period / 365 in total from 1 July 2024. Every '60 days'/'60-day' reference on this page (stat card, eligibility, process step 4, risks, FAQ, meta description) needs the same fix.",https://immi.homeaffairs.gov.au/visas/already-have-a-visa/check-visa-details-and-conditions/see-your-visa-conditions?product=482-69 ; https://immi.homeaffairs.gov.au/visas/getting-a-visa/visa-listing/skills-in-demand-visa-subclass-482/core-skills-stream,G1-068,Confirmed,,Fixed,Reworded - key figures confirmed on page,Done,
76,Employer Sponsored,change-of-employer,https://www.nanakmigration.com.au/change-of-employer,Overview stat card - 60 days,Outdated law/terminology,High,You generally have up to 60 days to secure a new sponsor after your employment ceases.,You have up to 180 days in a single period (365 days in total) to secure a new sponsor after your employment ends.,180/365 days under condition 8607.,https://immi.homeaffairs.gov.au/visas/already-have-a-visa/check-visa-details-and-conditions/see-your-visa-conditions?product=482-69,G1-069,Confirmed,,Fixed,,Done,
77,Employer Sponsored,change-of-employer,https://www.nanakmigration.com.au/change-of-employer,Eligibility - You must be within the 60-day period,Outdated law/terminology,High,"If your employment with your previous sponsor has already ended, you have a 60-day period in which to find and be nominated by a new employer before departure from Australia is generally required.","If your employment with your previous sponsor has already ended, you have up to 180 days in a single period (365 days in total) to be nominated by a new employer or arrange to leave Australia.",180/365 days under condition 8607.,https://immi.homeaffairs.gov.au/visas/already-have-a-visa/check-visa-details-and-conditions/see-your-visa-conditions?product=482-69,G1-070,Confirmed,,Fixed,,Done,
78,Employer Sponsored,change-of-employer,https://www.nanakmigration.com.au/change-of-employer,Risks and Common Issues - 60-day rule,Outdated law/terminology,High,"The 60-day period is not a visa - it is an administrative grace period. If you remain in Australia beyond 60 days after employment ends without a new sponsor, you may accrue unlawful status.","The 180-day period is part of your visa condition 8607, not a separate visa. If you go beyond 180 days in a single period (or 365 days in total) without working for a sponsor, you breach your visa condition and your visa may be cancelled.",Exceeding the period is a breach of condition 8607 that can lead to cancellation; the holder does not automatically become unlawful while the visa is in effect.,https://immi.homeaffairs.gov.au/visas/already-have-a-visa/check-visa-details-and-conditions/see-your-visa-conditions?product=482-69,G1-071,Confirmed,,Fixed,Reworded - key figures confirmed on page,Done,
79,Employer Sponsored,change-of-employer,https://www.nanakmigration.com.au/change-of-employer,FAQ - Will changing employers affect my 186 PR application?,Incorrect eligibility,High,changing employers resets the clock. You would need to work with the new employer for 2 years (in most cases) before a 186 TRT application can be lodged.,"changing employers does not reset the clock. Full-time sponsored employment with your previous and new sponsors can count towards the 2 years, as long as it falls within the 3 years before you apply, and your new employer (as your last sponsor) must nominate you.",Home Affairs TRT: sponsored employment with a new employer counts from the date an approved nomination was lodged; the nominator must be the last sponsor.,https://immi.homeaffairs.gov.au/visas/getting-a-visa/visa-listing/employer-nomination-scheme-186/temporary-residence-transition-stream,G1-073,Confirmed,,Schema not updated,"Old wording removed from the visible page, but it is still in the FAQ schema / page code that Google reads",To do,
80,Employer Sponsored,change-of-employer,https://www.nanakmigration.com.au/change-of-employer,FAQ - What if I cannot find a new sponsor within 60 days?,Outdated law/terminology,Medium,"If you cannot find a new sponsor within the 60-day grace period, you may be required to depart Australia.","If you cannot find a new sponsor within 180 days (or you reach 365 days in total), you may need to leave Australia or apply for a different visa.",180/365 days. Also update the FAQ question heading and 'Do not wait until day 60'.,https://immi.homeaffairs.gov.au/visas/already-have-a-visa/check-visa-details-and-conditions/see-your-visa-conditions?product=482-69,G1-072,Confirmed,,Schema not updated,"Old wording removed from the visible page, but it is still in the FAQ schema / page code that Google reads",To do,
81,Employer Sponsored,change-of-employer,https://www.nanakmigration.com.au/change-of-employer,Risks and Common Issues - Gap in sponsorship,Wrong legal reference,Medium,Working without a valid nomination for your new employer is a breach of condition 8107.,Working for a new employer before their nomination is approved is a breach of condition 8607 (unless you are within a permitted 180-day period after your previous job ended).,"482 condition is 8607; replace all '8107' references on this page (stat card 'Condition 8107 continues', FAQ, related-page card).",https://immi.homeaffairs.gov.au/visas/already-have-a-visa/check-visa-details-and-conditions/see-your-visa-conditions?product=482-69,G1-074,Confirmed,,Fixed,Reworded - key figures confirmed on page,Done,
82,Employer Sponsored,change-of-employer,https://www.nanakmigration.com.au/change-of-employer,FAQ - Can I start working for my new employer straight away?,Wrong legal reference,Medium,Starting work before the nomination is approved may breach condition 8107.,Starting work before the nomination is approved may breach condition 8607.,Condition 8607: new employer must get a nomination approved before you start work for them.,https://immi.homeaffairs.gov.au/visas/already-have-a-visa/check-visa-details-and-conditions/see-your-visa-conditions?product=482-69,G1-075,Confirmed,,Schema not updated,"Visible text corrected, but the old text is still in the page FAQ schema / page code that Google reads",To do,
83,Employer Sponsored,change-of-employer,https://www.nanakmigration.com.au/change-of-employer,Eligibility - The role must meet occupation and salary requirements,Outdated law/terminology,Medium,must meet the Temporary Skilled Migration Income Threshold (TSMIT) or the applicable stream salary floor.,"must meet the annual market salary rate and the Core Skills Income Threshold ($79,423) or Specialist Skills Income Threshold ($146,576) for your stream.",482 nominations use CSIT/SSIT from 7 Dec 2024; TSMIT now applies only to 494/187. Same fix for the Process step 'Agree on role and salary'.,https://immi.homeaffairs.gov.au/visas/employing-and-sponsoring-someone/sponsoring-workers/nominating-a-position/salary-requirements,G1-076,Confirmed,,Fixed,,Done,
84,Employer Sponsored,change-of-employer,https://www.nanakmigration.com.au/change-of-employer,Hero / footer currency stamp,Other,Low,General information current as at August 2026.,General information current as at October 2026.,"Page corrected in October 2026; also update 'Figures current at August 2026', 'Information current as at August 2026.' and 'Last reviewed: July 2026'.",https://immi.homeaffairs.gov.au/visas/already-have-a-visa/check-visa-details-and-conditions/see-your-visa-conditions?product=482-69,G1-077,Confirmed,,Fixed,,Done,
85,Employer Sponsored,core-skills-occupation-list,https://www.nanakmigration.com.au/core-skills-occupation-list,Which visas use the CSOL? - Subclass 186 Direct Entry stream,Outdated law/terminology,High,Most 186 Direct Entry nominations require the occupation to appear on the CSOL or MLTSSL at the time of nomination.,186 Direct Entry nominations require the occupation to be on the CSOL.,Home Affairs: Direct Entry occupation must be on the CSOL.,https://immi.homeaffairs.gov.au/visas/getting-a-visa/visa-listing/employer-nomination-scheme-186/direct-entry-stream,G2-072,Confirmed,,Fixed,,Done,
86,Employer Sponsored,core-skills-occupation-list,https://www.nanakmigration.com.au/core-skills-occupation-list,Core Skills Occupation List sample table (five separate rows - search each title),Incorrect eligibility,High,ICT Support Engineer (NEC) / ICT Director / Education Advisor / Child Care Centre Manager / Facilities Manager,"Remove these rows - they are not on the CSOL. Replace the sample table with a link to the Home Affairs skilled occupation list, or rebuild it from that list.","Not on the CSOL: ICT Support Engineer (263212, STSOL), Education Adviser (249111, STSOL), Child Care Centre Manager (134111, MLTSSL), Facilities Manager (149913, STSOL). 'ICT Director 132111' is not an ANZSCO occupation (132111 is Corporate Services Manager).",https://immi.homeaffairs.gov.au/visas/working-in-australia/skill-occupation-list,G2-075,Confirmed,,Check wording,Old text removed; new wording differs from the sheet - RMA to confirm it is accurate,Query with RMA,
87,Employer Sponsored,core-skills-occupation-list,https://www.nanakmigration.com.au/core-skills-occupation-list,What Generally Happens if an Occupation Is Removed - Check whether your nomination has been decided,Incorrect eligibility,High,"If it has not yet been decided, the current list applies at the time of decision - seek advice immediately.",Home Affairs states that pending nomination and visa applications will not be adversely affected if an occupation is later removed from the list. Get advice if your circumstances change or a new nomination is needed.,Home Affairs: 'Pending nomination and/or visa applications will not be adversely impacted by the subsequent removal of any occupation'.,https://immi.homeaffairs.gov.au/visas/working-in-australia/skill-occupation-list,G2-077,Confirmed,,Not fixed,Old text still visible on the live page,To do,
88,Employer Sponsored,core-skills-occupation-list,https://www.nanakmigration.com.au/core-skills-occupation-list,What Generally Happens if an Occupation Is Removed - Review any existing visa conditions,Incorrect eligibility,High,"If you already hold a 482 in the occupation and a 186 nomination is pending, the 186 nomination generally needs to meet the list requirement at the time of decision.","If you hold a 482 and are using the 186 Temporary Residence Transition stream, there is no occupation list for that stream. A pending 186 application is not adversely affected by a later removal of the occupation.",TRT has no occupation list; pending applications are protected from later removals.,https://immi.homeaffairs.gov.au/visas/working-in-australia/skill-occupation-list,G2-078,Confirmed,,Fixed,,Done,
89,Employer Sponsored,core-skills-occupation-list,https://www.nanakmigration.com.au/core-skills-occupation-list,Which visas use the CSOL? - Subclass 494,Outdated law/terminology,Medium,Regional employer-sponsored nominations generally require the occupation to be on the CSOL or MLTSSL.,"The 494 does not use the CSOL. Its occupations come from the MLTSSL, STSOL and Regional Occupation List (ROL).",Home Affairs combined list: CSOL (ANZSCO 2022) applies to the 186 and 482 only; the 494 uses MLTSSL/STSOL/ROL (ANZSCO 2013).,https://immi.homeaffairs.gov.au/visas/working-in-australia/skill-occupation-list,G2-073,Confirmed,,Fixed,,Done,
90,Employer Sponsored,core-skills-occupation-list,https://www.nanakmigration.com.au/core-skills-occupation-list,FAQ - Which visas use the CSOL?,Outdated law/terminology,Medium,Occupations on the CSOL are generally also eligible for the subclass 186 Employer Nomination Scheme (Direct Entry stream) and the subclass 494 Skilled Employer Sponsored Regional (Provisional) visa.,"The CSOL is also the occupation list for the subclass 186 Direct Entry stream. The subclass 494 uses different lists (MLTSSL, STSOL and ROL), so check the 494 list separately.",CSOL applies to the 186 and 482 only.,https://immi.homeaffairs.gov.au/visas/working-in-australia/skill-occupation-list,G2-074,Confirmed,,Schema not updated,"Old wording removed from the visible page, but it is still in the FAQ schema / page code that Google reads",To do,
91,Employer Sponsored,core-skills-occupation-list,https://www.nanakmigration.com.au/core-skills-occupation-list,Core Skills Occupation List sample table - codes and assessing authorities,Other,Medium,Carpenter and Joiner,"Correct the codes: Carpenter and Joiner 331211; Bricklayer 331111; Welder (First Class) 322313; Electronic Instrument Trades Worker (General) 342314; Vocational Education Teacher 242211; Building Inspector 312113. Correct the assessing authorities: Vocational Education Teacher, Construction Project Manager, Project Builder and Building Inspector are all VETASSESS.",Codes and assessing authorities as shown on the Home Affairs combined list.,https://immi.homeaffairs.gov.au/visas/working-in-australia/skill-occupation-list,G2-076,Confirmed,,Not fixed,Old text still visible on the live page,To do,
92,Employer Sponsored,core-skills-occupation-list,https://www.nanakmigration.com.au/core-skills-occupation-list,FAQ - What happens to my visa if my occupation is removed from the CSOL?,Incorrect eligibility,Medium,"If you hold a 482 visa and are considering a 186 pathway, the occupation generally needs to be on the relevant list at the time the 186 nomination is lodged - not only at the time the 482 was granted.","If you hold a 482 and plan to use the 186 Temporary Residence Transition stream, there is no occupation list for that stream. For the Direct Entry stream, the occupation must be on the CSOL when the nomination is lodged.",TRT has no occupation list.,https://immi.homeaffairs.gov.au/visas/working-in-australia/skill-occupation-list,G2-079,Confirmed,,Schema not updated,"Old wording removed from the visible page, but it is still in the FAQ schema / page code that Google reads",To do,
93,Employer Sponsored,core-skills-occupation-list,https://www.nanakmigration.com.au/core-skills-occupation-list,Hero / 'current as at' stamp (also update the matching 'Information current as at' line in the footer disclaimer),Other,Low,General information current as at July 2026.,General information current as at October 2026. Requirements are subject to change - verify with the Department of Home Affairs before lodging.,Page content corrected in October 2026 audit - currency stamp should match.,n/a (housekeeping),G2-080,Confirmed,,Fixed,,Done,
94,Employer Sponsored,dama,https://www.nanakmigration.com.au/dama,DAMA Concessions Explained - Concession 1,Outdated threshold,High,"Temporary Skilled Migration Income Threshold (TSMIT - $79,499 p.a. from 1 July 2026)","Core Skills Income Threshold (CSIT - AUD79,423 a year for nominations lodged from 1 July 2026; the TSMIT, used for the 494, is the same amount)","From 1 July 2026 the CSIT and the TSMIT are both AUD79,423; AUD79,499 is not a published threshold. The 482 uses the CSIT.",https://immi.homeaffairs.gov.au/news-media/archive/article?itemId=1416,G2-050,Confirmed,,Fixed,Reworded - key figures confirmed on page,Done,
95,Employer Sponsored,dama,https://www.nanakmigration.com.au/dama,DAMA vs Standard 482 Sponsorship table - Salary requirement,Outdated threshold,High,"TSMIT ($79,499+ p.a. 2026)","CSIT (AUD79,423+ a year from 1 July 2026)","CSIT from 1 July 2026 is AUD79,423.",https://immi.homeaffairs.gov.au/news-media/archive/article?itemId=1416,G2-051,Confirmed,,Fixed,Reworded - key figures confirmed on page,Done,
96,Employer Sponsored,dama,https://www.nanakmigration.com.au/dama,DAMA Concessions Explained - Concession 2,Incorrect eligibility,High,The standard 482 visa has an effective age limit (skills assessment requirements can create a practical limit of around 45 for most occupations).,"The standard 482 has no age limit, but the 186 and 494 permanent and provisional pathways generally require applicants to be under 45.",The 482 Core Skills criteria contain no age requirement; under-45 applies to 186/494.,https://immi.homeaffairs.gov.au/visas/getting-a-visa/visa-listing/skills-in-demand-visa-subclass-482/core-skills-stream ; https://immi.homeaffairs.gov.au/visas/getting-a-visa/visa-listing/skilled-employer-sponsored-regional-494/employer-sponsored-stream ; https://immi.homeaffairs.gov.au/visas/getting-a-visa/visa-listing/employer-nomination-scheme-186/direct-entry-stream,G2-052,Confirmed,,Fixed,,Done,
97,Employer Sponsored,dama,https://www.nanakmigration.com.au/dama,Current DAMA Regions,Missing material update,High,The list below reflects known active DAMAs as at August 2026.,Home Affairs lists 13 DAMAs: Adelaide City Technology and Innovation Advancement (SA); East Kimberley (WA); Far North Queensland (QLD); Goulburn Valley (VIC); Great South Coast (VIC); Northern Territory; Orana (NSW); Pilbara (WA); South Australia Regional (SA); South West (WA); The Goldfields (WA); Townsville (QLD); and Western Australia. Check the Home Affairs DAMA page for the current list.,"13 DAMAs are in place; the page lists only 7 and omits Adelaide City Technology and Innovation Advancement, East Kimberley, Goulburn Valley, Great South Coast, South West WA and the Western Australia DAMA. Home Affairs also says it is supporting a transition to state and territory-led DAMAs.",https://immi.homeaffairs.gov.au/visas/employing-and-sponsoring-someone/labour-agreements/types-of-labour-agreements/designated-area-migration-agreements-(dama),G2-056,Confirmed,,Check wording,Old text removed; new wording differs from the sheet - RMA to confirm it is accurate,Query with RMA,
98,Employer Sponsored,dama,https://www.nanakmigration.com.au/dama,DAMA vs Standard 482 Sponsorship table - Maximum age,Incorrect eligibility,Medium,Practical limit ~45 via skills assessment,No age limit for the 482 (under 45 for the 186 and 494),No 482 age limit.,https://immi.homeaffairs.gov.au/visas/getting-a-visa/visa-listing/skills-in-demand-visa-subclass-482/core-skills-stream,G2-053,Confirmed,,Fixed,,Done,
99,Employer Sponsored,dama,https://www.nanakmigration.com.au/dama,DAMA Concessions Explained - Concession 3,Incorrect eligibility,Medium,"for example, IELTS 4.5 overall instead of 5.0, or Vocational English instead of Competent English","for example, a lower test score than the standard 482 requirement of at least 5.0 in each IELTS component (or equivalent)","Standard 482 English (tests from 13 Sep 2025): IELTS 5.0 in each of listening, reading, writing and speaking - not an overall score, and not Competent English.",https://immi.homeaffairs.gov.au/visas/getting-a-visa/visa-listing/skills-in-demand-visa-subclass-482/sufficient-english,G2-054,Confirmed,,Fixed,,Done,
100,Employer Sponsored,dama,https://www.nanakmigration.com.au/dama,DAMA vs Standard 482 Sponsorship table - English requirement,Incorrect eligibility,Medium,Competent English (IELTS 6.0 equivalent),"IELTS 5.0 in each component (or equivalent), unless exempt","482 requires IELTS 5.0 in each component, not Competent English.",https://immi.homeaffairs.gov.au/visas/getting-a-visa/visa-listing/skills-in-demand-visa-subclass-482/sufficient-english,G2-055,Confirmed,,Fixed,,Done,
101,Employer Sponsored,dama,https://www.nanakmigration.com.au/dama,Current DAMA Regions - Far North Queensland,Other,Medium,Queensland Government (for the Far North Queensland region),Cairns Chamber of Commerce (DAR),DAR for the Far North Queensland DAMA is Cairns Chamber of Commerce.,https://immi.homeaffairs.gov.au/visas/employing-and-sponsoring-someone/labour-agreements/types-of-labour-agreements/designated-area-migration-agreements-(dama),G2-057,Confirmed,,Fixed,,Done,
102,Employer Sponsored,dama,https://www.nanakmigration.com.au/dama,Current DAMA Regions - Goldfields,Other,Medium,Goldfields-Esperance Development Commission (DAR),City of Kalgoorlie-Boulder (DAR),DAR for The Goldfields DAMA is City of Kalgoorlie Boulder.,https://immi.homeaffairs.gov.au/visas/employing-and-sponsoring-someone/labour-agreements/types-of-labour-agreements/designated-area-migration-agreements-(dama),G2-058,Confirmed,,Fixed,,Done,
103,Employer Sponsored,dama,https://www.nanakmigration.com.au/dama,Current DAMA Regions - Pilbara,Other,Medium,Pilbara Development Commission,RDA Pilbara (DAR),DAR for the Pilbara DAMA is RDA Pilbara.,https://immi.homeaffairs.gov.au/visas/employing-and-sponsoring-someone/labour-agreements/types-of-labour-agreements/designated-area-migration-agreements-(dama),G2-059,Confirmed,,Fixed,,Done,
104,Employer Sponsored,dama,https://www.nanakmigration.com.au/dama,Current DAMA Regions - Townsville,Other,Medium,Townsville City Council (DAR),Townsville Enterprise Limited (DAR),DAR for the Townsville DAMA is Townsville Enterprise Limited.,https://immi.homeaffairs.gov.au/visas/employing-and-sponsoring-someone/labour-agreements/types-of-labour-agreements/designated-area-migration-agreements-(dama),G2-060,Confirmed,,Fixed,,Done,
105,Employer Sponsored,dama,https://www.nanakmigration.com.au/dama,The Short Answer,Other,Low,(typically a 482 or 186 under the Labour Agreement stream),"(a 482, 494 or 186 under the Labour Agreement stream)","Individual DAMA labour agreements use the 482, 494 and 186.",https://immi.homeaffairs.gov.au/visas/employing-and-sponsoring-someone/labour-agreements/types-of-labour-agreements/designated-area-migration-agreements-(dama),G2-061,Confirmed,,Fixed,,Done,
106,Employer Sponsored,dama,https://www.nanakmigration.com.au/dama,Hero / 'current as at' stamp (also update the matching 'Information current as at' line in the footer disclaimer),Other,Low,General information current as at August 2026.,General information current as at October 2026. Requirements are subject to change - verify with the Department of Home Affairs before lodging.,Page content corrected in October 2026 audit - currency stamp should match.,n/a (housekeeping),G2-062,Confirmed,,Fixed,,Done,
107,Employer Sponsored,employer-nomination-scheme,https://www.nanakmigration.com.au/employer-nomination-scheme,TRT eligibility checklist,Incorrect eligibility,High,With the same sponsoring employer throughout,Your current employer was the last to sponsor you on your 457 or 482 (earlier sponsored employment with other employers can count),"Sponsored employment with more than one employer counts; if you changed employers, employment counts from the date the new employer lodged an approved nomination. The nominating employer must be the last one to sponsor you.",https://immi.homeaffairs.gov.au/visas/getting-a-visa/visa-listing/employer-nomination-scheme-186/temporary-residence-transition-stream,G2-002,Confirmed,,Fixed,,Done,
108,Employer Sponsored,employer-nomination-scheme,https://www.nanakmigration.com.au/employer-nomination-scheme,Eligibility Requirements - 2 years on 482 (TRT),Incorrect eligibility,High,"For the TRT stream, you must have held a Core or Specialist subclass 482 visa for at least two years, working with the same employer in the same occupation.","For the TRT stream, you must usually have worked full time in eligible sponsored employment for at least 2 of the 3 years before you apply, while holding a subclass 457 or 482 visa (any stream). Sponsored employment with more than one employer can count, and your nominating employer must be the last employer to sponsor you.",Home Affairs: 2 years eligible sponsored employment in the 3 years prior; any 457/482 stream; multiple employers and approved occupations can count.,https://immi.homeaffairs.gov.au/visas/getting-a-visa/visa-listing/employer-nomination-scheme-186/temporary-residence-transition-stream,G2-005,Confirmed,,Fixed,,Done,
109,Employer Sponsored,employer-nomination-scheme,https://www.nanakmigration.com.au/employer-nomination-scheme,Eligibility Requirements - Employer nomination,Incorrect eligibility,High,Your employer must nominate the position via an active Standard Business Sponsorship (SBS). The nomination must be approved before or concurrently with your visa application.,"Your employer must nominate the position. The business must be actively and lawfully operating in Australia - it does not need to be an approved standard business sponsor for a 186 nomination. You must apply for the visa within 6 months of the nomination being approved, or lodge it while the nomination is being assessed.",186 nominators must be actively and lawfully operating in Australia; SBS is not required. Visa must be lodged within 6 months of nomination approval.,https://immi.homeaffairs.gov.au/visas/getting-a-visa/visa-listing/employer-nomination-scheme-186/temporary-residence-transition-stream ; https://immi.homeaffairs.gov.au/visas/getting-a-visa/visa-listing/employer-nomination-scheme-186/direct-entry-stream,G2-006,Confirmed,,Fixed,,Done,
110,Employer Sponsored,employer-nomination-scheme,https://www.nanakmigration.com.au/employer-nomination-scheme,Eligibility Requirements - Competent English,Incorrect eligibility,High,Minimum competent English (IELTS 6 overall or equivalent). Exemptions apply to citizens of certain English-speaking countries and those who studied in English.,"At least Competent English - for example IELTS 6 in each of the four test components, or an equivalent score in another approved test. Passport holders from the UK, USA, Canada, New Zealand and the Republic of Ireland meet this without a test. There is no English exemption in the TRT stream.",Competent English = 6 in each IELTS component (not overall) or passport from UK/USA/Canada/NZ/Ireland; studying in English is not a competent English exemption; TRT has had no English exemption since 16 Nov 2019.,https://immi.homeaffairs.gov.au/help-support/meeting-our-requirements/english-language/competent-english ; https://immi.homeaffairs.gov.au/visas/getting-a-visa/visa-listing/employer-nomination-scheme-186/temporary-residence-transition-stream ; https://immi.homeaffairs.gov.au/visas/getting-a-visa/visa-listing/employer-nomination-scheme-186/direct-entry-stream,G2-009,Confirmed,,Fixed,,Done,
111,Employer Sponsored,employer-nomination-scheme,https://www.nanakmigration.com.au/employer-nomination-scheme,TRT eligibility checklist,Incorrect eligibility,Medium,Held a subclass 482 visa for 2+ years (Core or Specialist stream),Worked full time for at least 2 of the last 3 years in sponsored employment while holding a subclass 457 or 482 visa (any stream),"TRT requires 2 years' eligible full-time sponsored employment in the 3 years before applying, while holding a 457 or 482 (any stream, including Labour Agreement) or eligible bridging visa - not 2 years of holding a Core/Specialist 482.",https://immi.homeaffairs.gov.au/visas/getting-a-visa/visa-listing/employer-nomination-scheme-186/temporary-residence-transition-stream,G2-001,Confirmed,,Fixed,,Done,
112,Employer Sponsored,employer-nomination-scheme,https://www.nanakmigration.com.au/employer-nomination-scheme,TRT eligibility checklist,Incorrect eligibility,Medium,Working in the same nominated occupation,Working in an occupation you were granted a 457 or 482 visa to perform,"If you held more than one 457/482 in the last 3 years, sponsored employment in any occupation you were approved to work in can be counted.",https://immi.homeaffairs.gov.au/visas/getting-a-visa/visa-listing/employer-nomination-scheme-186/temporary-residence-transition-stream,G2-003,Confirmed,,Fixed,,Done,
113,Employer Sponsored,employer-nomination-scheme,https://www.nanakmigration.com.au/employer-nomination-scheme,TRT eligibility checklist,Incorrect eligibility,Medium,Employer still holds active Standard Business Sponsorship (SBS),Employer's business is actively and lawfully operating in Australia,For a 186 nomination the employer must be actively and lawfully operating in Australia; current Standard Business Sponsorship is not a 186 criterion.,https://immi.homeaffairs.gov.au/visas/getting-a-visa/visa-listing/employer-nomination-scheme-186/temporary-residence-transition-stream ; https://immi.homeaffairs.gov.au/visas/getting-a-visa/visa-listing/employer-nomination-scheme-186/direct-entry-stream,G2-004,Confirmed,,Fixed,,Done,
114,Employer Sponsored,employer-nomination-scheme,https://www.nanakmigration.com.au/employer-nomination-scheme,Quick Answer,Incorrect eligibility,Medium,"Employers generally need Standard Business Sponsorship, and applicants must usually meet competent English and age rules, though limited exemptions apply.","Employers must be actively and lawfully operating in Australia (Standard Business Sponsorship is not required for the 186), and applicants must usually meet competent English and age rules, though limited exemptions apply.",No SBS requirement for 186 nominations.,https://immi.homeaffairs.gov.au/visas/getting-a-visa/visa-listing/employer-nomination-scheme-186/temporary-residence-transition-stream ; https://immi.homeaffairs.gov.au/visas/getting-a-visa/visa-listing/employer-nomination-scheme-186/direct-entry-stream,G2-007,Confirmed,,Fixed,,Done,
115,Employer Sponsored,employer-nomination-scheme,https://www.nanakmigration.com.au/employer-nomination-scheme,Application Pathway - 02 Employer lodges nomination,Incorrect eligibility,Medium,SBS must be current and the role must meet market salary requirements.,"The business must be actively and lawfully operating, and the salary must meet the annual market salary rate and the Core Skills Income Threshold (AUD79,423 for nominations lodged from 1 July 2026).","No SBS requirement; 186 nominations must meet the CSIT, which is AUD79,423 from 1 July 2026.",https://immi.homeaffairs.gov.au/news-media/archive/article?itemId=1416 ; https://immi.homeaffairs.gov.au/visas/getting-a-visa/visa-listing/employer-nomination-scheme-186/temporary-residence-transition-stream,G2-008,Confirmed,,Fixed,,Done,
116,Employer Sponsored,employer-nomination-scheme,https://www.nanakmigration.com.au/employer-nomination-scheme,Stream Comparison - TRT typical processing,Processing time,Medium,3-6 months typical,Check the Home Affairs processing time guide,Home Affairs publishes processing times only through its processing time guide tool; the 3-6 month figure is unsupported and contradicts this page's own FAQ (14 months for 50% / 22 months for 90%).,https://immi.homeaffairs.gov.au/visas/getting-a-visa/visa-listing/employer-nomination-scheme-186 ; https://immi.homeaffairs.gov.au/visas/getting-a-visa/visa-processing-times/global-visa-processing-times,G2-010,LEGEND-checked,"Approve as proposed - Not covered by LEGEND (processing times are administrative, not law). Home Affairs Subclass 186 page, Processing Time section for each stream: 'For an indication of processing times for this visa, use the visa processing time guide tool'.",Not fixed,Old text still visible on the live page,Query with RMA,
117,Employer Sponsored,employer-nomination-scheme,https://www.nanakmigration.com.au/employer-nomination-scheme,FAQ - How much does a 186 visa cost?,Missing material update,Low,"Employers pay AUD540 for the nomination plus a one-off Skilling Australians Fund levy of AUD3,000 for businesses turning over under AUD10 million, or AUD5,000 above that.","Employers pay AUD540 for the nomination (waived where the position is in a designated regional area) plus a one-off Skilling Australians Fund levy of AUD3,000 for businesses turning over less than AUD10 million, or AUD5,000 for AUD10 million or more.","186 nomination fee AUD540 'subject to stream and location'; fee waived for positions in regional Australia. SAF AUD3,000 / AUD5,000 confirmed.",https://immi.homeaffairs.gov.au/visas/employing-and-sponsoring-someone/sponsoring-workers/learn-about-sponsoring/cost-of-sponsoring ; https://immi.homeaffairs.gov.au/visas/working-in-australia/regional-migration/eligible-regional-areas,G2-011,Confirmed,,Schema not updated,"Visible text corrected, but the old text is still in the page FAQ schema / page code that Google reads",To do,
118,Employer Sponsored,employer-nomination-scheme,https://www.nanakmigration.com.au/employer-nomination-scheme,Hero / 'current as at' stamp (also update the matching 'Information current as at' line in the footer disclaimer),Other,Low,General information current as at August 2026.,General information current as at October 2026. Requirements are subject to change - verify with the Department of Home Affairs before lodging.,Page content corrected in October 2026 audit - currency stamp should match.,n/a (housekeeping),G2-012,Confirmed,,Fixed,,Done,
119,Employer Sponsored,employer-sponsored-visas,https://www.nanakmigration.com.au/employer-sponsored-visas,FAQ - Can I sponsor workers in any occupation?,Outdated law/terminology,High,The 482 visa uses the MLTSSL and STSOL lists (Short-Term and Medium-Long Term Strategic Skill Lists). The 186 visa (Direct Entry) uses the MLTSSL.,"The 482 Core Skills stream uses the Core Skills Occupation List (CSOL). The 482 Specialist Skills stream has no occupation list, but trades, machinery operator and labourer occupations are excluded. The 186 Direct Entry stream also uses the CSOL.",Since 7 December 2024 the 482 Core Skills stream and 186 Direct Entry stream use the CSOL; MLTSSL/STSOL no longer apply to 482 or 186.,https://immi.homeaffairs.gov.au/visas/working-in-australia/skill-occupation-list ; https://immi.homeaffairs.gov.au/visas/getting-a-visa/visa-listing/skills-in-demand-visa-subclass-482/core-skills-stream,G1-001,Confirmed,,Schema not updated,"Old wording removed from the visible page, but it is still in the FAQ schema / page code that Google reads",To do,
120,Employer Sponsored,employer-sponsored-visas,https://www.nanakmigration.com.au/employer-sponsored-visas,Compliance - DHA Compliance Checks,Outdated threshold,High,"Non-compliance penalties include fines up to $93,900 per breach.","Breaching a sponsorship obligation can lead to a court-ordered civil penalty of up to 240 penalty units (AUD87,360) for an individual or 1,200 penalty units (AUD436,800) for a body corporate for each breach, based on the AUD364 penalty unit that applies to breaches from 1 July 2026. The Department can also issue an infringement notice, bar the sponsor, cancel sponsorship approval or accept an enforceable undertaking.","Migration Act s140Q: 240 penalty units for an approved work sponsor (individual), 5 times that for a body corporate; penalty unit is AUD364 from 1 July 2026 (Home Affairs page still shows AUD396,000 at the old AUD330 unit).",https://www.legislation.gov.au/C1958A00062/latest/text ; https://www.legislation.gov.au/F2026N00424/asmade ; https://immi.homeaffairs.gov.au/visas/employing-and-sponsoring-someone/existing-sponsors/standard-business-accredited-obligations,G1-006,LEGEND-checked,"Approve with amendment - Migration Act 1958 s140Q(1) (civil penalty: approved work sponsor 240 penalty units; other cases 60) and s486R(5)(a) (body corporate up to 5 times the specified penalty); s140K(1) (bar, cancellation, civil penalty order, enforceable undertaking, infringement notice under s506A, compliance notice) - LEGEND stack 02-10-2026. Penalty unit AUD364: Crimes (Amount of a Penalty Unit) Instrument 2026 (F2026N00424) made under Crimes Act 1914 s4AA(1A), commencing 1 July 2026, applying to offences committed on or after that date (s4AA(8)).",Not fixed,Old text still visible on the live page,Query with RMA,
121,Employer Sponsored,employer-sponsored-visas,https://www.nanakmigration.com.au/employer-sponsored-visas,FAQ - What is Labour Market Testing and when is it required?,Incorrect eligibility,Medium,LMT is generally required for 482 nominations (with limited exemptions) and some 186 Direct Entry nominations.,"LMT is generally required for 482 Core Skills and Specialist Skills nominations and for 494 nominations, with limited exemptions (mainly under Australia's international trade obligations). It is not a requirement for 186 nominations.","Home Affairs LMT rules cover 482 (Core Skills, Specialist Skills, Labour Agreement where specified) and 494 nominations only; 186 nominations are not subject to LMT.",https://immi.homeaffairs.gov.au/visas/employing-and-sponsoring-someone/sponsoring-workers/nominating-a-position/labour-market-testing,G1-002,Confirmed,,Schema not updated,"Old wording removed from the visible page, but it is still in the FAQ schema / page code that Google reads",To do,
122,Employer Sponsored,employer-sponsored-visas,https://www.nanakmigration.com.au/employer-sponsored-visas,Employer Sponsored Visa Subclasses - Subclass 186 card,Incorrect eligibility,Medium,"Nominate a skilled worker for permanent residence directly, or via the Temporary Residence Transition stream after 3 years on a 482 visa.","Nominate a skilled worker for permanent residence directly, or via the Temporary Residence Transition stream once they have 2 years of full-time sponsored employment on a 457 or 482 visa.","TRT requires 2 years of eligible sponsored employment in the 3 years before applying, not 3 years.",https://immi.homeaffairs.gov.au/visas/getting-a-visa/visa-listing/employer-nomination-scheme-186/temporary-residence-transition-stream,G1-003,Confirmed,,Fixed,,Done,
123,Employer Sponsored,employer-sponsored-visas,https://www.nanakmigration.com.au/employer-sponsored-visas,The Process - 01 Standard Business Sponsorship,Incorrect eligibility,Medium,SBS approval is valid for 5 years and covers all visa subclasses.,SBS approval is valid for 5 years and lets you sponsor workers on the 482 and 494 visas. A 186 nomination does not need SBS - the employer must be an actively and lawfully operating Australian business.,Standard business sponsorship is used for the 482 and 494 visas only; 186 nominators do not need to be approved sponsors (so the '186: 4-8 wks' SBS timing in this step should also be removed).,https://immi.homeaffairs.gov.au/visas/employing-and-sponsoring-someone/sponsoring-workers/becoming-a-sponsor/standard-business-sponsor ; https://immi.homeaffairs.gov.au/visas/getting-a-visa/visa-listing/employer-nomination-scheme-186/temporary-residence-transition-stream,G1-004,Confirmed,,Fixed,,Done,
124,Employer Sponsored,employer-sponsored-visas,https://www.nanakmigration.com.au/employer-sponsored-visas,Government Fee Estimator,Outdated fee,Medium,Real 2024-25 DHA fee data.,Based on 2026-27 Home Affairs charges.,"The estimator still uses 2024-25 rates (label '2024-25 DHA rates' and 482 VAC $3,115, default total $5,515). From 1 July 2026 the 482 VAC is AUD4,015 for the main applicant and each dependant 18+, AUD1,005 per child under 18, so the default example (small business, 1 worker, 2 years) should show AUD2,400 SAF + AUD4,015 VAC = AUD6,415 before nomination (AUD330) and SBS (AUD420) fees.",https://immi.homeaffairs.gov.au/visas/getting-a-visa/visa-listing/skills-in-demand-visa-subclass-482/core-skills-stream ; https://immi.homeaffairs.gov.au/visas/employing-and-sponsoring-someone/sponsoring-workers/learn-about-sponsoring/cost-of-sponsoring,G1-005,Confirmed,,Not fixed,Old text still visible on the live page,To do,
125,Employer Sponsored,employer-sponsored-visas,https://www.nanakmigration.com.au/employer-sponsored-visas,Compliance - Pay Market Salary Rate,Outdated law/terminology,Medium,"You must pay the sponsored worker at least the annual market salary rate - or the Temporary Skilled Migration Income Threshold (TSMIT), whichever is higher.","You must pay the sponsored worker at least the annual market salary rate, and no less than the income threshold for the visa - the Core Skills Income Threshold (CSIT) for 482 Core Skills and 186, the Specialist Skills Income Threshold for 482 Specialist Skills, or the TSMIT for 494.","TSMIT now applies only to 494 (and 187); 482 Core Skills and 186 use CSIT (AUD79,423), Specialist Skills uses SSIT (AUD146,576).",https://immi.homeaffairs.gov.au/visas/employing-and-sponsoring-someone/sponsoring-workers/nominating-a-position/salary-requirements,G1-007,Confirmed,,Not fixed,Old text still visible on the live page,To do,
126,Employer Sponsored,employer-sponsored-visas,https://www.nanakmigration.com.au/employer-sponsored-visas,Compliance - Keep Records,Incorrect eligibility,Medium,"Maintain records of all employment terms, payslips, and taxation documents for each sponsored worker for the duration of sponsorship.","Maintain records of all employment terms, payslips and taxation documents for each sponsored worker for the duration of sponsorship and for 2 years after it ends.",The record-keeping obligation ends 2 years after the sponsorship ends and no sponsored visa holder is employed.,https://immi.homeaffairs.gov.au/visas/employing-and-sponsoring-someone/existing-sponsors/standard-business-accredited-obligations,G1-008,Confirmed,,Fixed,,Done,
127,Employer Sponsored,employer-sponsored-visas,https://www.nanakmigration.com.au/employer-sponsored-visas,The Process - 01 Standard Business Sponsorship checklist,Outdated law/terminology,Low,Training activities evidence,Evidence of commitment to employing local labour,"SBS eligibility no longer includes training benchmarks (replaced by the SAF levy); Home Affairs lists a legally operating business, no adverse information, a record of or commitment to employing local labour and a non-discriminatory recruitment declaration.",https://immi.homeaffairs.gov.au/visas/employing-and-sponsoring-someone/sponsoring-workers/becoming-a-sponsor/standard-business-sponsor,G1-009,Confirmed,,Fixed,,Done,
128,Employer Sponsored,employer-sponsored-visas,https://www.nanakmigration.com.au/employer-sponsored-visas,The Process - 02 Nomination,Other,Low,"For 482, the worker can lodged their visa application simultaneously with the nomination.","For 482, the worker can lodge their visa application at the same time as the nomination.",Grammar error.,https://immi.homeaffairs.gov.au/visas/getting-a-visa/visa-listing/skills-in-demand-visa-subclass-482/core-skills-stream,G1-010,Confirmed,,Fixed,,Done,
129,Employer Sponsored,employer-sponsored-visas,https://www.nanakmigration.com.au/employer-sponsored-visas,Hero / footer currency stamp,Other,Low,General information current as at August 2026.,General information current as at October 2026.,"Page corrected in October 2026; also update 'Information current as at August 2026.', 'Last reviewed: July 2026' and 'Figures current as at 1 July 2026' on this page.",https://immi.homeaffairs.gov.au/visas/employing-and-sponsoring-someone/sponsoring-workers/learn-about-sponsoring/cost-of-sponsoring,G1-011,Confirmed,,Fixed,,Done,
130,Employer Sponsored,genuine-position-test,https://www.nanakmigration.com.au/genuine-position-test,FAQ - What happens if a nomination is refused on this ground?,Compliance (OMARA),High,There is no merits review of nomination refusals - they cannot be reviewed by the Administrative Review Tribunal.,A nomination refusal can generally be reviewed by the Administrative Review Tribunal if the sponsor applies within the strict time limit in the decision letter.,"The ART lists 'Nomination refusal - a decision to refuse a nomination of an occupation, activity or position' as a reviewable immigration decision.",https://www.art.gov.au/applying-review/immigration-and-citizenship,G1-112,Confirmed,,Schema not updated,"Old wording removed from the visible page, but it is still in the FAQ schema / page code that Google reads",To do,
131,Employer Sponsored,genuine-position-test,https://www.nanakmigration.com.au/genuine-position-test,Hero / footer currency stamp,Other,Low,General information current as at August 2026.,General information current as at October 2026.,Page corrected in October 2026; also update 'Information current as at August 2026.' and 'Last reviewed: July 2026'.,https://www.art.gov.au/applying-review/immigration-and-citizenship,G1-113,Confirmed,,Fixed,,Done,
132,Employer Sponsored,labour-agreements,https://www.nanakmigration.com.au/labour-agreements,Types - Industry Labour Agreement,Incorrect eligibility,High,"Individual employers access the agreement by making an on-hire arrangement. Examples: restaurant sector, fishing industry.","Industry representative bodies negotiate set terms with the Department, and individual employers request an agreement on those fixed, non-negotiable terms. Examples: aged care, meat, horticulture, dairy, fishing, pork, advertising, minister of religion, on-hire and restaurant (premium dining).","Industry labour agreements have fixed, non-negotiable terms; employers request their own agreement under the template - not through an on-hire arrangement.",https://immi.homeaffairs.gov.au/visas/employing-and-sponsoring-someone/labour-agreements/types-of-labour-agreements/industry-labour-agreements,G2-064,Confirmed,,Fixed,,Done,
133,Employer Sponsored,labour-agreements,https://www.nanakmigration.com.au/labour-agreements,Types of Labour Agreement,Outdated law/terminology,Medium,There are four main types of Labour Agreement.,"Home Affairs lists four types of labour agreement: industry labour agreements, Designated Area Migration Agreements (DAMAs), company specific labour agreements and the Skilled Refugee Labour Agreement Pilot. On-hire arrangements are now an industry labour agreement, and project agreements are limited to approved projects.","Current types: Industry, DAMA, Company specific, Skilled refugee labour agreement pilot. The page shows five cards including stand-alone On-Hire and Project types.",https://immi.homeaffairs.gov.au/visas/employing-and-sponsoring-someone/labour-agreements ; https://immi.homeaffairs.gov.au/visas/employing-and-sponsoring-someone/labour-agreements/types-of-labour-agreements/company-specific-labour-agreements,G2-063,Confirmed,,Fixed,,Done,
134,Employer Sponsored,labour-agreements,https://www.nanakmigration.com.au/labour-agreements,Types - Project Labour Agreement,Incorrect eligibility,Medium,Typically used for major infrastructure projects where the occupation or scale cannot be met through standard sponsorship pathways.,"Project agreements are only available to project companies whose projects are endorsed by DFAT under the China-Australia Investment Facilitation Agreement, for skills shortages during the construction phase of resource or infrastructure projects.",Home Affairs: project agreements are for projects endorsed under the China-Australia Investment Facilitation Agreement.,https://immi.homeaffairs.gov.au/visas/employing-and-sponsoring-someone/labour-agreements/types-of-labour-agreements/company-specific-labour-agreements,G2-066,Confirmed,,Fixed,,Done,
135,Employer Sponsored,labour-agreements,https://www.nanakmigration.com.au/labour-agreements,Key facts - Industry peak body,Incorrect eligibility,Medium,Most Labour Agreements require support from the relevant industry peak body before the Department will negotiate.,"Company specific agreements require consultation with relevant stakeholders (such as the industry body, the relevant union and affected community groups). Industry agreements have set terms, and DAMA agreements need endorsement from the Designated Area Representative.","Company specific: stakeholder consultation (10 working days); Industry: set, non-negotiable terms (union MoU only for aged care streamlined access); DAMA: DAR endorsement.",https://immi.homeaffairs.gov.au/visas/employing-and-sponsoring-someone/labour-agreements/types-of-labour-agreements/company-specific-labour-agreements ; https://immi.homeaffairs.gov.au/visas/employing-and-sponsoring-someone/labour-agreements/types-of-labour-agreements/industry-labour-agreements ; https://immi.homeaffairs.gov.au/visas/employing-and-sponsoring-someone/labour-agreements/types-of-labour-agreements/designated-area-migration-agreements-(dama),G2-067,Confirmed,,Fixed,,Done,
136,Employer Sponsored,labour-agreements,https://www.nanakmigration.com.au/labour-agreements,FAQ - What occupations can be included in a Labour Agreement?,Incorrect eligibility,Medium,"Labour Agreements can include occupations at ANZSCO Skill Levels 4 and 5, which are generally not eligible under the standard 482 pathway.",Company specific labour agreements can include occupations at ANZSCO skill levels 1 to 4. Skill level 5 positions are only considered in exceptional cases for businesses in Category 3 regional areas. Industry agreements and DAMAs cover the occupations set out in each agreement.,Home Affairs: company specific positions must be ANZSCO skill level 1 to 4; level 5 only in exceptional situations in Category 3 regional areas.,https://immi.homeaffairs.gov.au/visas/employing-and-sponsoring-someone/labour-agreements/types-of-labour-agreements/company-specific-labour-agreements,G2-068,Confirmed,,Schema not updated,"Old wording removed from the visible page, but it is still in the FAQ schema / page code that Google reads",To do,
137,Employer Sponsored,labour-agreements,https://www.nanakmigration.com.au/labour-agreements,Types - On-Hire Labour Agreement,Outdated law/terminology,Low,Used by labour-hire companies that on-hire workers to client businesses. Allows flexibility in deployment of sponsored workers across multiple work sites.,"Now offered as the On-hire Industry Labour Agreement, with set, non-negotiable terms. It allows temporary sponsorship of workers in certain occupations who are placed with third parties, with the labour-hire business remaining the direct employer.",On-hire is listed under Industry labour agreements and is temporary only.,https://immi.homeaffairs.gov.au/visas/employing-and-sponsoring-someone/labour-agreements/types-of-labour-agreements/industry-labour-agreements,G2-065,Confirmed,,Fixed,,Done,
138,Employer Sponsored,labour-agreements,https://www.nanakmigration.com.au/labour-agreements,FAQ - What concessions can be included?,Other,Low,a lower age limit (e.g. up to 55 instead of 45),a higher age limit for the 186 or 494 (e.g. up to 55 instead of under 45),"Age concessions raise the age limit; the 45 limit applies to the 186/494, not the 482.",https://immi.homeaffairs.gov.au/visas/employing-and-sponsoring-someone/labour-agreements/types-of-labour-agreements/company-specific-labour-agreements ; https://immi.homeaffairs.gov.au/visas/getting-a-visa/visa-listing/employer-nomination-scheme-186/direct-entry-stream,G2-069,Confirmed,,Schema not updated,"Old wording removed from the visible page, but it is still in the FAQ schema / page code that Google reads",To do,
139,Employer Sponsored,labour-agreements,https://www.nanakmigration.com.au/labour-agreements,How to Obtain a Labour Agreement - Sponsor workers under the approved Agreement,Other,Low,workers apply for the relevant visa (482 or 186 LA stream),"workers apply for the relevant visa (482, 494 or 186 Labour Agreement stream)","Labour agreements allow grants under the 482, 186 and 494.",https://immi.homeaffairs.gov.au/visas/employing-and-sponsoring-someone/labour-agreements,G2-070,Confirmed,,Fixed,,Done,
140,Employer Sponsored,labour-agreements,https://www.nanakmigration.com.au/labour-agreements,Hero / 'current as at' stamp (also update the matching 'Information current as at' line in the footer disclaimer),Other,Low,General information current as at August 2026.,General information current as at October 2026. Requirements are subject to change - verify with the Department of Home Affairs before lodging.,Page content corrected in October 2026 audit - currency stamp should match.,n/a (housekeeping),G2-071,Confirmed,,Fixed,,Done,
141,Employer Sponsored,labour-market-testing,https://www.nanakmigration.com.au/labour-market-testing,FAQ - Does LMT apply to all 482 nominations?,Incorrect eligibility,High,"LMT applies to the Core Skills and Foundation streams of the subclass 482. The Specialist stream is generally exempt from LMT where the nominee's earnings will be $135,000 or more per annum.","LMT applies to the Core Skills and Specialist Skills streams of the subclass 482, to 494 nominations, and to Labour Agreement nominations where the agreement requires it. There is no salary-based exemption.","There is no Foundation stream; Specialist Skills is not LMT-exempt; $135,000 was the 2024-25 SSIT, not an LMT exemption.",https://immi.homeaffairs.gov.au/visas/employing-and-sponsoring-someone/sponsoring-workers/nominating-a-position/labour-market-testing,G1-095,Confirmed,,Schema not updated,"Old wording removed from the visible page, but it is still in the FAQ schema / page code that Google reads",To do,
142,Employer Sponsored,labour-market-testing,https://www.nanakmigration.com.au/labour-market-testing,FAQ - What counts as a compliant advertising platform?,Outdated law/terminology,High,Workforce Australia (jobsearch.gov.au or its successor) is mandatory for most nominations.,"Since 11 December 2023, advertising on Workforce Australia is no longer required. You need at least 2 advertisements on a national recruitment website, an industry-specific recruitment site, national print media or national radio (or your own website if you are an accredited sponsor).",Workforce Australia requirement removed from 11 December 2023; 2 valid advertisements required.,https://immi.homeaffairs.gov.au/visas/employing-and-sponsoring-someone/sponsoring-workers/nominating-a-position/labour-market-testing,G1-096,Confirmed,,Schema not updated,"Old wording removed from the visible page, but it is still in the FAQ schema / page code that Google reads",To do,
143,Employer Sponsored,labour-market-testing,https://www.nanakmigration.com.au/labour-market-testing,The Short Answer,Outdated law/terminology,High,"LMT requires employers to advertise the position on at least two platforms, including Workforce Australia, for at least 28 days within the four months before the nomination is lodged.","LMT requires employers to place at least 2 advertisements on approved national platforms, running for at least 4 weeks, within the 4 months before the nomination is lodged.",Workforce Australia no longer required (from 11 Dec 2023).,https://immi.homeaffairs.gov.au/visas/employing-and-sponsoring-someone/sponsoring-workers/nominating-a-position/labour-market-testing,G1-097,Confirmed,,Fixed,,Done,
144,Employer Sponsored,labour-market-testing,https://www.nanakmigration.com.au/labour-market-testing,Overview stat card - Specialist Skills LMT exemption,Incorrect eligibility,High,"Nominations for the Specialist Skills stream (earnings $146,576+ p.a. from 1 July 2026) are generally exempt from LMT.","Specialist Skills stream nominations (earnings of $146,576+ p.a. from 1 July 2026) also need LMT unless a trade-obligation exemption applies.",LMT applies to Specialist Skills nominations. Card heading 'Specialist Skills LMT exemption' must change.,https://immi.homeaffairs.gov.au/visas/employing-and-sponsoring-someone/sponsoring-workers/nominating-a-position/labour-market-testing,G1-099,Confirmed,,Fixed,Reworded - key figures confirmed on page,Done,
145,Employer Sponsored,labour-market-testing,https://www.nanakmigration.com.au/labour-market-testing,Overview stat card - 2+ platforms,Outdated law/terminology,High,Workforce Australia is mandatory. At least one additional platform must be used.,At least 2 advertisements are required. Workforce Australia is no longer mandatory.,Workforce Australia requirement removed 11 Dec 2023.,https://immi.homeaffairs.gov.au/visas/employing-and-sponsoring-someone/sponsoring-workers/nominating-a-position/labour-market-testing,G1-100,Confirmed,,Check wording,Old text removed; new wording differs from the sheet - RMA to confirm it is accurate,Query with RMA,
146,Employer Sponsored,labour-market-testing,https://www.nanakmigration.com.au/labour-market-testing,What is Labour Market Testing? (overview),Incorrect eligibility,High,"LMT applies to nominations for the Core Skills stream of the subclass 482 visa. The Specialist Skills stream is generally exempt where the nominee will meet the SSIT ($146,576+ p.a.).",LMT applies to nominations for the Core Skills and Specialist Skills streams of the subclass 482 visa and the subclass 494 Employer Sponsored stream.,Specialist Skills is not exempt from LMT.,https://immi.homeaffairs.gov.au/visas/employing-and-sponsoring-someone/sponsoring-workers/nominating-a-position/labour-market-testing,G1-101,Confirmed,,Partly fixed,New text added but the old text is still on the page (both versions showing),To do,
147,Employer Sponsored,labour-market-testing,https://www.nanakmigration.com.au/labour-market-testing,LMT Advertising Requirements - Two or more platforms,Outdated law/terminology,High,At least two platforms must be used. Workforce Australia is mandatory.,At least 2 advertisements must be published. They can be in the same medium on 2 occasions or in 2 different mediums.,Workforce Australia not required since 11 Dec 2023; 2 ads may be in the same medium.,https://immi.homeaffairs.gov.au/visas/employing-and-sponsoring-someone/sponsoring-workers/nominating-a-position/labour-market-testing,G1-102,Confirmed,,Check wording,Old text removed; new wording differs from the sheet - RMA to confirm it is accurate,Query with RMA,
148,Employer Sponsored,labour-market-testing,https://www.nanakmigration.com.au/labour-market-testing,"When LMT Does Not Apply - Specialist Skills stream (SSIT $146,576+)",Incorrect eligibility,High,"Nominations where the nominee will meet the Specialist Skills Income Threshold ($146,576+ p.a.) under the subclass 482 are generally exempt from LMT.","Roles with annual earnings of AUD250,000 or more can meet LMT through a submission explaining how the local labour market was tested (for example, an executive search that included Australian applicants).","No SSIT-based exemption exists; Home Affairs lists alternative requirements for AUD250,000+ roles. Remove the 'Specialist Skills stream (SSIT $146,576+)' heading.",https://immi.homeaffairs.gov.au/visas/employing-and-sponsoring-someone/sponsoring-workers/nominating-a-position/labour-market-testing,G1-104,Confirmed,,Not fixed,Old text still visible on the live page,To do,
149,Employer Sponsored,labour-market-testing,https://www.nanakmigration.com.au/labour-market-testing,Compliant Advertising Platforms - Workforce Australia,Outdated law/terminology,High,Previously known as jobactive/jobsearch.gov.au. Mandatory for most Core Skills stream nominations.,"No longer required for LMT since 11 December 2023. It can still be used, but you need 2 valid advertisements on platforms with national reach.",Workforce Australia not mandatory since 11 Dec 2023; also remove the 'Mandatory' label on this card.,https://immi.homeaffairs.gov.au/visas/employing-and-sponsoring-someone/sponsoring-workers/nominating-a-position/labour-market-testing,G1-107,Confirmed,,Partly fixed,"Old text removed, but the corrected figure(s) are not on the page: 2023",To do,
150,Employer Sponsored,labour-market-testing,https://www.nanakmigration.com.au/labour-market-testing,The Short Answer,Incorrect eligibility,Medium,Certain occupations and salary thresholds trigger an LMT exemption.,"Exemptions are limited to Australia's international trade obligations, and some positions (such as roles paying AUD250,000 or more) can meet LMT through alternative evidence.","Home Affairs: no occupation-based or skill-level exemptions exist; exemptions are ITO-based; alternative requirements apply to AUD250,000+ roles and some other cases.",https://immi.homeaffairs.gov.au/visas/employing-and-sponsoring-someone/sponsoring-workers/nominating-a-position/labour-market-testing,G1-098,Confirmed,,Partly fixed,"Old text removed, but the corrected figure(s) are not on the page: 250,000",To do,
151,Employer Sponsored,labour-market-testing,https://www.nanakmigration.com.au/labour-market-testing,LMT Advertising Requirements - Genuine job advertisement,Incorrect eligibility,Medium,the salary or salary range (which must meet or exceed TSMIT),"the salary or salary range, if the annual earnings for the position are lower than AUD96,400","Ads must include salary only where annual earnings are below AUD96,400; TSMIT is not the 482 threshold. Same fix for process step 'salary must meet or exceed TSMIT'.",https://immi.homeaffairs.gov.au/visas/employing-and-sponsoring-someone/sponsoring-workers/nominating-a-position/labour-market-testing,G1-103,Confirmed,,Fixed,,Done,
152,Employer Sponsored,labour-market-testing,https://www.nanakmigration.com.au/labour-market-testing,When LMT Does Not Apply - International trade obligations,Incorrect eligibility,Medium,This includes certain categories under the Australia-United States Free Trade Agreement (AUSFTA),"This includes citizens or nationals of Brunei, China, Japan, Malaysia, Mexico, Peru, Thailand and Vietnam, and citizens, nationals or permanent residents of Canada, Chile, South Korea, New Zealand, Singapore and the United Kingdom, in the exempt categories under each agreement",The Home Affairs ITO list does not include the United States; the exemption also covers some associated-entity transfers and WTO executive/senior manager cases.,https://immi.homeaffairs.gov.au/visas/employing-and-sponsoring-someone/sponsoring-workers/nominating-a-position/labour-market-testing,G1-105,Confirmed,,Not fixed,Old text still visible on the live page,To do,
153,Employer Sponsored,labour-market-testing,https://www.nanakmigration.com.au/labour-market-testing,When LMT Does Not Apply - Occupations on the LMT exemption list,Incorrect eligibility,Medium,The Department of Home Affairs may publish or maintain a list of occupations that are exempt from LMT.,There are no occupation-based LMT exemptions for the 482 or 494. Some medical practitioner and paramedic nominations can meet LMT through a written submission instead of advertising.,Home Affairs: occupation-based exemptions are not available under SID/494 and no other exemption instruments are in place.,https://immi.homeaffairs.gov.au/visas/employing-and-sponsoring-someone/sponsoring-workers/nominating-a-position/labour-market-testing,G1-106,Confirmed,,Fixed,,Done,
154,Employer Sponsored,labour-market-testing,https://www.nanakmigration.com.au/labour-market-testing,Step-by-Step LMT Process - Advertise on required platforms,Outdated law/terminology,Medium,"Post on Workforce Australia plus at least one other national platform (e.g. Seek, LinkedIn) for a minimum of 28 consecutive days.","Place at least 2 advertisements on national platforms (for example, a national job board or LinkedIn) that run for at least 4 weeks.",2 ads; Workforce Australia not required; 4 weeks (overlapping periods totalling 4 weeks are acceptable).,https://immi.homeaffairs.gov.au/visas/employing-and-sponsoring-someone/sponsoring-workers/nominating-a-position/labour-market-testing,G1-108,Confirmed,,Fixed,Reworded - key figures confirmed on page,Done,
155,Employer Sponsored,labour-market-testing,https://www.nanakmigration.com.au/labour-market-testing,"FAQ - Is Labour Market Testing required for a 186 nomination too, or only the 482?",Incorrect eligibility,Medium,"LMT is primarily a requirement for the 482 Core Skills and Foundation streams, but some subclass 186 Direct Entry nominations also require it, depending on the occupation.","LMT is a requirement for 482 Core Skills and Specialist Skills nominations and 494 nominations. It does not apply to subclass 186 nominations, in either the Direct Entry or TRT stream.",No Foundation stream exists; Home Affairs LMT rules cover 482 and 494 only.,https://immi.homeaffairs.gov.au/visas/employing-and-sponsoring-someone/sponsoring-workers/nominating-a-position/labour-market-testing,G1-109,Confirmed,,Schema not updated,"Old wording removed from the visible page, but it is still in the FAQ schema / page code that Google reads",To do,
156,Employer Sponsored,labour-market-testing,https://www.nanakmigration.com.au/labour-market-testing,FAQ - Can LMT be waived in urgent cases?,Incorrect eligibility,Low,"(e.g. certain nationalities under the AUSFTA, ChAFTA or SAFTA)","(for example, certain nationals of China, Japan, Singapore, Thailand or the United Kingdom under the relevant agreements)",US citizens are not on the Home Affairs ITO exemption list.,https://immi.homeaffairs.gov.au/visas/employing-and-sponsoring-someone/sponsoring-workers/nominating-a-position/labour-market-testing,G1-110,Confirmed,,Schema not updated,"Old wording removed from the visible page, but it is still in the FAQ schema / page code that Google reads",To do,
157,Employer Sponsored,labour-market-testing,https://www.nanakmigration.com.au/labour-market-testing,Hero / footer currency stamp,Other,Low,General information current as at August 2026.,General information current as at October 2026.,"Page corrected in October 2026; also update 'Figures current at August 2026', 'Information current as at August 2026.' and 'Last reviewed: July 2026'.",https://immi.homeaffairs.gov.au/visas/employing-and-sponsoring-someone/sponsoring-workers/nominating-a-position/labour-market-testing,G1-111,Confirmed,,Fixed,,Done,
158,Employer Sponsored,occupation-caveats,https://www.nanakmigration.com.au/occupation-caveats,Key facts - Nomination refused,Incorrect eligibility,High,Nomination refusals cannot be merits-reviewed by the ART.,"A refused nomination can usually be reviewed by the Administrative Review Tribunal (ART), but review takes time and costs money, so getting it right before lodging matters.","ART reviews 'Nomination refusal - a decision was made to refuse a nomination of an occupation, activity or position'.",https://www.art.gov.au/applying-review/immigration-and-citizenship,G2-081,Confirmed,,Fixed,,Done,
159,Employer Sponsored,occupation-caveats,https://www.nanakmigration.com.au/occupation-caveats,FAQ - Can a nomination be refused solely on a caveat ground...?,Incorrect eligibility,High,"Nomination refusals cannot be reviewed by the Administrative Review Tribunal (ART) on the merits - they can only be challenged by judicial review, which is expensive and time-consuming.","A nomination refusal can generally be reviewed on its merits by the Administrative Review Tribunal (ART), subject to strict time limits and an application fee. Review can take many months, so it is better to confirm caveats before lodging.",Nomination refusals are reviewable by the ART.,https://www.art.gov.au/applying-review/immigration-and-citizenship,G2-082,Confirmed,,Schema not updated,"Old wording removed from the visible page, but it is still in the FAQ schema / page code that Google reads",To do,
160,Employer Sponsored,occupation-caveats,https://www.nanakmigration.com.au/occupation-caveats,Examples of Caveats in Practice - Cook (351411),Incorrect eligibility,High,Requires the nominating business to be a 'restaurant' (not a cafe or catering business in some circumstances) and may impose a minimum establishment size requirement,"Cook is not available where the position is in a limited service restaurant (for example, fast food or takeaway) or involves mass production in a factory setting",LIN 24/089 caveats for Cook (351411): 'involved in mass production in a factory setting' and 'in a limited service restaurant'. No establishment-size caveat.,https://www.legislation.gov.au/F2024L01620/latest/versions ; https://www.legislation.gov.au/F2024L01620/asmade/2024-12-06/text/original/pdf,G2-084,Confirmed,,Fixed,,Done,
161,Employer Sponsored,occupation-caveats,https://www.nanakmigration.com.au/occupation-caveats,FAQ - Where can I find the CSOL caveats?,Wrong legal reference,Medium,the Migration (IMMI 24/024 or successor instrument),"the Migration (Specification of Occupations - Subclass 482 Visa) Instrument 2024 (LIN 24/089), as amended","CSOL and its 'applicable circumstances' (caveats) are in LIN 24/089, F2024L01620 (in force, latest compilation 7 Nov 2025); caveats are in s 7 and the Applicable Circumstances List.",https://www.legislation.gov.au/F2024L01620/latest/versions ; https://www.legislation.gov.au/F2024L01620/asmade/2024-12-06/text/original/pdf,G2-083,Confirmed,,Schema not updated,"Old wording removed from the visible page, but it is still in the FAQ schema / page code that Google reads",To do,
162,Employer Sponsored,occupation-caveats,https://www.nanakmigration.com.au/occupation-caveats,Examples of Caveats in Practice - Marketing Specialist (225113),Incorrect eligibility,Medium,Some marketing occupations carry a business-size caveat requiring minimum annual turnover or employee count,"Marketing Specialist is not available where the position is in a front-line retail setting, mainly involves direct transactional client contact, mainly involves selling education courses to individual students, or is a call-centre role without significant technical product knowledge","LIN 24/089 caveats for Marketing Specialist (225113) are position-based, not turnover/headcount based. The scenario outcome text should be revised to match.",https://www.legislation.gov.au/F2024L01620/latest/versions ; https://www.legislation.gov.au/F2024L01620/asmade/2024-12-06/text/original/pdf,G2-085,Confirmed,,Fixed,,Done,
163,Employer Sponsored,occupation-caveats,https://www.nanakmigration.com.au/occupation-caveats,Hero / 'current as at' stamp (also update the matching 'Information current as at' line in the footer disclaimer),Other,Low,General information current as at August 2026.,General information current as at October 2026. Requirements are subject to change - verify with the Department of Home Affairs before lodging.,Page content corrected in October 2026 audit - currency stamp should match.,n/a (housekeeping),G2-086,Confirmed,,Fixed,,Done,
164,Employer Sponsored,regional-areas,https://www.nanakmigration.com.au/regional-areas,What Counts as a Designated Regional Area? - Included,Incorrect eligibility,High,"New South Wales - all areas except Sydney, Newcastle, and Wollongong metropolitan",New South Wales - all areas except the Sydney metropolitan area (Newcastle/Lake Macquarie and Wollongong/Illawarra are regional),Home Affairs: Newcastle/Lake Macquarie and Wollongong/Illawarra are Category 2 'Cities and Major Regional Centres' - designated regional areas.,https://immi.homeaffairs.gov.au/visas/working-in-australia/regional-migration/eligible-regional-areas,G2-087,Confirmed,,Fixed,,Done,
165,Employer Sponsored,regional-areas,https://www.nanakmigration.com.au/regional-areas,What Counts as a Designated Regional Area? - Excluded,Incorrect eligibility,High,Newcastle metropolitan area (NSW),"Delete the 'Newcastle metropolitan area (NSW)' and 'Wollongong metropolitan area (NSW)' lines - only Sydney, Melbourne and Brisbane are excluded.","Only Sydney, Melbourne and Brisbane are outside the designated regional area.",https://immi.homeaffairs.gov.au/visas/working-in-australia/regional-migration/eligible-regional-areas,G2-088,Confirmed,,Check wording,Old text removed; new wording differs from the sheet - RMA to confirm it is accurate,Query with RMA,
166,Employer Sponsored,regional-areas,https://www.nanakmigration.com.au/regional-areas,FAQ - Are Perth and Adelaide considered regional for visa purposes?,Incorrect eligibility,High,"That's the opposite of Gold Coast and Sunshine Coast, which despite feeling 'regional' are excluded","The Gold Coast and Sunshine Coast are also designated regional areas. It is the postcode list, not how a city feels, that decides the status",Gold Coast and Sunshine Coast are Category 2 regional centres. The FAQ also contradicts the page's own Gold Coast FAQ.,https://immi.homeaffairs.gov.au/visas/working-in-australia/regional-migration/eligible-regional-areas,G2-089,Confirmed,,Schema not updated,"Old wording removed from the visible page, but it is still in the FAQ schema / page code that Google reads",To do,
167,Employer Sponsored,regional-areas,https://www.nanakmigration.com.au/regional-areas,Regional Area Categories for the 491 Visa,Outdated law/terminology,Medium,Cities and Major Regional Centres,"Rename the two cards: 'Category 2 - Cities and Major Regional Centres' (Perth, Adelaide, Gold Coast, Sunshine Coast, Canberra, Newcastle/Lake Macquarie, Wollongong/Illawarra, Geelong and Hobart) and 'Category 3 - Regional Centres and Other Regional Areas'. Category 1 is the major cities (Sydney, Melbourne and Brisbane), which are not regional. Note that DAMA priority and the extra 2 years of post-study work apply to Category 3.",Home Affairs uses Category 2 and Category 3 for the designated regional areas; the page labels them Category 1 and Category 2 and attributes Category 3 incentives to 'Category 2'.,https://immi.homeaffairs.gov.au/visas/working-in-australia/regional-migration/eligible-regional-areas,G2-090,Confirmed,,Not fixed,Old text still visible on the live page,To do,
168,Employer Sponsored,regional-areas,https://www.nanakmigration.com.au/regional-areas,Living and Working Requirements - Three-year qualifying period for 191 PR,Incorrect eligibility,Medium,"To apply for the subclass 191, you must have lived and worked in a designated regional area for at least three years while holding the 491 or 494. The three years do not need to be continuous, but periods outside a regional area generally do not count.","To apply for the subclass 191, you must have held your 491 or 494 for at least 3 years, complied with its conditions (including living, working and studying only in a designated regional area) and have ATO notices of assessment for 3 income years.","191 criteria: held eligible visa 3 years, complied with conditions, 3 income years of ATO notices; no day-count of regional residence. Also inconsistent with the 191 page FAQ.",https://immi.homeaffairs.gov.au/visas/getting-a-visa/visa-listing/skilled-regional-191/regional-provisional,G2-091,Confirmed,,Fixed,,Done,
169,Employer Sponsored,regional-areas,https://www.nanakmigration.com.au/regional-areas,Living and Working Requirements - Time outside Australia,Incorrect eligibility,Medium,Extended absences from Australia generally do not count toward the three-year qualifying period.,"The 191 requires you to have held your 491 or 494 for 3 years and complied with its conditions - there is no day count, but long absences can raise questions about whether you lived and worked in a regional area. Keep records of your travel.",191 has no residence day-count; criterion is holding the visa for 3 years and condition compliance.,https://immi.homeaffairs.gov.au/visas/getting-a-visa/visa-listing/skilled-regional-191/regional-provisional,G2-092,Confirmed,,Fixed,,Done,
170,Employer Sponsored,regional-areas,https://www.nanakmigration.com.au/regional-areas,Hero / 'current as at' stamp (also update the matching 'Information current as at' line in the footer disclaimer),Other,Low,General information current as at August 2026.,General information current as at October 2026. Requirements are subject to change - verify with the Department of Home Affairs before lodging.,Page content corrected in October 2026 audit - currency stamp should match.,n/a (housekeeping),G2-093,Confirmed,,Fixed,,Done,
171,Employer Sponsored,saf-levy,https://www.nanakmigration.com.au/saf-levy,FAQ - What is the SAF Levy for a 186 permanent visa?,Outdated fee,High,"$5,000 for small businesses (annual turnover under $10 million) and $7,000 for other businesses.","$3,000 for small businesses (annual turnover under $10 million) and $5,000 for other businesses.","186/187/494 SAF is a one-off AUD3,000 (small) or AUD5,000 (other).",https://immi.homeaffairs.gov.au/visas/employing-and-sponsoring-someone/sponsoring-workers/learn-about-sponsoring/cost-of-sponsoring,G1-114,Confirmed,,Schema not updated,"Old wording removed from the visible page, but it is still in the FAQ schema / page code that Google reads",To do,
172,Employer Sponsored,saf-levy,https://www.nanakmigration.com.au/saf-levy,"SAF Levy Rates by Visa Type - 186 Employer Nomination Scheme, small business",Outdated fee,High,"$5,000 flat","$3,000 flat","Small business 186 SAF is AUD3,000 one-off.",https://immi.homeaffairs.gov.au/visas/employing-and-sponsoring-someone/sponsoring-workers/learn-about-sponsoring/cost-of-sponsoring,G1-115,Confirmed,,Fixed,,Done,
173,Employer Sponsored,saf-levy,https://www.nanakmigration.com.au/saf-levy,"SAF Levy Rates by Visa Type - 186 Employer Nomination Scheme, standard business",Outdated fee,High,"$7,000 flat","$5,000 flat","Other-business 186 SAF is AUD5,000 one-off.",https://immi.homeaffairs.gov.au/visas/employing-and-sponsoring-someone/sponsoring-workers/learn-about-sponsoring/cost-of-sponsoring,G1-116,Confirmed,,Fixed,,Done,
174,Employer Sponsored,saf-levy,https://www.nanakmigration.com.au/saf-levy,FAQ - Does the SAF Levy apply to all 482 streams?,Incorrect eligibility,High,"The SAF Levy applies to nominations for the Core Skills, Specialist and Foundation streams of the subclass 482. Certain exempt categories exist for non-profits and specific program nominations.","The SAF Levy applies to nominations in all 482 streams - Core Skills, Specialist Skills and Labour Agreement. The only exemption is for ministers of religion and religious assistants nominated under a labour agreement.",No Foundation stream; labour agreement sponsors must pay; only ministers of religion and religious assistants under Labour Agreement streams are exempt.,https://immi.homeaffairs.gov.au/visas/employing-and-sponsoring-someone/sponsoring-workers/learn-about-sponsoring/cost-of-sponsoring,G1-117,Confirmed,,Schema not updated,"Old wording removed from the visible page, but it is still in the FAQ schema / page code that Google reads",To do,
175,Employer Sponsored,saf-levy,https://www.nanakmigration.com.au/saf-levy,SAF Levy Exemptions,Incorrect eligibility,High,A limited number of nomination categories are exempt from the SAF Levy obligation.,"Only ministers of religion and religious assistants nominated under a labour agreement are exempt from the SAF Levy. All other sponsors, including labour agreement sponsors, must pay it.","The listed exemptions (non-profits, PALM nominations, government agencies) are not on Home Affairs' list; remove those three bullets.",https://immi.homeaffairs.gov.au/visas/employing-and-sponsoring-someone/sponsoring-workers/learn-about-sponsoring/cost-of-sponsoring,G1-118,Confirmed,,Fixed,,Done,
176,Employer Sponsored,saf-levy,https://www.nanakmigration.com.au/saf-levy,FAQ - Is the SAF Levy refundable if the visa is refused?,Incorrect eligibility,High,"The SAF Levy is generally non-refundable once the nomination has been lodged and processed, even if the subsequent visa application is refused.","Refunds are limited, but the levy can be refunded in set cases - for example, if the nomination is approved but the visa is refused on health or character grounds, the worker never arrives or starts work, or a 482 or 494 worker leaves within the first 12 months (unused full years only).","Home Affairs lists specific SAF refund scenarios, including visa refusal on health or character grounds.",https://immi.homeaffairs.gov.au/visas/employing-and-sponsoring-someone/sponsoring-workers/learn-about-sponsoring/cost-of-sponsoring,G1-119,Confirmed,,Schema not updated,"Old wording removed from the visible page, but it is still in the FAQ schema / page code that Google reads",To do,
177,Employer Sponsored,saf-levy,https://www.nanakmigration.com.au/saf-levy,SAF Levy Refunds,Incorrect eligibility,Medium,"If a nomination is withdrawn or refused, the SAF Levy is generally not refundable unless specific circumstances apply (such as a technical error by the Department).","If a nomination is withdrawn before any decision is made, the nomination fee and SAF Levy may be refunded. After approval, refunds are only available in the limited cases Home Affairs lists, such as the worker not starting work, a visa refusal on health or character grounds, or the worker leaving within the first 12 months.",Departmental error is not a listed ground; the 'Departmental administrative error in processing the nomination' bullet should be replaced with the Home Affairs scenarios.,https://immi.homeaffairs.gov.au/visas/employing-and-sponsoring-someone/sponsoring-workers/learn-about-sponsoring/cost-of-sponsoring,G1-120,Confirmed,,Fixed,,Done,
178,Employer Sponsored,saf-levy,https://www.nanakmigration.com.au/saf-levy,Hero / footer currency stamp,Other,Low,General information current as at August 2026.,General information current as at October 2026.,"Page corrected in October 2026; also update 'Figures current at August 2026', 'Information current as at August 2026.' and 'Last reviewed: July 2026'.",https://immi.homeaffairs.gov.au/visas/employing-and-sponsoring-someone/sponsoring-workers/learn-about-sponsoring/cost-of-sponsoring,G1-121,Confirmed,,Fixed,,Done,
179,Employer Sponsored,skilled-regional-887,https://www.nanakmigration.com.au/skilled-regional-887,Who Qualifies - Applies from any location,Incorrect eligibility,High,The 887 can be applied for from inside Australia (onshore) or from outside Australia (offshore).,You must be in Australia and hold an eligible visa when you apply for the 887 (limited COVID-19 concessions applied to some people whose visa expired while they were outside Australia).,Home Affairs: 'All applicants must be in Australia and hold an eligible visa at the time a subclass 887 visa application is made unless COVID-19 concessions apply.',https://immi.homeaffairs.gov.au/visas/getting-a-visa/visa-listing/skilled-regional-887,G2-094,Confirmed,,Fixed,,Done,
180,Employer Sponsored,skilled-regional-887,https://www.nanakmigration.com.au/skilled-regional-887,Transitional Deadlines and Visa Expiry,Incorrect eligibility,High,You do not need to be in Australia or in a regional area at the time you apply for the 887,You must be in Australia when you apply for the 887 (you do not need to be in a regional area at that time),Must be in Australia at time of application (subject to the COVID-19 concession).,https://immi.homeaffairs.gov.au/visas/getting-a-visa/visa-listing/skilled-regional-887,G2-095,Confirmed,,Fixed,,Done,
181,Employer Sponsored,skilled-regional-887,https://www.nanakmigration.com.au/skilled-regional-887,Subclass 887 vs Subclass 191 table - Work requirement,Outdated threshold,High,"Income threshold ($53,900 p.a. from 1 Jul 2023 - confirm on DoHA)",ATO notices of assessment for 3 income years (no minimum income),191 has no minimum income requirement.,https://immi.homeaffairs.gov.au/visas/getting-a-visa/visa-listing/skilled-regional-191/regional-provisional,G2-098,Confirmed,,Fixed,,Done,
182,Employer Sponsored,skilled-regional-887,https://www.nanakmigration.com.au/skilled-regional-887,Subclass 887 vs Subclass 191 table - Income threshold,Outdated threshold,High,Yes - must earn above the threshold for 3 years,No minimum income - ATO notices of assessment for 3 income years required,191 has no minimum income requirement.,https://immi.homeaffairs.gov.au/visas/getting-a-visa/visa-listing/skilled-regional-191/regional-provisional,G2-099,Confirmed,,Not fixed,Old text still visible on the live page,To do,
183,Employer Sponsored,skilled-regional-887,https://www.nanakmigration.com.au/skilled-regional-887,FAQ - I hold a 491 visa - can I apply for the 887?,Incorrect eligibility,Medium,which requires 3 years of regional residence and an income threshold.,"which requires you to have held your 491 for 3 years, complied with its conditions and provide ATO notices of assessment for 3 income years (there is no minimum income).",191 has no minimum income requirement.,https://immi.homeaffairs.gov.au/visas/getting-a-visa/visa-listing/skilled-regional-191/regional-provisional,G2-096,Confirmed,,Schema not updated,"Old wording removed from the visible page, but it is still in the FAQ schema / page code that Google reads",To do,
184,Employer Sponsored,skilled-regional-887,https://www.nanakmigration.com.au/skilled-regional-887,Holding a 491 or 494 visa? callout,Incorrect eligibility,Medium,"The 191 has different requirements, including an income threshold.","The 191 has different requirements, including ATO notices of assessment for 3 income years (there is no minimum income amount).",191 has no minimum income requirement.,https://immi.homeaffairs.gov.au/visas/getting-a-visa/visa-listing/skilled-regional-191/regional-provisional,G2-097,Confirmed,,Fixed,,Done,
185,Employer Sponsored,skilled-regional-887,https://www.nanakmigration.com.au/skilled-regional-887,Hero / 'current as at' stamp (also update the matching 'Information current as at' line in the footer disclaimer),Other,Low,General information current as at August 2026.,General information current as at October 2026. Requirements are subject to change - verify with the Department of Home Affairs before lodging.,Page content corrected in October 2026 audit - currency stamp should match.,n/a (housekeeping),G2-100,Confirmed,,Fixed,,Done,
186,Employer Sponsored,skills-in-demand-visa,https://www.nanakmigration.com.au/skills-in-demand-visa,Eligibility Requirements - Approved occupation,Outdated law/terminology,High,"The nominated occupation must appear on the relevant MLTSSL, STSOL, or regional occupation list for the stream.","For the Core Skills stream, the nominated occupation must be on the Core Skills Occupation List (CSOL). The Specialist Skills stream has no occupation list but excludes trades, machinery operator and labourer occupations. Labour Agreement occupations are set by the agreement.",482 Core Skills uses the CSOL; MLTSSL/STSOL/regional lists do not apply to the 482.,https://immi.homeaffairs.gov.au/visas/getting-a-visa/visa-listing/skills-in-demand-visa-subclass-482/core-skills-stream ; https://immi.homeaffairs.gov.au/visas/working-in-australia/skill-occupation-list,G1-012,Confirmed,,Fixed,,Done,
187,Employer Sponsored,skills-in-demand-visa,https://www.nanakmigration.com.au/skills-in-demand-visa,Eligibility Requirements - Skills & qualifications,Incorrect eligibility,High,"Relevant qualifications, skills assessment (for some occupations), and at least 2 years of relevant work experience.","Relevant qualifications, a skills assessment (for some occupations), and at least 1 year of relevant work experience in the nominated occupation or a related field.",SID requires at least 1 year of relevant work experience (the page's own FAQ says 1 year in the past 5 years).,https://immi.homeaffairs.gov.au/visas/getting-a-visa/visa-listing/skills-in-demand-visa-subclass-482/core-skills-stream,G1-013,Confirmed,,Fixed,,Done,
188,Employer Sponsored,skills-in-demand-visa,https://www.nanakmigration.com.au/skills-in-demand-visa,Eligibility Requirements - English language,Incorrect eligibility,High,At least competent English (IELTS 6 or equivalent). Some Specialist stream high earners may be exempt.,"For tests taken from 13 September 2025, at least IELTS 5.0 in each component or an equivalent score in another approved test. Exemptions apply to Canadian, New Zealand, Irish, UK and US passport holders, people with 5 years of English-medium study, and some others.","482 Core and Specialist Skills require IELTS 5.0 in each component (not Competent/IELTS 6); there is no general high-earner exemption - the AUD96,400 exemption applies only to employees of an overseas business nominated by that business or its associated entity.",https://immi.homeaffairs.gov.au/visas/getting-a-visa/visa-listing/skills-in-demand-visa-subclass-482/sufficient-english,G1-014,Confirmed,,Fixed,,Done,
189,Employer Sponsored,skills-in-demand-visa,https://www.nanakmigration.com.au/skills-in-demand-visa,Eligibility Requirements - Age under 45,Incorrect eligibility,High,You must be under 45 at the time of visa application. Limited exemptions apply for certain roles and streams.,"There is no age limit for the 482 visa. Age becomes relevant if you later apply for the subclass 186, where you generally must be under 45 when you apply.",The SID 482 has no age requirement (the page's own FAQ says so); the under-45 rule applies to the 186. The card heading 'Age under 45' should also be changed.,https://immi.homeaffairs.gov.au/visas/getting-a-visa/visa-listing/skills-in-demand-visa-subclass-482/core-skills-stream ; https://immi.homeaffairs.gov.au/visas/getting-a-visa/visa-listing/employer-nomination-scheme-186/temporary-residence-transition-stream,G1-015,Confirmed,,Fixed,,Done,
190,Employer Sponsored,skills-in-demand-visa,https://www.nanakmigration.com.au/skills-in-demand-visa,"Stream Comparison table - 'LMT required' row, Specialist Skills column",Incorrect eligibility,High,LMT required,LMT required: Specialist Skills - Yes; Core Skills - Yes; Labour Agreement - As set by the agreement,Labour market testing applies to both the Core Skills and Specialist Skills streams; the table shows 'No' for Specialist Skills.,https://immi.homeaffairs.gov.au/visas/employing-and-sponsoring-someone/sponsoring-workers/nominating-a-position/labour-market-testing,G1-016,Confirmed,,Not fixed,Old text still visible on the live page,To do,
191,Employer Sponsored,skills-in-demand-visa,https://www.nanakmigration.com.au/skills-in-demand-visa,Stream Comparison table - English requirement footnote,Incorrect eligibility,High,** Some Specialist high-earners may be exempt from English requirements. Seek advice for your specific situation.,"Core Skills and Specialist Skills: IELTS 5.0 in each component or equivalent (tests from 13 September 2025). Labour Agreement: as set by the agreement. Exemptions apply for some passport holders, applicants with 5 years of English-medium study, and employees of an overseas business earning at least AUD96,400.","The English row shows 'Competent' for all streams and suggests a Specialist high-earner exemption; the real standard is IELTS 5.0 each and the only salary-linked exemption is for overseas-business employees earning AUD96,400+.",https://immi.homeaffairs.gov.au/visas/getting-a-visa/visa-listing/skills-in-demand-visa-subclass-482/sufficient-english,G1-017,Confirmed,,Not fixed,Old text still visible on the live page,To do,
192,Employer Sponsored,skills-in-demand-visa,https://www.nanakmigration.com.au/skills-in-demand-visa,Related pages - English Requirements card,Incorrect eligibility,Medium,Competent English is required for most 482 applicants - see approved tests and scores.,Most 482 applicants need at least IELTS 5.0 in each component or equivalent - see approved tests and scores.,"482 English standard is IELTS 5.0 each, not Competent English.",https://immi.homeaffairs.gov.au/visas/getting-a-visa/visa-listing/skills-in-demand-visa-subclass-482/sufficient-english,G1-018,Confirmed,,Not fixed,Old text still visible on the live page,To do,
193,Employer Sponsored,skills-in-demand-visa,https://www.nanakmigration.com.au/skills-in-demand-visa,Application Pathway - 05 Transition to 186 ENS,Incorrect eligibility,Medium,"After 2 years in the Core Skills or Specialist Skills stream, apply for permanent residence via the 186 TRT stream with the same employer.","After 2 years of full-time sponsored employment on a 482 visa (any stream), you may be nominated for permanent residence in the 186 TRT stream by the employer who last sponsored you.","TRT is open to 482 holders in any stream; employment with earlier sponsors in the 3-year window can count, and the nominator must be the last sponsor.",https://immi.homeaffairs.gov.au/visas/getting-a-visa/visa-listing/employer-nomination-scheme-186/temporary-residence-transition-stream,G1-019,Confirmed,,Fixed,,Done,
194,Employer Sponsored,skills-in-demand-visa,https://www.nanakmigration.com.au/skills-in-demand-visa,FAQ - What is the difference between the 482 visa and the 186 visa?,Incorrect eligibility,Medium,most 482 holders move onto it through the Temporary Residence Transition stream after 2 years of full-time work for the same sponsor.,"most 482 holders move onto it through the Temporary Residence Transition stream after 2 years of full-time sponsored work in the 3 years before applying, with a nomination from their current sponsor.",The 2 years can include employment with previous sponsors while holding a 457/482; the nominating employer must be the last sponsor.,https://immi.homeaffairs.gov.au/visas/getting-a-visa/visa-listing/employer-nomination-scheme-186/temporary-residence-transition-stream,G1-020,Confirmed,,Schema not updated,"Visible text corrected, but the old text is still in the page FAQ schema / page code that Google reads",To do,
195,Employer Sponsored,skills-in-demand-visa,https://www.nanakmigration.com.au/skills-in-demand-visa,Service schema (JSON-LD description),Outdated law/terminology,Low,"Streams: Core Skills, Specialist, Essential.","Streams: Specialist Skills, Core Skills, Labour Agreement.","The 482 streams are Specialist Skills, Core Skills and Labour Agreement; there is no Essential Skills stream.",https://immi.homeaffairs.gov.au/visas/getting-a-visa/visa-listing/skills-in-demand-visa-subclass-482/core-skills-stream,G1-021,Confirmed,,Schema not updated,"Visible text corrected, but the old text is still in the page FAQ schema / page code that Google reads",To do,
196,Employer Sponsored,skills-in-demand-visa,https://www.nanakmigration.com.au/skills-in-demand-visa,Hero / footer currency stamp,Other,Low,General information current as at August 2026.,General information current as at October 2026.,Page corrected in October 2026; also update 'Information current as at August 2026.' and 'Last reviewed: July 2026'.,https://immi.homeaffairs.gov.au/visas/getting-a-visa/visa-listing/skills-in-demand-visa-subclass-482/core-skills-stream,G1-022,Confirmed,,Fixed,,Done,
197,Employer Sponsored,sponsorship-obligations,https://www.nanakmigration.com.au/sponsorship-obligations,Overview stat card - Maximum civil penalty (individual),Outdated threshold,High,"$93,900","$87,360 - 240 penalty units per breach (breaches from 1 July 2026)","Migration Act s140Q: 240 penalty units for an approved work sponsor; penalty unit AUD364 from 1 July 2026 = AUD87,360 (AUD79,200 at the previous AUD330 unit). $93,900 is not a current figure.",https://www.legislation.gov.au/C1958A00062/latest/text ; https://www.legislation.gov.au/F2026N00424/asmade ; https://immi.homeaffairs.gov.au/visas/employing-and-sponsoring-someone/existing-sponsors/standard-business-accredited-obligations,G1-090,LEGEND-checked,Approve with amendment - Migration Act 1958 s140Q(1)(a) civil penalty 240 penalty units for an approved work sponsor; s486R(5)(b) (non-body corporate: the specified amount) - LEGEND stack 02-10-2026. AUD364 penalty unit from 1 July 2026: F2026N00424 under Crimes Act 1914 s4AA(1A).,Not fixed,Old text still visible on the live page,Query with RMA,
198,Employer Sponsored,sponsorship-obligations,https://www.nanakmigration.com.au/sponsorship-obligations,Overview stat card - Maximum civil penalty (body corporate),Outdated threshold,High,"$469,500","$436,800 - 1,200 penalty units per breach (breaches from 1 July 2026)","Body corporate maximum is 5 x 240 = 1,200 penalty units = AUD436,800 at AUD364 (Home Affairs currently shows AUD396,000 at AUD330).",https://www.legislation.gov.au/C1958A00062/latest/text ; https://www.legislation.gov.au/F2026N00424/asmade ; https://immi.homeaffairs.gov.au/visas/employing-and-sponsoring-someone/existing-sponsors/standard-business-accredited-obligations,G1-091,LEGEND-checked,"Approve with amendment - Migration Act 1958 s140Q(1)(a) (240 penalty units) and s486R(5)(a) (body corporate up to 5 times the specified penalty = 1,200 penalty units) - LEGEND stack 02-10-2026. AUD364 penalty unit from 1 July 2026: F2026N00424 under Crimes Act 1914 s4AA(1A).",Not fixed,Old text still visible on the live page,Query with RMA,
199,Employer Sponsored,sponsorship-obligations,https://www.nanakmigration.com.au/sponsorship-obligations,FAQ - Can we reduce the sponsored worker's salary?,Outdated law/terminology,Low,Reducing salary below the nominated amount - or below the Temporary Skilled Migration Income Threshold - without a new nomination may constitute a breach.,"Reducing salary below the annual earnings in the approved nomination, or giving terms less favourable than an equivalent Australian worker, may constitute a breach.",Obligation is earnings at least those in the approved nomination; TSMIT now applies only to 494/187.,https://immi.homeaffairs.gov.au/visas/employing-and-sponsoring-someone/existing-sponsors/standard-business-accredited-obligations,G1-092,Confirmed,,Schema not updated,"Old wording removed from the visible page, but it is still in the FAQ schema / page code that Google reads",To do,
200,Employer Sponsored,sponsorship-obligations,https://www.nanakmigration.com.au/sponsorship-obligations,Breaches and Sanctions list,Missing material update,Low,A sanction may prevent the business from applying for sponsorship in the future.,"A sanction may prevent the business from applying for sponsorship in the future. Employers who seriously, deliberately or repeatedly break the law can also be made subject to a prohibition declaration that stops them employing more migrant workers for a period.",Home Affairs lists Employer Prohibition (prohibition declaration) among sanctions.,https://immi.homeaffairs.gov.au/visas/employing-and-sponsoring-someone/existing-sponsors/standard-business-accredited-obligations,G1-093,Confirmed,,Fixed,,Done,
201,Employer Sponsored,sponsorship-obligations,https://www.nanakmigration.com.au/sponsorship-obligations,Hero / footer currency stamp,Other,Low,General information current as at August 2026.,General information current as at October 2026.,"Page corrected in October 2026; also update 'Figures current at August 2026.' (stat cards), 'Information current as at August 2026.' and 'Last reviewed: July 2026'.",https://immi.homeaffairs.gov.au/visas/employing-and-sponsoring-someone/existing-sponsors/standard-business-accredited-obligations,G1-094,Confirmed,,Fixed,,Done,
202,Employer Sponsored,standard-business-sponsorship,https://www.nanakmigration.com.au/standard-business-sponsorship,FAQ - Can the worker change employer after being sponsored?,Outdated law/terminology,High,"There is no sponsorship-free ""portability"" period on the 482 - the worker must have a new sponsor before leaving the current one.","If the worker's employment ends, condition 8607 gives them up to 180 days in a single period (365 days in total) to find a new sponsor or leave Australia. They cannot start work for the new employer until its nomination is approved.","Since 1 July 2024, 482 holders may stop working for their sponsor for up to 180 days per period / 365 in total.",https://immi.homeaffairs.gov.au/visas/already-have-a-visa/check-visa-details-and-conditions/see-your-visa-conditions?product=482-69,G1-078,Confirmed,,Partly fixed,"Old text removed, but the corrected figure(s) are not on the page: 8607/180/365",To do,
203,Employer Sponsored,standard-business-sponsorship,https://www.nanakmigration.com.au/standard-business-sponsorship,Ongoing Duties - sanctions note,Outdated threshold,High,"Breaching a sponsorship obligation may result in an infringement notice ($9,400 for a company)","Breaching a sponsorship obligation may result in an infringement notice of 240 penalty units (AUD87,360) for a company or 48 penalty units (AUD17,472) for an individual for each breach, at the AUD364 penalty unit that applies from 1 July 2026.","Home Affairs: infringement notice up to AUD79,200 for bodies corporate and AUD15,840 for individuals at the AUD330 unit; the penalty unit is AUD364 from 1 July 2026 (AUD87,360 / AUD17,472).",https://immi.homeaffairs.gov.au/visas/employing-and-sponsoring-someone/existing-sponsors/standard-business-accredited-obligations ; https://www.legislation.gov.au/F2026N00424/asmade,G1-086,LEGEND-checked,Approve with amendment - Migration Regulations 1994 reg 5.20A(2) (made for Migration Act s506A): approved work sponsor alleged to have contravened s140Q(1) may pay 48 penalty units (natural person) or 240 penalty units (body corporate) as an alternative to civil penalty proceedings; Migration Act s140K(1)(b) - LEGEND stack 02-10-2026. Penalty unit AUD364 from 1 July 2026: F2026N00424 under Crimes Act 1914 s4AA(1A).,Partly fixed,New text added but the old text is still on the page (both versions showing),Query with RMA,
204,Employer Sponsored,standard-business-sponsorship,https://www.nanakmigration.com.au/standard-business-sponsorship,FAQ - What are the employer sponsorship obligations?,Incorrect eligibility,Medium,retain employment records for five years,keep records for the sponsorship period and for 2 years after it ends,Record-keeping obligation ends 2 years after sponsorship ends and no sponsored worker is employed.,https://immi.homeaffairs.gov.au/visas/employing-and-sponsoring-someone/existing-sponsors/standard-business-accredited-obligations,G1-079,Confirmed,,Schema not updated,"Old wording removed from the visible page, but it is still in the FAQ schema / page code that Google reads",To do,
205,Employer Sponsored,standard-business-sponsorship,https://www.nanakmigration.com.au/standard-business-sponsorship,Ongoing Duties - Sponsorship obligations tabs,Incorrect eligibility,Medium,Keep records for five years,Keep records until 2 years after sponsorship ends,Record-keeping runs to 2 years after sponsorship ends (inspector cooperation obligation runs 5 years).,https://immi.homeaffairs.gov.au/visas/employing-and-sponsoring-someone/existing-sponsors/standard-business-accredited-obligations,G1-080,Confirmed,,Fixed,,Done,
206,Employer Sponsored,standard-business-sponsorship,https://www.nanakmigration.com.au/standard-business-sponsorship,FAQ - Does SBS need to be renewed?,Incorrect eligibility,Medium,Standard Business Sponsorship is granted for 5 years (established businesses) or 1 year (new entrants).,Standard Business Sponsorship is granted for 5 years from the date of approval.,Home Affairs: SBS lasts 5 years from the date of approval; no 1-year new-entrant term is published.,https://immi.homeaffairs.gov.au/visas/employing-and-sponsoring-someone/sponsoring-workers/becoming-a-sponsor/standard-business-sponsor,G1-081,Confirmed,,Schema not updated,"Visible text corrected, but the old text is still in the page FAQ schema / page code that Google reads",To do,
207,Employer Sponsored,standard-business-sponsorship,https://www.nanakmigration.com.au/standard-business-sponsorship,The Sequence - 01 SBS Business Approval,Incorrect eligibility,Medium,Validity: 5 years (standard) or 1 year (new entrant).,Validity: 5 years from approval.,SBS lasts 5 years from approval. The same card also says DHA assesses a 'training record' - training benchmarks no longer apply.,https://immi.homeaffairs.gov.au/visas/employing-and-sponsoring-someone/sponsoring-workers/becoming-a-sponsor/standard-business-sponsor,G1-082,Confirmed,,Fixed,,Done,
208,Employer Sponsored,standard-business-sponsorship,https://www.nanakmigration.com.au/standard-business-sponsorship,Hero intro,Incorrect eligibility,Medium,"The foundational employer approval that unlocks access to the Skills in Demand (482), Employer Nomination Scheme (186), and regional employer-sponsored (494) visa streams.",The employer approval needed to sponsor workers on the Skills in Demand (482) and Skilled Employer Sponsored Regional (494) visas.,SBS covers 482 and 494; 186 nominations do not need SBS.,https://immi.homeaffairs.gov.au/visas/employing-and-sponsoring-someone/sponsoring-workers/becoming-a-sponsor,G1-083,Confirmed,,Fixed,,Done,
209,Employer Sponsored,standard-business-sponsorship,https://www.nanakmigration.com.au/standard-business-sponsorship,Quick Answer,Incorrect eligibility,Medium,Standard Business Sponsorship is the employer approval needed before nominating workers on Skills in Demand (subclass 482) or the Employer Nomination Scheme (subclass 186),Standard Business Sponsorship is the employer approval needed before nominating workers on Skills in Demand (subclass 482) or Skilled Employer Sponsored Regional (subclass 494) visas,"186 nominators need an actively and lawfully operating Australian business, not SBS.",https://immi.homeaffairs.gov.au/visas/employing-and-sponsoring-someone/sponsoring-workers/becoming-a-sponsor ; https://immi.homeaffairs.gov.au/visas/getting-a-visa/visa-listing/employer-nomination-scheme-186/temporary-residence-transition-stream,G1-084,Confirmed,,Fixed,,Done,
210,Employer Sponsored,standard-business-sponsorship,https://www.nanakmigration.com.au/standard-business-sponsorship,SBS eligibility requirements,Outdated law/terminology,Medium,Training record or undertaking to maintain training spend,"A strong record of, or demonstrated commitment to, employing local labour, and a declaration that you will not engage in discriminatory recruitment practices","Current SBS criteria: legally established and operating business, no adverse information, commitment to local labour, non-discriminatory recruitment declaration. Training benchmarks were replaced by the SAF levy.",https://immi.homeaffairs.gov.au/visas/employing-and-sponsoring-someone/sponsoring-workers/becoming-a-sponsor/standard-business-sponsor,G1-085,Confirmed,,Fixed,,Done,
211,Employer Sponsored,standard-business-sponsorship,https://www.nanakmigration.com.au/standard-business-sponsorship,Fees table - Visa application charge,Outdated fee,Medium,"482 base: $3,115 (primary) + $1,545 (secondary applicant).","482: $4,015 for the main applicant and each dependant 18 or over, $1,005 for each dependant under 18 (from 1 July 2026).","482 VAC from 1 July 2026: AUD4,015 / AUD4,015 / AUD1,005.",https://immi.homeaffairs.gov.au/visas/getting-a-visa/visa-listing/skills-in-demand-visa-subclass-482/core-skills-stream,G1-087,Confirmed,,Partly fixed,"Old text removed, but the corrected figure(s) are not on the page: 1,005",To do,
212,Employer Sponsored,standard-business-sponsorship,https://www.nanakmigration.com.au/standard-business-sponsorship,The Sequence - 02 Nomination,Outdated law/terminology,Low,meet the TSMIT or annual earnings threshold,"meet the annual market salary rate and the relevant income threshold (CSIT for Core Skills, SSIT for Specialist Skills, TSMIT for 494)",TSMIT applies only to 494/187 since 7 Dec 2024. Same fix for 'TSMIT or annual earnings check' in the process timeline.,https://immi.homeaffairs.gov.au/visas/employing-and-sponsoring-someone/sponsoring-workers/nominating-a-position/salary-requirements,G1-088,Confirmed,,Fixed,,Done,
213,Employer Sponsored,standard-business-sponsorship,https://www.nanakmigration.com.au/standard-business-sponsorship,Hero / footer currency stamp,Other,Low,General information current as at August 2026.,General information current as at October 2026.,"Page corrected in October 2026; also update 'Figures current as at 1 July 2026', 'Information current as at August 2026.' and 'Last reviewed: July 2026'.",https://immi.homeaffairs.gov.au/visas/employing-and-sponsoring-someone/sponsoring-workers/learn-about-sponsoring/cost-of-sponsoring,G1-089,Confirmed,,Fixed,,Done,
214,Employer Sponsored,temporary-work-403,https://www.nanakmigration.com.au/temporary-work-403,Hero intro,Missing material update,Medium,"The subclass 403 covers five distinct streams: Government Agreement, Foreign Government Agency, Domestic Worker (Diplomatic or Consular), Privileges and Immunities, and the Pacific Australia Labour Mobility (PALM) scheme.","The subclass 403 has six streams: Government Agreement, Foreign Government Agency, Domestic Worker (Diplomatic or Consular), Privileges and Immunities, Pacific Australia Labour Mobility (PALM), and the Mobility Arrangement for Talented Early-professionals Scheme (MATES), which lets selected Indian graduates and early-career professionals live and work in Australia for up to 2 years.","Home Affairs lists six 403 streams including MATES (ballot-selected Indian graduates, up to 2 years, from AUD470). Update 'five' wherever it appears (intro, schema, 'Five distinct pathways' heading).",https://immi.homeaffairs.gov.au/visas/getting-a-visa/visa-listing/temporary-work-403 ; https://immi.homeaffairs.gov.au/visas/getting-a-visa/fees-and-charges/current-visa-pricing,G2-101,Confirmed,,Fixed,,Done,
215,Employer Sponsored,temporary-work-403,https://www.nanakmigration.com.au/temporary-work-403,The Five Streams - Government Agreement stay period,Other,Low,Duration of the agreement or arrangement - varies by agreement.,"Up to 4 years, as set out in the visa grant notice.",Government Agreement stream: stay may be up to 4 years.,https://immi.homeaffairs.gov.au/visas/getting-a-visa/visa-listing/temporary-work-403,G2-102,Confirmed,,Not fixed,Old text still visible on the live page,To do,
216,Employer Sponsored,temporary-work-403,https://www.nanakmigration.com.au/temporary-work-403,The Five Streams - Domestic Worker stay period,Other,Low,"Duration of the diplomat's posting in Australia, typically renewed with the principal visa holder.",Up to 12 months on the first visa; a further visa can be granted for the period in the DFAT support letter.,Domestic Worker stream: up to 12 months on first visa; further visa per DFAT support letter; worker must be 18+ and work in the household of a subclass 995 holder.,https://immi.homeaffairs.gov.au/visas/getting-a-visa/visa-listing/temporary-work-403,G2-103,Confirmed,,Not fixed,Old text still visible on the live page,To do,
217,Employer Sponsored,temporary-work-403,https://www.nanakmigration.com.au/temporary-work-403,FAQ - What is the Foreign Government Agency stream - who uses it?,Incorrect eligibility,Low,"This covers staff of foreign embassies, consulates, and official government bodies who do not hold diplomatic status (which would otherwise be covered by the Diplomatic visa).","It covers representatives of a foreign government agency that does not have official status in Australia, and foreign language teachers employed by a foreign government to teach in Australian schools.",Home Affairs description of the Foreign Government Agency stream.,https://immi.homeaffairs.gov.au/visas/getting-a-visa/visa-listing/temporary-work-403,G2-104,Confirmed,,Schema not updated,"Old wording removed from the visible page, but it is still in the FAQ schema / page code that Google reads",To do,
218,Employer Sponsored,temporary-work-403,https://www.nanakmigration.com.au/temporary-work-403,Hero / 'current as at' stamp (also update the matching 'Information current as at' line in the footer disclaimer),Other,Low,General information current as at August 2026.,General information current as at October 2026. Requirements are subject to change - verify with the Department of Home Affairs before lodging.,Page content corrected in October 2026 audit - currency stamp should match.,n/a (housekeeping),G2-105,Confirmed,,Fixed,,Done,
219,Employer Sponsored,visa-conditions-482,https://www.nanakmigration.com.au/visa-conditions-482,The Short Answer,Wrong legal reference,High,"The most important condition on a subclass 482 visa is condition 8107, which restricts the visa holder to working for the sponsoring employer in the nominated occupation.","The most important condition on a subclass 482 visa is condition 8607, which restricts the visa holder to working for the sponsoring employer (or its associated entity) in the nominated occupation.","The 482 carries condition 8607 (with 8303 and 8501), not 8107 (a 457-era condition). Replace every '8107' on this page, including the page title 'Condition 8107 Explained', the 'Condition 8107' stat card and the on-page nav label.",https://immi.homeaffairs.gov.au/visas/already-have-a-visa/check-visa-details-and-conditions/see-your-visa-conditions?product=482-69,G1-060,Confirmed,,Fixed,,Done,
220,Employer Sponsored,visa-conditions-482,https://www.nanakmigration.com.au/visa-conditions-482,Condition 8107 - Work Restriction,Wrong legal reference,High,Condition 8107 is attached to every primary subclass 482 visa holder.,Condition 8607 is attached to subclass 482 visas.,Condition 8607 applies to the 482.,https://immi.homeaffairs.gov.au/visas/already-have-a-visa/check-visa-details-and-conditions/see-your-visa-conditions?product=482-69,G1-061,Confirmed,,Fixed,Reworded - key figures confirmed on page,Done,
221,Employer Sponsored,visa-conditions-482,https://www.nanakmigration.com.au/visa-conditions-482,FAQ - What happens if I lose my job while on a 482?,Outdated law/terminology,High,"If your employment ends, you generally have up to 60 days to find a new approved sponsor and have a new nomination lodged, or to depart Australia. The 60-day period is not guaranteed and depends on individual circumstances.","If your employment ends, you can stop working (or work for others) for up to 180 days in a single period, and up to 365 days in total over the life of your visa, while you find a new sponsor or arrange to leave Australia.",From 1 July 2024 condition 8607 allows up to 180 days per period and 365 days in total.,https://immi.homeaffairs.gov.au/visas/already-have-a-visa/check-visa-details-and-conditions/see-your-visa-conditions?product=482-69 ; https://immi.homeaffairs.gov.au/visas/getting-a-visa/visa-listing/skills-in-demand-visa-subclass-482/core-skills-stream,G1-062,Confirmed,,Schema not updated,"Old wording removed from the visible page, but it is still in the FAQ schema / page code that Google reads",To do,
222,Employer Sponsored,visa-conditions-482,https://www.nanakmigration.com.au/visa-conditions-482,Overview stat card - 60 days,Outdated law/terminology,High,Visa holders who cease employment may have up to 60 days to find a new sponsor before departure is required.,Visa holders who stop working for their sponsor have up to 180 days in a single period (365 days in total) to find a new sponsor or leave Australia.,180 days per period / 365 total since 1 July 2024; change the '60 days' card heading too.,https://immi.homeaffairs.gov.au/visas/already-have-a-visa/check-visa-details-and-conditions/see-your-visa-conditions?product=482-69,G1-063,Confirmed,,Fixed,Reworded - key figures confirmed on page,Done,
223,Employer Sponsored,visa-conditions-482,https://www.nanakmigration.com.au/visa-conditions-482,FAQ - Can I do any work for a different employer on my 482?,Wrong legal reference,Medium,Generally no. Condition 8107 restricts you to your sponsoring employer and nominated occupation.,"Generally no. Condition 8607 restricts you to your sponsoring employer (or its associated entity) and nominated occupation, except during a permitted period of up to 180 days after your employment ends.",8607 applies; work outside the condition is allowed for up to 180 days in a period / 365 in total after employment ends.,https://immi.homeaffairs.gov.au/visas/already-have-a-visa/check-visa-details-and-conditions/see-your-visa-conditions?product=482-69,G1-064,Confirmed,,Schema not updated,"Old wording removed from the visible page, but it is still in the FAQ schema / page code that Google reads",To do,
224,Employer Sponsored,visa-conditions-482,https://www.nanakmigration.com.au/visa-conditions-482,FAQ - Does my partner have to work for my employer too?,Wrong legal reference,Low,Condition 8107 applies only to the primary visa holder.,Condition 8607 applies only to the primary visa holder.,Condition number is 8607. Same fix for 'Secondary applicants do not hold condition 8107 - only the primary visa holder does.',https://immi.homeaffairs.gov.au/visas/already-have-a-visa/check-visa-details-and-conditions/see-your-visa-conditions?product=482-69,G1-065,Confirmed,,Schema not updated,"Old wording removed from the visible page, but it is still in the FAQ schema / page code that Google reads",To do,
225,Employer Sponsored,visa-conditions-482,https://www.nanakmigration.com.au/visa-conditions-482,FAQ - What does 'commence work within 90 days' mean?,Wrong legal reference,Low,Condition 8107 generally requires you to commence work with your sponsoring employer within 90 days of your visa being granted (or your first entry if you were offshore at grant).,Condition 8607 requires you to start work within 90 days of arriving in Australia (if you were outside Australia when the visa was granted) or within 90 days of the grant date (if you were in Australia).,90-day start rule sits in condition 8607. Also fix 'Commence employment within 90 days of your visa grant or entry (whichever is later).' to the same wording.,https://immi.homeaffairs.gov.au/visas/already-have-a-visa/check-visa-details-and-conditions/see-your-visa-conditions?product=482-69,G1-066,Confirmed,,Schema not updated,"Old wording removed from the visible page, but it is still in the FAQ schema / page code that Google reads",To do,
226,Employer Sponsored,visa-conditions-482,https://www.nanakmigration.com.au/visa-conditions-482,Hero / footer currency stamp,Other,Low,General information current as at August 2026.,General information current as at October 2026.,Page corrected in October 2026; also update 'Information current as at August 2026.' and 'Last reviewed: July 2026'.,https://immi.homeaffairs.gov.au/visas/already-have-a-visa/check-visa-details-and-conditions/see-your-visa-conditions?product=482-69,G1-067,Confirmed,,Fixed,,Done,
227,Skilled,english-requirements,https://www.nanakmigration.com.au/english-requirements,Test Score Guide - Competent English row,Outdated threshold,High,Generally 50 in each of the 4 components,"Tests from 7 Aug 2025 - PTE Academic: L47 R48 W51 S54; TOEFL iBT: L16 R16 W19 S19; C1 Advanced: L163 R163 W170 S179; OET: L290 R310 W290 S330; IELTS: 6 each. (Tests on or before 6 Aug 2025: PTE 50 each, TOEFL L12 R13 W21 S21, C1 169 each, OET B each.)",Competent English thresholds changed for tests from 7 August 2025.,https://immi.homeaffairs.gov.au/help-support/meeting-our-requirements/english-language/competent-english,G3-095,Confirmed,,Fixed,,Done,
228,Skilled,english-requirements,https://www.nanakmigration.com.au/english-requirements,Test Score Guide - Proficient English row,Outdated threshold,High,Generally 65 in each of the 4 components,"Tests from 7 Aug 2025 - PTE Academic: L58 R59 W69 S76; TOEFL iBT: L22 R22 W26 S24; C1 Advanced: L175 R179 W193 S194; OET: L350 R360 W380 S360; IELTS: 7 each. (Tests on or before 6 Aug 2025: PTE 65 each, TOEFL L24 R24 W27 S23, C1 185 each, OET B each.)",Proficient English thresholds changed for tests from 7 August 2025.,https://immi.homeaffairs.gov.au/help-support/meeting-our-requirements/english-language/proficient-english,G3-096,Confirmed,,Fixed,,Done,
229,Skilled,english-requirements,https://www.nanakmigration.com.au/english-requirements,Test Score Guide - Superior English row,Outdated threshold,High,Generally 79 in each of the 4 components,"Tests from 7 Aug 2025 - PTE Academic: L69 R70 W85 S88; TOEFL iBT: L26 R27 W30 S28; C1 Advanced: L186 R190 W210 S208; OET: L390 R400 W420 S400; IELTS: 8 each. (Tests on or before 6 Aug 2025: PTE 79 each, TOEFL L28 R29 W30 S26, C1 200 each, OET A each.)",Superior English thresholds changed for tests from 7 August 2025.,https://immi.homeaffairs.gov.au/help-support/meeting-our-requirements/english-language/superior-english,G3-097,Confirmed,,Fixed,,Done,
230,Skilled,english-requirements,https://www.nanakmigration.com.au/english-requirements,"Test Score Guide - Superior English, TOEFL iBT cell",Outdated threshold,High,"Generally: Reading 24, Listening 24, Speaking 23, Writing 27 (highest tier; confirm current instrument)","Tests from 7 Aug 2025: Listening 26, Reading 27, Writing 30, Speaking 28. Tests on or before 6 Aug 2025: Listening 28, Reading 29, Writing 30, Speaking 26.","The figures shown are the old Proficient scores, not Superior.",https://immi.homeaffairs.gov.au/help-support/meeting-our-requirements/english-language/superior-english,G3-098,Confirmed,,Fixed,,Done,
231,Skilled,english-requirements,https://www.nanakmigration.com.au/english-requirements,"Test Score Guide - Superior English, OET cell",Incorrect eligibility,High,OET generally does not satisfy Superior English,"OET: Listening 390, Reading 400, Writing 420, Speaking 400 (tests from 7 Aug 2025); grade A in each component for tests on or before 6 Aug 2025",OET is an approved test for Superior English.,https://immi.homeaffairs.gov.au/help-support/meeting-our-requirements/english-language/superior-english,G3-099,Confirmed,,Fixed,,Done,
232,Skilled,english-requirements,https://www.nanakmigration.com.au/english-requirements,Key facts - approved tests,Missing material update,Medium,5 approved tests,"9 approved tests: IELTS Academic, IELTS General Training, PTE Academic, TOEFL iBT, OET, Cambridge C1 Advanced, CELPIP General, LANGUAGECERT Academic and Michigan English Test (MET). MET cannot be used for Superior English.",From 7 August 2025 Home Affairs approves nine tests.,https://immi.homeaffairs.gov.au/help-support/meeting-our-requirements/english-language/competent-english ; https://immi.homeaffairs.gov.au/help-support/meeting-our-requirements/english-language/superior-english ; https://www.legislation.gov.au/F2025L00905/asmade/text,G3-094,Confirmed,,Fixed,,Done,
233,Skilled,english-requirements,https://www.nanakmigration.com.au/english-requirements,Test Score Guide - Vocational English row,Outdated threshold,Medium,Generally 36 in each of the 4 components,Tests from 7 Aug 2025 - PTE Academic: L33 R36 W29 S24 (tests on or before 6 Aug 2025: 36 in each),Vocational PTE thresholds changed for tests from 7 August 2025.,https://immi.homeaffairs.gov.au/help-support/meeting-our-requirements/english-language/vocational-english,G3-100,Confirmed,,Fixed,,Done,
234,Skilled,english-requirements,https://www.nanakmigration.com.au/english-requirements,Key facts - At invitation AND decision,Incorrect eligibility,Medium,English must be met twice - at invitation and at visa decision,"For the 189, 190 and 491, Competent English is assessed at the time of invitation","Home Affairs 189 eligibility: 'At the time of invitation, you must have at least competent English.'",https://immi.homeaffairs.gov.au/visas/getting-a-visa/visa-listing/skilled-independent-189/points-tested,G3-101,Confirmed,,Not fixed,Old text still visible on the live page,To do,
235,Skilled,english-requirements,https://www.nanakmigration.com.au/english-requirements,Exemptions - OET is occupation-specific,Incorrect eligibility,Medium,The Occupational English Test (OET) is only available to applicants in specific healthcare-related occupations.,"The Occupational English Test (OET) is designed for health professionals. Home Affairs lists it as an approved test for Competent, Proficient and Superior English, but check whether your skills assessing authority accepts it.",Home Affairs approves OET without limiting it to health occupations.,https://immi.homeaffairs.gov.au/help-support/meeting-our-requirements/english-language/competent-english ; https://immi.homeaffairs.gov.au/help-support/meeting-our-requirements/english-language/proficient-english ; https://immi.homeaffairs.gov.au/help-support/meeting-our-requirements/english-language/superior-english,G3-102,Confirmed,,Fixed,,Done,
236,Skilled,english-requirements,https://www.nanakmigration.com.au/english-requirements,Test Validity - Most tests are valid for 3 years,Incorrect eligibility,Medium,OET results are generally accepted for 2 years.,"OET results are accepted on the same basis as other approved tests - generally within 3 years before the application (12 months for the subclass 485), depending on the visa.","Home Affairs applies the same 3-year rule to all approved tests, subject to the visa.",https://immi.homeaffairs.gov.au/help-support/meeting-our-requirements/english-language/competent-english ; https://immi.homeaffairs.gov.au/visas/getting-a-visa/visa-listing/temporary-graduate-485/post-higher-education-work,G3-103,Confirmed,,Fixed,,Done,
237,Skilled,english-requirements,https://www.nanakmigration.com.au/english-requirements,Page stamps,Other,Low,General information current as at July 2026.,General information current as at October 2026.,Page corrected in October 2026.,https://immi.homeaffairs.gov.au/help-support/meeting-our-requirements/english-language/competent-english,G3-104,Confirmed,,Fixed,,Done,
238,Skilled,invitation-rounds,https://www.nanakmigration.com.au/invitation-rounds,The Invitation Round System,Wrong legal reference,High,The Migration Act 1958 requires the Minister to hold at least one invitation round per month for each relevant visa subclass.,"Home Affairs runs invitation rounds periodically during the program year - there is no legal requirement to hold a monthly round. In 2025-26 rounds were held on 21 August 2025, 13 November 2025 and 4 June 2026, and the next 189 round is expected by 31 October 2026.",No statutory monthly round; Home Affairs runs rounds 'periodically during the program year'.,https://immi.homeaffairs.gov.au/visas/working-in-australia/skillselect/invitation-rounds ; https://immi.homeaffairs.gov.au/visas/working-in-australia/skillselect/previous-rounds,G3-067,Confirmed,,Fixed,,Done,
239,Skilled,invitation-rounds,https://www.nanakmigration.com.au/invitation-rounds,FAQ - How often are invitation rounds held?,Wrong legal reference,High,The Department is required to hold at least one invitation round per month for each relevant visa subclass.,"Home Affairs runs rounds periodically and is not required to hold one each month. In 2025-26 there were three 189 rounds (August 2025, November 2025 and June 2026).",Rounds are periodic; none between 13 Nov 2025 and 4 Jun 2026.,https://immi.homeaffairs.gov.au/visas/working-in-australia/skillselect/invitation-rounds ; https://immi.homeaffairs.gov.au/visas/working-in-australia/skillselect/previous-rounds,G3-068,Confirmed,,Schema not updated,"Old wording removed from the visible page, but it is still in the FAQ schema / page code that Google reads",To do,
240,Skilled,invitation-rounds,https://www.nanakmigration.com.au/invitation-rounds,Key facts - Monthly,Wrong legal reference,High,"The Department is required to hold at least one round per month, but additional rounds may be held.",Home Affairs runs rounds periodically during the program year. The timing is not fixed or published in advance.,"Rounds are periodic, not monthly.",https://immi.homeaffairs.gov.au/visas/working-in-australia/skillselect/invitation-rounds,G3-069,Confirmed,,Fixed,,Done,
241,Skilled,invitation-rounds,https://www.nanakmigration.com.au/invitation-rounds,The Short Answer,Wrong legal reference,High,conducts invitation rounds at least monthly through SkillSelect,conducts invitation rounds periodically through SkillSelect,"Rounds are periodic, not monthly.",https://immi.homeaffairs.gov.au/visas/working-in-australia/skillselect/invitation-rounds,G3-070,Confirmed,,Fixed,,Done,
242,Skilled,invitation-rounds,https://www.nanakmigration.com.au/invitation-rounds,The Short Answer,Incorrect eligibility,Medium,then by date of EOI submission (older EOIs ranked higher when points are tied),then by date of effect - the date and time the EOI reached its points score (earlier date of effect ranks higher when points are tied),Ties are broken by date of effect.,https://immi.homeaffairs.gov.au/visas/working-in-australia/skillselect/invitation-rounds,G3-071,Confirmed,,Fixed,,Done,
243,Skilled,invitation-rounds,https://www.nanakmigration.com.au/invitation-rounds,FAQ - Does updating my EOI reset my place in the queue?,Incorrect eligibility,Medium,SkillSelect resets the date and time recorded against your EOI to the date of the update.,"The tie-break 'date of effect' is the date and time your EOI reached its current points score for that subclass, so it changes when an update changes your points score.","Home Affairs defines the tie-break as the time the EOI reached its score for that subclass, not the last edit date.",https://immi.homeaffairs.gov.au/visas/working-in-australia/skillselect/invitation-rounds,G3-072,Confirmed,,Schema not updated,"Old wording removed from the visible page, but it is still in the FAQ schema / page code that Google reads",To do,
244,Skilled,invitation-rounds,https://www.nanakmigration.com.au/invitation-rounds,How to Read Published Round Results,Incorrect eligibility,Medium,the date of the earliest EOI submitted at that points score,the tie-break date (month and year) - EOIs at the lowest invited score with a date of effect on or before that date were invited,"Home Affairs publishes total EOIs invited, a tie-break date and minimum score by occupation.",https://immi.homeaffairs.gov.au/visas/working-in-australia/skillselect/invitation-rounds,G3-073,Confirmed,,Fixed,,Done,
245,Skilled,invitation-rounds,https://www.nanakmigration.com.au/invitation-rounds,Page stamps,Other,Low,General information current as at August 2026.,General information current as at October 2026.,Page corrected in October 2026.,https://immi.homeaffairs.gov.au/visas/working-in-australia/skillselect/invitation-rounds,G3-074,Confirmed,,Fixed,,Done,
246,Skilled,national-innovation-visa,https://www.nanakmigration.com.au/national-innovation-visa,Subclass 858 Visa Application Charge,Outdated fee,High,"The Visa Application Charge (VAC) for the subclass 858 is approximately $4,640 for the primary applicant.","The Visa Application Charge (VAC) for the subclass 858 is AUD6,235 for the primary applicant, AUD3,120 for each additional applicant aged 18 or over and AUD1,560 for each applicant under 18 (from 1 July 2026).","NIV VAC 2026-27: AUD6,235 / AUD3,120 / AUD1,560.",https://immi.homeaffairs.gov.au/visas/getting-a-visa/fees-and-charges/current-visa-pricing,G3-105,Confirmed,,Fixed,,Done,
247,Skilled,national-innovation-visa,https://www.nanakmigration.com.au/national-innovation-visa,FAQ - How recent do my achievements need to be?,Incorrect eligibility,High,There is no fixed recency requirement for subclass 858 achievements.,"You must still be prominent in your area - Home Affairs expects you to continue to be active, with recent exceptional achievements. Earlier achievements help establish your record but need to be supported by recent evidence.",Criterion 'Be still prominent': continue to be active with recent exceptional achievements.,https://immi.homeaffairs.gov.au/visas/getting-a-visa/visa-listing/national-innovation-visa-858,G3-110,Confirmed,,Schema not updated,"Old wording removed from the visible page, but it is still in the FAQ schema / page code that Google reads",To do,
248,Skilled,national-innovation-visa,https://www.nanakmigration.com.au/national-innovation-visa,Hero,Incorrect eligibility,Medium,"in academia and research, sport, the arts, or innovative technology sectors","in a profession, a sport, the arts, or academia and research","Home Affairs eligible areas: a profession, a sport, the arts, academia and research.",https://immi.homeaffairs.gov.au/visas/getting-a-visa/visa-listing/national-innovation-visa-858,G3-106,Confirmed,,Fixed,,Done,
249,Skilled,national-innovation-visa,https://www.nanakmigration.com.au/national-innovation-visa,The Short Answer,Incorrect eligibility,Medium,"academia and research, sport, the arts, or innovative technology.","a profession, a sport, the arts, or academia and research.","Home Affairs eligible areas: a profession, a sport, the arts, academia and research.",https://immi.homeaffairs.gov.au/visas/getting-a-visa/visa-listing/national-innovation-visa-858,G3-107,Confirmed,,Fixed,,Done,
250,Skilled,national-innovation-visa,https://www.nanakmigration.com.au/national-innovation-visa,Eligibility - Eligible field,Incorrect eligibility,Medium,Your achievements must be in one of the four eligible fields: academia and research; sport; the arts; or innovative technology sectors.,Your achievements must be in one of the four eligible areas: a profession; a sport; the arts; or academia and research.,"Home Affairs eligible areas: a profession, a sport, the arts, academia and research.",https://immi.homeaffairs.gov.au/visas/getting-a-visa/visa-listing/national-innovation-visa-858,G3-108,Confirmed,,Fixed,,Done,
251,Skilled,national-innovation-visa,https://www.nanakmigration.com.au/national-innovation-visa,The Short Answer,Incorrect eligibility,Medium,"There is no age requirement, no points test, and no skills assessment.","You can apply at any age, but if you are under 18 or 55 or older you must show you would be of exceptional benefit to the Australian community. There is no points test and no skills assessment.","Any age, but under-18s and those 55+ must be of exceptional benefit to the Australian community.",https://immi.homeaffairs.gov.au/visas/getting-a-visa/visa-listing/national-innovation-visa-858,G3-109,Confirmed,,Fixed,,Done,
252,Skilled,national-innovation-visa,https://www.nanakmigration.com.au/national-innovation-visa,Page stamps,Other,Low,General information current as at August 2026.,General information current as at October 2026.,Page corrected in October 2026.,https://immi.homeaffairs.gov.au/visas/getting-a-visa/visa-listing/national-innovation-visa-858,G3-111,Confirmed,,Fixed,,Done,
253,Skilled,points-test,https://www.nanakmigration.com.au/points-test,Section 1 - English language ability,Missing material update,Medium,"Assessed by an approved English language test (IELTS, PTE Academic, TOEFL iBT, OET, or Cambridge C1 Advanced).","Assessed by an approved English language test taken at a test centre (IELTS Academic or General Training, PTE Academic, TOEFL iBT, OET, Cambridge C1 Advanced, CELPIP General, LANGUAGECERT Academic or Michigan English Test - MET cannot be used for Superior English).","From 7 August 2025 nine tests are approved (CELPIP General, LANGUAGECERT Academic and MET added).",https://immi.homeaffairs.gov.au/help-support/meeting-our-requirements/english-language/competent-english ; https://immi.homeaffairs.gov.au/help-support/meeting-our-requirements/english-language/superior-english ; https://www.legislation.gov.au/F2025L00905/asmade/text,G3-048,Confirmed,,Fixed,,Done,
254,Skilled,points-test,https://www.nanakmigration.com.au/points-test,Section 1 - Credentialled community language,Incorrect eligibility,Medium,Must have been granted in the 3 years before the invitation.,"You must be accredited at the paraprofessional level or above, certified at the certified provisional level or above, or hold a NAATI community language credential for interpreting or translating.",Home Affairs sets no 3-year recency rule for NAATI points; it lists the accepted credential levels.,https://immi.homeaffairs.gov.au/visas/getting-a-visa/visa-listing/skilled-independent-189/points-table,G3-049,Confirmed,,Fixed,,Done,
255,Skilled,points-test,https://www.nanakmigration.com.au/points-test,Section 1 - Partner skills,Incorrect eligibility,Medium,"Single, OR partner is an Australian citizen or PR with Competent English","Single, OR partner is an Australian citizen or permanent resident (no English requirement)",10 points for single applicants or where the partner is an Australian citizen/PR - no English requirement.,https://immi.homeaffairs.gov.au/visas/getting-a-visa/visa-listing/skilled-independent-189/points-table,G3-050,Confirmed,,Fixed,,Done,
256,Skilled,points-test,https://www.nanakmigration.com.au/points-test,Section 1 - Partner skills,Incorrect eligibility,Medium,The partner must have a positive skills assessment in their own nominated occupation.,"At invitation your partner must be under 45, have Competent English, nominate an occupation on the same list as yours and hold a suitable skills assessment (not one obtained for a 485 visa). If your partner is applying and has Competent English only, you can claim 5 points.",Skilled partner (10) criteria and the 5-point Competent English option.,https://immi.homeaffairs.gov.au/visas/getting-a-visa/visa-listing/skilled-independent-189/points-table,G3-051,Confirmed,,Fixed,,Done,
257,Skilled,points-test,https://www.nanakmigration.com.au/points-test,Section 3 - Points are assessed at invitation AND at decision,Incorrect eligibility,Medium,"If your circumstances change (e.g., you turn 45, or your English test expires) between invitation and decision, this can affect the outcome.","Age, English and most other points are assessed at the time of invitation, so turning 45 after you are invited does not stop you applying. You must still evidence every claim as it stood at invitation, and the single/Australian partner claim is assessed when the visa is decided.",Age is tested at invitation ('You can still apply if you turn 45 after we invite you'); English at invitation; single/Australian partner item is not assessed at invitation.,https://immi.homeaffairs.gov.au/visas/getting-a-visa/visa-listing/skilled-independent-189/points-tested ; https://immi.homeaffairs.gov.au/visas/getting-a-visa/visa-listing/skilled-independent-189/points-table,G3-052,Confirmed,,Fixed,,Done,
258,Skilled,points-test,https://www.nanakmigration.com.au/points-test,Section 3 - Rounds are held at the Department's discretion,Outdated law/terminology,Medium,"The Department of Home Affairs issues invitations in regular rounds, typically monthly, but timing and frequency are not fixed.","Home Affairs runs invitation rounds for the 189 and family-sponsored 491 periodically - in 2025-26 there were three rounds (August 2025, November 2025 and June 2026). Timing and frequency are not fixed.","Rounds are periodic, not monthly.",https://immi.homeaffairs.gov.au/visas/working-in-australia/skillselect/invitation-rounds ; https://immi.homeaffairs.gov.au/visas/working-in-australia/skillselect/previous-rounds,G3-053,Confirmed,,Fixed,,Done,
259,Skilled,points-test,https://www.nanakmigration.com.au/points-test,Section 1 - footnote,Wrong legal reference,Medium,Based on the points test set by the Migration (IMMI 23/102) Instrument 2023 and amendments.,Based on the points test in Schedule 6D of the Migration Regulations 1994 and the Home Affairs points table.,The points test is in Schedule 6D of the Migration Regulations 1994; no 'IMMI 23/102' instrument was found on the Federal Register.,https://www.legislation.gov.au/F1996B03551/latest/text ; https://immi.homeaffairs.gov.au/visas/getting-a-visa/visa-listing/skilled-independent-189/points-table,G3-055,LEGEND-checked,"Approve as proposed - Migration Act 1958 s93; Migration Regulations 1994 reg 2.26AC (qualifications and points in Schedule 6D prescribed for Subclass 189 Points-tested, 190, 489 and 491) and Schedule 6D - LEGEND stack 02-10-2026. Pass mark set by Migration (LIN 19/210: Pool and Pass Marks for General Skilled Migration Visas) Instrument 2019 (F2019L01400), listed in LEGEND Act registered instruments. No 'IMMI 23/102' instrument appears in LEGEND's Act or Regulations instrument lists.",Not fixed,Old text still visible on the live page,Query with RMA,
260,Skilled,points-test,https://www.nanakmigration.com.au/points-test,Points at a glance,Incorrect eligibility,Low,minimum (up to 160),minimum (maximum about 145 with 491 nomination),"Maximum under the points table: 130 (189), 135 (190), 145 (491) - employment capped at 20.",https://immi.homeaffairs.gov.au/visas/getting-a-visa/visa-listing/skilled-independent-189/points-table,G3-046,Confirmed,,Not fixed,Old text still visible on the live page,To do,
261,Skilled,points-test,https://www.nanakmigration.com.au/points-test,Section 2 - calculator,Incorrect eligibility,Low,Max possible: 160 points,Max possible: 145 points (491),Maximum possible is 145.,https://immi.homeaffairs.gov.au/visas/getting-a-visa/visa-listing/skilled-independent-189/points-table,G3-047,Confirmed,,Not fixed,Old text still visible on the live page,To do,
262,Skilled,points-test,https://www.nanakmigration.com.au/points-test,Section 3 - Highest-scoring EOIs are invited first,Incorrect eligibility,Low,"If two EOIs have the same score, the one submitted earliest is generally invited first","If two EOIs have the same score, the one with the earlier 'date of effect' (the date and time the EOI reached that score) is invited first",Ties are broken by date of effect.,https://immi.homeaffairs.gov.au/visas/working-in-australia/skillselect/invitation-rounds,G3-054,Confirmed,,Fixed,,Done,
263,Skilled,points-test,https://www.nanakmigration.com.au/points-test,Section 4 - Mistake 04,Incorrect eligibility,Low,The partner's skills assessment must be completed and positive before the EOI is submitted - it cannot be obtained retrospectively.,The partner's skills assessment must be held at the time you are invited - it cannot be obtained afterwards to support the claim.,Partner criteria are assessed 'when you were invited to apply'.,https://immi.homeaffairs.gov.au/visas/getting-a-visa/visa-listing/skilled-independent-189/points-table,G3-056,Confirmed,,Not fixed,Old text still visible on the live page,To do,
264,Skilled,points-test,https://www.nanakmigration.com.au/points-test,Page stamps,Other,Low,General information current as at July 2026.,General information current as at October 2026.,Page corrected in October 2026.,https://immi.homeaffairs.gov.au/visas/getting-a-visa/visa-listing/skilled-independent-189/points-table,G3-057,Confirmed,,Fixed,,Done,
265,Skilled,skilled-independent-189,https://www.nanakmigration.com.au/skilled-independent-189,At a Glance - Subclass 189 Key Facts,Outdated fee,High,"AUD $4,640 (primary applicant)","Govt fee (2026-27): AUD6,135 (primary applicant)","189 VAC from 1 July 2026 is AUD6,135 (main applicant), AUD3,070 (18+), AUD1,540 (under 18).",https://immi.homeaffairs.gov.au/visas/getting-a-visa/visa-listing/skilled-independent-189/points-tested ; https://immi.homeaffairs.gov.au/visas/getting-a-visa/fees-and-charges/current-visa-pricing,G3-014,Confirmed,,Fixed,,Done,
266,Skilled,skilled-independent-189,https://www.nanakmigration.com.au/skilled-independent-189,Recent Invitation Rounds - table,Compliance (OMARA),High,* Indicative figures. Actual scores vary by ANZSCO code. Source: DHA SkillSelect.,"Replace the monthly table (Dec 2024 to Jul 2025) with verified rounds: 4 Jun 2026 - 10,000 invitations, minimum 65 to 100 by occupation; 13 Nov 2025 - 10,000 invitations; 21 Aug 2025 - 6,887 invitations; 7 Nov 2024 - 15,000 invitations. Source: Home Affairs SkillSelect invitation rounds.","The Home Affairs previous rounds page shows no 189 rounds between 7 November 2024 and 21 August 2025, so the monthly figures (1,450-1,820 invitations) attributed to DHA SkillSelect are not genuine round results.",https://immi.homeaffairs.gov.au/visas/working-in-australia/skillselect/previous-rounds ; https://immi.homeaffairs.gov.au/visas/working-in-australia/skillselect/invitation-rounds,G3-020,Confirmed,,Fixed,,Done,
267,Skilled,skilled-independent-189,https://www.nanakmigration.com.au/skilled-independent-189,At a Glance - Pathway to citizenship,Incorrect eligibility,Medium,Yes - 4 years PR residence,"Yes - generally 4 years living in Australia on a valid visa, including the last 12 months as a permanent resident","General residence requirement: 4 years lawful residence immediately before applying, including 12 months as a permanent resident.",https://immi.homeaffairs.gov.au/citizenship/become-a-citizen/permanent-resident,G3-015,Confirmed,,Not fixed,Old text still visible on the live page,To do,
268,Skilled,skilled-independent-189,https://www.nanakmigration.com.au/skilled-independent-189,Your Points Builder - Partner situation,Incorrect eligibility,Medium,Single / partner not applying,"Single, or partner is an Australian citizen or permanent resident (+10). Add a separate option: Partner applying with Competent English only (+5).",10 points apply only if single or partner is an Australian citizen/PR; a partner who is applying with Competent English only gives 5 points.,https://immi.homeaffairs.gov.au/visas/getting-a-visa/visa-listing/skilled-independent-189/points-table,G3-016,Confirmed,,Fixed,,Done,
269,Skilled,skilled-independent-189,https://www.nanakmigration.com.au/skilled-independent-189,Your Points Builder - Partner situation,Incorrect eligibility,Medium,Partner - skills assessed + Proficient English,"Partner - under 45, Competent English, skills assessed in an occupation on the same list","Skilled partner points need Competent (not Proficient) English, partner under 45, occupation on the same list and a suitable skills assessment (not one for a 485).",https://immi.homeaffairs.gov.au/visas/getting-a-visa/visa-listing/skilled-independent-189/points-table,G3-017,Confirmed,,Not fixed,Old text still visible on the live page,To do,
270,Skilled,skilled-independent-189,https://www.nanakmigration.com.au/skilled-independent-189,Complete Points Schedule heading,Missing material update,Medium,DHA Official 2024-25,"Points table (current as at October 2026). Add the missing rows: Specialist education qualification +10, Australian study requirement +5, Partner applying with Competent English only +5, Regional nomination or family sponsorship (491) +15.","Points table includes specialist education (10), Australian study (5), partner Competent English (5) and 491 nomination (15) - missing from the schedule shown.",https://immi.homeaffairs.gov.au/visas/getting-a-visa/visa-listing/skilled-independent-189/points-table,G3-018,Confirmed,,Not fixed,Old text still visible on the live page,To do,
271,Skilled,skilled-independent-189,https://www.nanakmigration.com.au/skilled-independent-189,Recent Invitation Rounds - intro,Outdated law/terminology,Medium,DHA runs monthly invitation rounds.,"Home Affairs runs 189 invitation rounds periodically - in 2025-26 there were three rounds (21 August 2025, 13 November 2025 and 4 June 2026).",Rounds are not monthly; three 189 rounds in 2025-26.,https://immi.homeaffairs.gov.au/visas/working-in-australia/skillselect/invitation-rounds ; https://immi.homeaffairs.gov.au/visas/working-in-australia/skillselect/previous-rounds,G3-019,Confirmed,,Fixed,,Done,
272,Skilled,skilled-independent-189,https://www.nanakmigration.com.au/skilled-independent-189,FAQ - How long does a 189 visa take?,Wrong legal reference,Medium,"Processing order is set by Ministerial Direction 119, which puts construction, healthcare and teaching occupations first, and onshore applicants ahead of offshore.","Processing order is set by Ministerial Direction No. 122, which prioritises the construction, healthcare, teaching, agriculture, aquaculture, fishing and resources sectors (and law enforcement and defence interests), then onshore applicants ahead of offshore.",Home Affairs prioritises 189 applications under Ministerial Direction No. 122.,https://immi.homeaffairs.gov.au/visas/getting-a-visa/visa-listing/skilled-independent-189/points-tested,G3-022,Confirmed,,Schema not updated,"Old wording removed from the visible page, but it is still in the FAQ schema / page code that Google reads",To do,
273,Skilled,skilled-independent-189,https://www.nanakmigration.com.au/skilled-independent-189,FAQ - When is the next 189 invitation round?,Outdated threshold,Medium,Home Affairs has said the next round is expected by 30 September 2026.,Home Affairs has said the next round is expected by 31 October 2026.,Next 189 round expected by 31 October 2026.,https://immi.homeaffairs.gov.au/visas/working-in-australia/skillselect/invitation-rounds,G3-023,Confirmed,,Schema not updated,"Visible text corrected, but the old text is still in the page FAQ schema / page code that Google reads",To do,
274,Skilled,skilled-independent-189,https://www.nanakmigration.com.au/skilled-independent-189,Recent Invitation Rounds - tie-breaking,Incorrect eligibility,Low,"Tie-breaking rule: When candidates share the same score, DHA invites those whose EOI was submitted earliest.","Tie-breaking rule: When candidates share the same score, Home Affairs invites the EOI with the earlier 'date of effect' - the date and time the EOI reached that points score for the subclass.","Ties are broken by date of effect, not EOI submission date.",https://immi.homeaffairs.gov.au/visas/working-in-australia/skillselect/invitation-rounds,G3-021,Confirmed,,Not fixed,Old text still visible on the live page,To do,
275,Skilled,skilled-independent-189,https://www.nanakmigration.com.au/skilled-independent-189,At a Glance - Effective cutoff,Outdated threshold,Low,75-90+ depending on occupation,Effective cutoff (June 2026 round): 65-100 depending on occupation,June 2026 round minimum scores ranged from 65 to 100.,https://immi.homeaffairs.gov.au/visas/working-in-australia/skillselect/invitation-rounds,G3-024,Confirmed,,Not fixed,Old text still visible on the live page,To do,
276,Skilled,skilled-independent-189,https://www.nanakmigration.com.au/skilled-independent-189,Page stamp,Other,Low,General information current as at August 2026.,General information current as at October 2026.,Page corrected in October 2026.,https://immi.homeaffairs.gov.au/visas/getting-a-visa/visa-listing/skilled-independent-189/points-tested,G3-025,Confirmed,,Fixed,,Done,
277,Skilled,skilled-migration,https://www.nanakmigration.com.au/skilled-migration,The Points System - English card,Incorrect eligibility,High,IELTS 8+ in all bands (Superior) → 20 pts. Proficient → 0 pts (minimum required). Competent not eligible.,Superior English (IELTS 8 in each band or equivalent) → 20 pts. Proficient English (IELTS 7 in each band) → 10 pts. Competent English (IELTS 6 in each band) → 0 pts - this is the minimum required.,"Competent English = 0 points (minimum), Proficient = 10 points, Superior = 20 points.",https://immi.homeaffairs.gov.au/visas/getting-a-visa/visa-listing/skilled-independent-189/points-table,G3-001,Confirmed,,Fixed,,Done,
278,Skilled,skilled-migration,https://www.nanakmigration.com.au/skilled-migration,Points Estimator table - English (Superior) row,Incorrect eligibility,High,IELTS 8+ → 20 pts · Superior → 10 · Proficient → 0,Superior (IELTS 8+) → 20 · Proficient (IELTS 7) → 10 · Competent (IELTS 6) → 0,Superior English is IELTS 8 and earns 20 points; Proficient earns 10; Competent earns 0.,https://immi.homeaffairs.gov.au/visas/getting-a-visa/visa-listing/skilled-independent-189/points-table,G3-002,Confirmed,,Fixed,,Done,
279,Skilled,skilled-migration,https://www.nanakmigration.com.au/skilled-migration,Quick Estimator - English level dropdown,Incorrect eligibility,High,Proficient (0 pts),Replace the four options with: Competent - IELTS 6 (0 pts) / Proficient - IELTS 7 (10 pts) / Superior - IELTS 8 (20 pts). Remove the separate 'IELTS 8+' option and update the calculator logic so Proficient adds 10 and Superior adds 20.,The dropdown gives Proficient 0 points and Superior 10 points; the law gives 10 and 20.,https://immi.homeaffairs.gov.au/visas/getting-a-visa/visa-listing/skilled-independent-189/points-table,G3-003,Confirmed,,Not fixed,Old text still visible on the live page,To do,
280,Skilled,skilled-migration,https://www.nanakmigration.com.au/skilled-migration,Invitation Rounds - Rounds and points cutoffs table,Compliance (OMARA),High,[DRAFT]Replace with verified DHA data before launch.,"Remove the draft table. Replace with: 'Recent 189 invitation rounds (Home Affairs): 4 June 2026 - 10,000 invitations, tie-break date 24/04/2026, minimum scores from 65 to 100 depending on occupation; 13 November 2025 - 10,000 invitations; 21 August 2025 - 6,887 invitations. No rounds were held in March, April or May 2026. Check the Home Affairs invitation rounds page for current results.'","The live table (May 2026 90/2,000; Apr 2026 85/1,500; Mar 2026 80/2,200) is unverified placeholder data - Home Affairs held no 189 rounds in those months. The 2025-26 rounds were 21 Aug 2025, 13 Nov 2025 and 4 Jun 2026.",https://immi.homeaffairs.gov.au/visas/working-in-australia/skillselect/invitation-rounds ; https://immi.homeaffairs.gov.au/visas/working-in-australia/skillselect/previous-rounds,G3-006,Confirmed,,Not fixed,Old text still visible on the live page,To do,
281,Skilled,skilled-migration,https://www.nanakmigration.com.au/skilled-migration,Visa Subclasses - 191 card,Missing material update,High,Permanent residence after 3 years on a 491 or 494 visa with an income threshold met.,Permanent residence after holding a 491 or 494 visa for at least 3 years and complying with its conditions. You must provide ATO notices of assessment for 3 income years - Home Affairs states there is no minimum income requirement.,"191 (Regional Provisional stream): hold eligible visa 3 years, provide ATO notices of assessment for 3 income years; no minimum income requirement.",https://immi.homeaffairs.gov.au/visas/getting-a-visa/visa-listing/skilled-regional-191/regional-provisional,G3-009,Confirmed,,Fixed,,Done,
282,Skilled,skilled-migration,https://www.nanakmigration.com.au/skilled-migration,The Points System - Skilled Work Experience card,Incorrect eligibility,Medium,Australian experience 8+ yrs → 20 pts. Overseas experience 8+ yrs → 15 pts. Points stack for both.,"Australian experience 8+ yrs → 20 pts. Overseas experience 8+ yrs → 15 pts. You can combine both, but total employment points are capped at 20.",Combined Australian and overseas skilled employment points are capped at 20.,https://immi.homeaffairs.gov.au/visas/getting-a-visa/visa-listing/skilled-independent-189/points-table,G3-004,Confirmed,,Fixed,,Done,
283,Skilled,skilled-migration,https://www.nanakmigration.com.au/skilled-migration,FAQ - Can I claim points for my partner?,Incorrect eligibility,Medium,"If your partner does not have a positive skills assessment, you claim 0 points in this category (not negative points).","Skilled partner points (10) need your partner to be under 45, have Competent English, nominate an occupation on the same list as yours and hold a suitable skills assessment at the time of invitation. If your partner is applying with you and has Competent English only, you can claim 5 points. If you are single, or your partner is an Australian citizen or permanent resident, you can claim 10 points.","Partner points: 10 (skilled partner), 5 (partner with Competent English only), 10 (single or partner is citizen/PR).",https://immi.homeaffairs.gov.au/visas/getting-a-visa/visa-listing/skilled-independent-189/points-table,G3-005,Confirmed,,Schema not updated,"Old wording removed from the visible page, but it is still in the FAQ schema / page code that Google reads",To do,
284,Skilled,skilled-migration,https://www.nanakmigration.com.au/skilled-migration,Invitation Rounds - intro,Outdated law/terminology,Medium,DHA runs SkillSelect invitation rounds at irregular intervals - typically monthly for the 189,"Home Affairs runs SkillSelect invitation rounds for the 189 and family-sponsored 491 periodically during the program year - in 2025-26 rounds were held in August 2025, November 2025 and June 2026, and the next 189 round is expected by 31 October 2026","Rounds are periodic, not monthly; next 189 round expected by 31 October 2026.",https://immi.homeaffairs.gov.au/visas/working-in-australia/skillselect/invitation-rounds ; https://immi.homeaffairs.gov.au/visas/working-in-australia/skillselect/previous-rounds,G3-007,Confirmed,,Not fixed,Old text still visible on the live page,To do,
285,Skilled,skilled-migration,https://www.nanakmigration.com.au/skilled-migration,FAQ - What is the minimum points score to be invited to apply?,Outdated threshold,Medium,Popular occupations in the 189 independent stream have seen cutoffs of 85-90 in recent rounds.,"In the 4 June 2026 round, minimum scores invited ranged from 65 for construction trades, to 75-80 for most nursing and allied health roles, 85-95 for several science and engineering roles and up to 100 for some medical specialists.",June 2026 round minimum scores ranged from 65 to 100 depending on occupation.,https://immi.homeaffairs.gov.au/visas/working-in-australia/skillselect/invitation-rounds,G3-008,Confirmed,,Schema not updated,"Old wording removed from the visible page, but it is still in the FAQ schema / page code that Google reads",To do,
286,Skilled,skilled-migration,https://www.nanakmigration.com.au/skilled-migration,Visa Subclasses - 485 card,Incorrect eligibility,Medium,Temporary - 2-6 yr,Temporary - 18 months to 5 yrs,485 stay: Post-Vocational 18 months; Post-Higher Education 2-3 years; Second Post-Higher Education 1-2 years; Hong Kong/BNO holders up to 5 years.,https://immi.homeaffairs.gov.au/visas/getting-a-visa/visa-listing/temporary-graduate-485 ; https://immi.homeaffairs.gov.au/visas/getting-a-visa/visa-listing/temporary-graduate-485/post-higher-education-work ; https://immi.homeaffairs.gov.au/visas/getting-a-visa/visa-listing/temporary-graduate-485/second-post-higher-education-work,G3-010,Confirmed,,Not fixed,Old text still visible on the live page,To do,
287,Skilled,skilled-migration,https://www.nanakmigration.com.au/skilled-migration,Skills Assessments - assessing bodies list (ACWA),Incorrect eligibility,Medium,Social work and community services,Community and welfare occupations (social workers are assessed by AASW),LIN 19/051 specifies AASW as the assessing authority for Social Worker (272511).,https://www.legislation.gov.au/F2019L00278/latest/text,G3-011,LEGEND-checked,"Approve as proposed - Migration (LIN 19/051: Specification of Occupations and Relevant Assessing Authorities) Instrument 2019 (compilation F2026C00265, 28 March 2026), listed in LEGEND Regulations registered instruments (stack 02-10-2026): Social Worker 272511 - AASW; ACWA is the assessing authority for welfare centre manager 134214, welfare worker 272613, community worker 411711, disabilities services officer 411712, family support worker 411713, residential care officer 411715 and youth worker 411716.",Not fixed,Old text still visible on the live page,Query with RMA,
288,Skilled,skilled-migration,https://www.nanakmigration.com.au/skilled-migration,Page stamps (hero and footer),Other,Low,General information current as at August 2026.,General information current as at October 2026.,Page corrected in October 2026.,https://immi.homeaffairs.gov.au/visas/getting-a-visa/visa-listing/skilled-independent-189/points-tested,G3-012,Confirmed,,Fixed,,Done,
289,Skilled,skilled-migration,https://www.nanakmigration.com.au/skilled-migration,Figure stamps under each table,Other,Low,Figures current as at 1 July 2026 - verify with Home Affairs,Figures current as at October 2026 - verify with Home Affairs,Page corrected in October 2026.,https://immi.homeaffairs.gov.au/visas/getting-a-visa/visa-listing/skilled-independent-189/points-tested,G3-013,Confirmed,,Not fixed,Old text still visible on the live page,To do,
290,Skilled,skilled-nominated-190,https://www.nanakmigration.com.au/skilled-nominated-190,Section 1 - Step 07 Visa decided,Incorrect eligibility,High,The 190 visa includes a two-year travel facility from the date of grant; a Resident Return Visa is required to re-enter Australia as a permanent resident after this expires.,The 190 visa lets you travel to and from Australia for 5 years from the date of grant; after that you need a Resident Return visa (subclass 155 or 157) to re-enter as a permanent resident.,190 travel facility is 5 years.,https://immi.homeaffairs.gov.au/visas/getting-a-visa/visa-listing/skilled-nominated-190,G3-026,Confirmed,,Fixed,,Done,
291,Skilled,skilled-nominated-190,https://www.nanakmigration.com.au/skilled-nominated-190,Section 1 - Step 07 Visa decided,Incorrect eligibility,Medium,The condition to live and work in the nominating state for at least two years applies from grant.,"Most states ask you to commit to living and working in the nominating state for 2 years after grant. This is a state nomination commitment, not a visa condition - the 190 itself lets you live and work anywhere in Australia.",Home Affairs: the 190 lets you work and study anywhere in Australia; the 2-year state commitment is not a visa condition (the page's own FAQ says this).,https://immi.homeaffairs.gov.au/visas/getting-a-visa/visa-listing/skilled-nominated-190,G3-027,Confirmed,,Fixed,,Done,
292,Skilled,skilled-nominated-190,https://www.nanakmigration.com.au/skilled-nominated-190,Section 1 - Step 05 Receive an invitation,Incorrect eligibility,Medium,Invitations are issued in regular rounds; the points cutoff for the 190 is generally lower than the 189 because the nomination adds 5 points.,"There are no departmental invitation rounds for the 190. When a state or territory nominates you in SkillSelect, this triggers your invitation. Each state sets its own selection criteria and any minimum points.",Departmental rounds cover only the 189 and family-sponsored 491; a state nomination triggers a 190 invitation.,https://immi.homeaffairs.gov.au/visas/working-in-australia/skillselect/invitation-rounds,G3-028,Confirmed,,Fixed,,Done,
293,Skilled,skilled-nominated-190,https://www.nanakmigration.com.au/skilled-nominated-190,FAQ - How long does a 190 visa take?,Wrong legal reference,Medium,"processing order follows Ministerial Direction 119, which favours construction, healthcare and teaching occupations and onshore applicants.","processing order follows Ministerial Direction No. 122, which prioritises the construction, healthcare, teaching, agriculture, aquaculture, fishing and resources sectors (and law enforcement and defence interests), and onshore applicants.",190 applications are prioritised under Ministerial Direction No. 122.,https://immi.homeaffairs.gov.au/visas/getting-a-visa/visa-listing/skilled-nominated-190 ; https://immi.homeaffairs.gov.au/visas/getting-a-visa/visa-listing/skilled-independent-189/points-tested,G3-029,Confirmed,,Schema not updated,"Old wording removed from the visible page, but it is still in the FAQ schema / page code that Google reads",To do,
294,Skilled,skilled-nominated-190,https://www.nanakmigration.com.au/skilled-nominated-190,About this page,Inconsistent with other page,Low,This page does not publish visa application fees.,Visa application charges shown are those published by Home Affairs from 1 July 2026 and may change.,"The FAQ on the same page does publish the 190 VAC (AUD6,140), which is correct.",https://immi.homeaffairs.gov.au/visas/getting-a-visa/visa-listing/skilled-nominated-190 ; https://immi.homeaffairs.gov.au/visas/getting-a-visa/fees-and-charges/current-visa-pricing,G3-030,Confirmed,,Fixed,,Done,
295,Skilled,skilled-nominated-190,https://www.nanakmigration.com.au/skilled-nominated-190,Page stamps,Other,Low,General information current as at July 2026.,General information current as at October 2026.,Page corrected in October 2026.,https://immi.homeaffairs.gov.au/visas/getting-a-visa/visa-listing/skilled-nominated-190,G3-031,Confirmed,,Fixed,,Done,
296,Skilled,skilled-work-regional-491,https://www.nanakmigration.com.au/skilled-work-regional-491,Section 1 - Designated Regional Areas table (NSW),Incorrect eligibility,High,"All areas except Sydney, Newcastle, Wollongong and the Central Coast",All areas except the Sydney metropolitan area (Newcastle/Lake Macquarie and Wollongong/Illawarra are Category 2 regional areas),"Only Sydney, Melbourne and Brisbane are excluded; Newcastle and Wollongong are Category 2 regional areas.",https://immi.homeaffairs.gov.au/visas/working-in-australia/regional-migration/eligible-regional-areas,G3-032,Confirmed,,Fixed,,Done,
297,Skilled,skilled-work-regional-491,https://www.nanakmigration.com.au/skilled-work-regional-491,Section 1 - Designated Regional Areas table (WA),Incorrect eligibility,High,All areas except Perth metropolitan area,All of Western Australia (including Perth),Perth is a Category 2 designated regional area.,https://immi.homeaffairs.gov.au/visas/working-in-australia/regional-migration/eligible-regional-areas,G3-033,Confirmed,,Fixed,,Done,
298,Skilled,skilled-work-regional-491,https://www.nanakmigration.com.au/skilled-work-regional-491,Section 5 - No movement to metropolitan areas,Incorrect eligibility,High,"Moving to a major metropolitan area - such as Sydney, Melbourne, Brisbane, or Perth - while holding the 491 visa would generally breach the visa conditions, regardless of the reason.","Moving to Sydney, Melbourne or Brisbane - the only areas excluded from the designated regional area definition - while holding the 491 would generally breach the visa conditions. Perth, Adelaide, Canberra, Hobart, the Gold Coast and other Category 2 cities are regional.","Perth is regional; only Sydney, Melbourne and Brisbane are excluded.",https://immi.homeaffairs.gov.au/visas/working-in-australia/regional-migration/eligible-regional-areas,G3-034,Confirmed,,Not fixed,Old text still visible on the live page,To do,
299,Skilled,skilled-work-regional-491,https://www.nanakmigration.com.au/skilled-work-regional-491,Section 2 - Step 04 Receive state nomination or relative sponsorship,Incorrect eligibility,High,"Eligible relatives include: spouse or de facto partner, parent, child, brother, sister, aunt, uncle, nephew, niece, or first cousin.","Eligible relatives are a parent, child or step-child, brother or sister (including adoptive and step), aunt or uncle, nephew or niece, grandparent or first cousin - of you or your partner. A spouse or de facto partner cannot be the sponsor.","Form 491FS lists parent, child/step-child, sibling, aunt/uncle, nephew/niece, grandparent, first cousin; spouse/partner is not an eligible relative.",https://immi.homeaffairs.gov.au/form-listing/forms/491fs.pdf,G3-035,Confirmed,,Fixed,,Done,
300,Skilled,skilled-work-regional-491,https://www.nanakmigration.com.au/skilled-work-regional-491,Section 4 - State Nomination vs Eligible Relative Sponsorship table,Incorrect eligibility,High,"Spouse, de facto partner, parent, child, sibling, aunt, uncle, nephew, niece, first cousin","Parent, child or step-child, sibling, aunt, uncle, nephew, niece, grandparent or first cousin (including adoptive and step relationships)",Spouse/partner is not an eligible relative; grandparent is.,https://immi.homeaffairs.gov.au/form-listing/forms/491fs.pdf,G3-036,Confirmed,,Fixed,,Done,
301,Skilled,skilled-work-regional-491,https://www.nanakmigration.com.au/skilled-work-regional-491,Section 3 - Pathway to 191,Missing material update,High,Taxable income at or above the threshold in each year,ATO notices of assessment for 3 income years. Paragraph: You must provide notices of assessment issued by the ATO for 3 income years out of the 5 years of your eligible visa. Home Affairs currently states there is no minimum income requirement.,191 Regional Provisional stream: ATO notices of assessment for 3 income years; no minimum income requirement.,https://immi.homeaffairs.gov.au/visas/getting-a-visa/visa-listing/skilled-regional-191/regional-provisional,G3-037,Confirmed,,Fixed,,Done,
302,Skilled,skilled-work-regional-491,https://www.nanakmigration.com.au/skilled-work-regional-491,FAQ - How do I move from a 491 visa to permanent residence?,Missing material update,High,meeting the minimum income requirement in each of those years while living in a designated regional area,"complying with the 491 visa conditions (living, working and studying in a designated regional area) and providing ATO notices of assessment for 3 income years - there is currently no minimum income requirement",No minimum income requirement for the 191.,https://immi.homeaffairs.gov.au/visas/getting-a-visa/visa-listing/skilled-regional-191/regional-provisional,G3-038,Confirmed,,Schema not updated,"Visible text corrected, but the old text is still in the page FAQ schema / page code that Google reads",To do,
303,Skilled,skilled-work-regional-491,https://www.nanakmigration.com.au/skilled-work-regional-491,The Short Answer,Missing material update,Medium,after at least three years of regional residence and meeting income requirements,"after holding the 491 for at least three years, complying with its conditions and providing ATO notices of assessment for 3 income years",No minimum income requirement for the 191.,https://immi.homeaffairs.gov.au/visas/getting-a-visa/visa-listing/skilled-regional-191/regional-provisional,G3-039,Confirmed,,Fixed,,Done,
304,Skilled,skilled-work-regional-491,https://www.nanakmigration.com.au/skilled-work-regional-491,Key facts - Pathway to permanent 191,Missing material update,Medium,"Must meet residence, employment and income requirements to apply for the 191.","Must hold the 491 for 3 years, comply with its conditions and provide ATO notices of assessment for 3 income years.",No minimum income requirement for the 191.,https://immi.homeaffairs.gov.au/visas/getting-a-visa/visa-listing/skilled-regional-191/regional-provisional,G3-040,Confirmed,,Fixed,,Done,
305,Skilled,skilled-work-regional-491,https://www.nanakmigration.com.au/skilled-work-regional-491,Section 3 - Competent English (generally),Incorrect eligibility,Medium,Competent English is generally required for the 191 application.,"The Subclass 191 visa does not have an English language requirement, and there is no second instalment of the visa application charge for applicants in the Regional Provisional Visas stream.","Home Affairs 191 Regional Provisional stream eligibility lists eligible visa held 3 years, ATO notices of assessment and visa condition compliance - no English requirement.",https://immi.homeaffairs.gov.au/visas/getting-a-visa/visa-listing/skilled-regional-191/regional-provisional,G3-041,LEGEND-checked,"Approve with amendment - Migration Regulations 1994 Sch 2 Part 191 (cl 191.21 common criteria, cl 191.22 Regional Provisional Visas stream) - no English criterion; Sch 1 item 1139(2)(b) second instalment: AUD4,885 only for Hong Kong (Regional) stream applicants aged 18+ assessed as not having functional English; 'Any other applicant: Nil' - LEGEND stack 02-10-2026.",Not fixed,Old text still visible on the live page,Query with RMA,
306,Skilled,skilled-work-regional-491,https://www.nanakmigration.com.au/skilled-work-regional-491,FAQ - How long does a 491 visa take?,Wrong legal reference,Medium,Ministerial Direction 119 sets the processing order.,Ministerial Direction No. 122 sets the processing order.,491 applications are prioritised under Ministerial Direction No. 122.,https://immi.homeaffairs.gov.au/visas/getting-a-visa/visa-listing/skilled-work-regional-provisional-491,G3-043,Confirmed,,Schema not updated,"Old wording removed from the visible page, but it is still in the FAQ schema / page code that Google reads",To do,
307,Skilled,skilled-work-regional-491,https://www.nanakmigration.com.au/skilled-work-regional-491,Section 3 - heading paragraph,Outdated law/terminology,Low,Skilled Regional (Residence) visa (subclass 191),Permanent Residence (Skilled Regional) visa (subclass 191),Correct visa name is Permanent Residence (Skilled Regional) visa (subclass 191).,https://immi.homeaffairs.gov.au/visas/getting-a-visa/visa-listing/skilled-regional-191/regional-provisional,G3-042,Confirmed,,Fixed,,Done,
308,Skilled,skilled-work-regional-491,https://www.nanakmigration.com.au/skilled-work-regional-491,Section 4 table - Geographic flexibility,Other,Low,Must live in any designated regional area where the relative sponsor resides,"Must live, work and study in a designated regional area (not necessarily the same area as your relative). Your relative must usually live in a designated regional area.",The holder can live in any designated regional area; the sponsor must be usually resident in one.,https://immi.homeaffairs.gov.au/visas/getting-a-visa/visa-listing/skilled-work-regional-provisional-491 ; https://immi.homeaffairs.gov.au/form-listing/forms/491fs.pdf,G3-044,Confirmed,,Fixed,,Done,
309,Skilled,skilled-work-regional-491,https://www.nanakmigration.com.au/skilled-work-regional-491,Page stamps,Other,Low,General information current as at July 2026.,General information current as at October 2026.,Page corrected in October 2026.,https://immi.homeaffairs.gov.au/visas/getting-a-visa/visa-listing/skilled-work-regional-provisional-491,G3-045,Confirmed,,Fixed,,Done,
310,Skilled,skills-assessment,https://www.nanakmigration.com.au/skills-assessment,Main Assessing Authorities table - VETASSESS row,Incorrect eligibility,Medium,"accountants, HR professionals, librarians, chefs, many others","many professional and some trade occupations not covered by another body (accountants are assessed by CPA Australia, CAANZ or IPA)","LIN 19/051 specifies CPAA, CAANZ or IPA for Accountant (General) 221111.",https://www.legislation.gov.au/F2019L00278/latest/text,G3-088,Confirmed,,Fixed,,Done,
311,Skilled,skills-assessment,https://www.nanakmigration.com.au/skills-assessment,Main Assessing Authorities table - Engineers Australia row,Incorrect eligibility,Medium,"Engineers, engineering technologists, engineering associates, surveyors, spatial scientists","Engineers, engineering technologists and engineering associates (surveyors are assessed by the Institution of Surveyors NSW, and cartographers and other spatial scientists by VETASSESS)",LIN 19/051 does not list Engineers Australia for Surveyor (232212).,https://www.legislation.gov.au/F2019L00278/latest/text,G3-089,LEGEND-checked,"Approve with amendment - Migration (LIN 19/051: Specification of Occupations and Relevant Assessing Authorities) Instrument 2019, s 10AA table (made for reg 2.26B(1)), Compilation No. 5, 28 March 2026: item 26 Surveyor 232212 - ISNSW; item 27 Cartographer 232213 - VETASSESS; item 28 Other Spatial Scientist 232214 - VETASSESS; items 31, 46 Civil Engineer / Engineering Technologist - Engineers Australia. Not read in LEGEND (Federal Register used).",Not fixed,Old text still visible on the live page,Query with RMA,
312,Skilled,skills-assessment,https://www.nanakmigration.com.au/skills-assessment,Main Assessing Authorities table - AITSL validity,Incorrect eligibility,Medium,Generally 5 years,Treated as valid for up to 3 years for skilled visas,Home Affairs: the assessment must have been obtained in the 3 years before invitation (or a shorter stated period).,https://immi.homeaffairs.gov.au/visas/getting-a-visa/visa-listing/skilled-independent-189/points-tested,G3-091,Confirmed,,Fixed,,Done,
313,Skilled,skills-assessment,https://www.nanakmigration.com.au/skills-assessment,Main Assessing Authorities table - CPA Australia / CAANZ row,Incorrect eligibility,Low,CPA Australia / CAANZ,CPA Australia / CAANZ / IPA,IPA is also an assessing authority for accountants (the page's FAQ already says so).,https://www.legislation.gov.au/F2019L00278/latest/text,G3-090,Confirmed,,Fixed,,Done,
314,Skilled,skills-assessment,https://www.nanakmigration.com.au/skills-assessment,Step 06 - Submit your EOI,Incorrect eligibility,Low,Keep track of your assessment expiry date - you may need to renew before a visa decision is made.,"Keep track of your assessment expiry date - for the 189, 190 and 491 it must be valid at the time you are invited.",Skills assessment validity is tested at invitation.,https://immi.homeaffairs.gov.au/visas/getting-a-visa/visa-listing/skilled-independent-189/points-tested,G3-092,Confirmed,,Not fixed,Old text still visible on the live page,To do,
315,Skilled,skills-assessment,https://www.nanakmigration.com.au/skills-assessment,Page stamps,Other,Low,General information current as at July 2026.,General information current as at October 2026.,Page corrected in October 2026.,https://immi.homeaffairs.gov.au/visas/getting-a-visa/visa-listing/skilled-independent-189/points-tested,G3-093,Confirmed,,Fixed,,Done,
316,Skilled,skillselect-eoi,https://www.nanakmigration.com.au/skillselect-eoi,How SkillSelect Invitation Rounds Work - Step 01,Incorrect eligibility,Medium,Create a myID account (formerly myGovID) and access SkillSelect through ImmiAccount.,"Start your EOI in SkillSelect - Home Affairs emails you an EOI ID and login details. If invited, you lodge the visa application in ImmiAccount.",SkillSelect issues its own EOI ID and login; ImmiAccount is used for the visa application.,https://immi.homeaffairs.gov.au/visas/working-in-australia/skillselect/expression-of-interest,G3-058,Confirmed,,Fixed,,Done,
317,Skilled,skillselect-eoi,https://www.nanakmigration.com.au/skillselect-eoi,How SkillSelect Invitation Rounds Work - Step 03,Outdated law/terminology,Medium,The Department holds invitation rounds - typically monthly.,Home Affairs holds invitation rounds for the 189 and family-sponsored 491 periodically - three were held in 2025-26.,"Rounds are periodic, not monthly.",https://immi.homeaffairs.gov.au/visas/working-in-australia/skillselect/invitation-rounds ; https://immi.homeaffairs.gov.au/visas/working-in-australia/skillselect/previous-rounds,G3-059,Confirmed,,Not fixed,Old text still visible on the live page,To do,
318,Skilled,skillselect-eoi,https://www.nanakmigration.com.au/skillselect-eoi,Key facts - 65 points,Outdated threshold,Medium,but current invitation cutoffs are typically 80-95+ points depending on the occupation and visa.,but in the June 2026 round minimum scores invited ranged from 65 to 100 depending on the occupation.,June 2026 189 round: 65 (construction trades) to 100.,https://immi.homeaffairs.gov.au/visas/working-in-australia/skillselect/invitation-rounds,G3-062,Confirmed,,Fixed,,Done,
319,Skilled,skillselect-eoi,https://www.nanakmigration.com.au/skillselect-eoi,Points are not verified at the EOI stage,Wrong legal reference,Medium,with consequences including a 3-year bar from making further visa applications under PIC 4020,"with consequences under public interest criterion 4020, which can prevent the grant of many visas for a period after the refusal","PIC 4020 operates as a criterion for grant of specified visas (3-year period after a 4020 refusal, longer for identity matters); it is not a bar on making any visa application.",https://www.legislation.gov.au/F1996B03551/latest/text,G3-063,LEGEND-checked,"Approve as proposed - Migration Regulations 1994 Sch 4 cl 4020(1), (2), (2A), (2B), (4) (LEGEND stack 02-10-2026). 4020(2): applicant and each member of the family unit must not have been refused a visa for failing 4020(1) in the period starting 3 years before the application; 4020(2B): 10 years for identity refusals under 4020(2A). PIC 4020 is a grant criterion, not a bar on lodging. Policy: PAM3 Sch4 4020 - The Integrity PIC (VM-974).",Not fixed,Old text still visible on the live page,Query with RMA,
320,Skilled,skillselect-eoi,https://www.nanakmigration.com.au/skillselect-eoi,PIC 4020 - the misrepresentation provision,Wrong legal reference,Medium,it may refuse the application and impose a 3-year bar on the applicant making any further visa application.,"it may refuse the application, and PIC 4020 can then prevent the grant of many visas to that person for 3 years (or 10 years where the refusal was because they did not establish their identity), unless the requirement is waived.","PIC 4020 is a grant criterion for specified visas, not a bar on lodging any visa application.",https://www.legislation.gov.au/F1996B03551/latest/text,G3-064,LEGEND-checked,"Approve with amendment - Migration Regulations 1994 Sch 4 cl 4020(1), (2), (2A), (2B), (4) (LEGEND stack 02-10-2026). 3-year period in 4020(2); 10-year period in 4020(2B) for refusals under 4020(2A) (identity); waiver of 4020(1)(a)/(b) and (2) in 4020(4) for compelling circumstances affecting Australia's interests or compassionate or compelling circumstances affecting an Australian citizen/PR/eligible NZ citizen.",Not fixed,Old text still visible on the live page,Query with RMA,
321,Skilled,skillselect-eoi,https://www.nanakmigration.com.au/skillselect-eoi,How SkillSelect Invitation Rounds Work - Step 02,Incorrect eligibility,Low,then by EOI submission date as a tie-breaker,then by 'date of effect' (the date and time the EOI reached its points score) as a tie-breaker,Ties are broken by date of effect.,https://immi.homeaffairs.gov.au/visas/working-in-australia/skillselect/invitation-rounds,G3-060,Confirmed,,Fixed,,Done,
322,Skilled,skillselect-eoi,https://www.nanakmigration.com.au/skillselect-eoi,How points are ranked,Incorrect eligibility,Low,"If two EOIs have the same points, the one submitted earlier receives priority.","If two EOIs have the same points, the one with the earlier date of effect - when it reached that score - receives priority.",Ties are broken by date of effect.,https://immi.homeaffairs.gov.au/visas/working-in-australia/skillselect/invitation-rounds,G3-061,Confirmed,,Fixed,,Done,
323,Skilled,skillselect-eoi,https://www.nanakmigration.com.au/skillselect-eoi,Common EOI Mistakes - partner skills points,Incorrect eligibility,Low,without the partner having a current positive skills assessment or functional English,without the partner having a suitable skills assessment and Competent English at the time of invitation,"Skilled partner points need Competent English, not Functional English.",https://immi.homeaffairs.gov.au/visas/getting-a-visa/visa-listing/skilled-independent-189/points-table,G3-065,Confirmed,,Fixed,,Done,
324,Skilled,skillselect-eoi,https://www.nanakmigration.com.au/skillselect-eoi,Page stamps,Other,Low,General information current as at August 2026.,General information current as at October 2026.,Page corrected in October 2026.,https://immi.homeaffairs.gov.au/visas/working-in-australia/skillselect/expression-of-interest,G3-066,Confirmed,,Fixed,,Done,
325,Skilled,state-nomination,https://www.nanakmigration.com.au/state-nomination,All 8 Jurisdictions table - ACT row,Incorrect eligibility,High,ACT does not nominate for the 491 - it is not a designated regional area.,Canberra is a designated regional area (Category 2) and the ACT nominates for both the 190 and 491 (2025-26 allocation: 800 places each). ACT invitations are issued through the Canberra Matrix.,ACT had 800 x 190 and 800 x 491 places in 2025-26; Canberra is Category 2 regional; ACT publishes 491 nomination criteria.,https://immi.homeaffairs.gov.au/what-we-do/state-and-territory-nomination-allocations ; https://immi.homeaffairs.gov.au/visas/working-in-australia/regional-migration/eligible-regional-areas ; https://www.act.gov.au/migration/skilled-migrants/491-nomination-criteria,G3-075,Confirmed,,Not fixed,Old text still visible on the live page,To do,
326,Skilled,state-nomination,https://www.nanakmigration.com.au/state-nomination,190 vs 491 table - ACT eligible row,Incorrect eligibility,High,No - ACT is not a designated regional area,Yes - Canberra is a designated regional area (Category 2),ACT nominates 491 applicants.,https://immi.homeaffairs.gov.au/visas/working-in-australia/regional-migration/eligible-regional-areas ; https://immi.homeaffairs.gov.au/what-we-do/state-and-territory-nomination-allocations ; https://www.act.gov.au/migration/skilled-migrants/491-nomination-criteria,G3-076,Confirmed,,Not fixed,Old text still visible on the live page,To do,
327,Skilled,state-nomination,https://www.nanakmigration.com.au/state-nomination,Commitment to the Nominating State - Legal obligation for 190 holders,Compliance (OMARA),High,"This is a legislative obligation, not merely an expectation. Failing to comply may affect eligibility for citizenship.","This is a commitment you make to the state when you accept nomination. It is not a condition of the 190 visa, which lets you live and work anywhere in Australia, but you should only accept nomination if you genuinely intend to honour it.",190 has no residence visa condition; the page's own FAQ calls it 'an undertaking rather than a visa condition'.,https://immi.homeaffairs.gov.au/visas/getting-a-visa/visa-listing/skilled-nominated-190,G3-078,Confirmed,,Fixed,,Done,
328,Skilled,state-nomination,https://www.nanakmigration.com.au/state-nomination,"All 8 Jurisdictions table - ACT row, visas offered",Incorrect eligibility,Medium,ACT (Australian Capital Territory),"Visas offered cell for ACT: change '190' to '190, 491'",ACT nominates for both visas.,https://immi.homeaffairs.gov.au/what-we-do/state-and-territory-nomination-allocations ; https://www.act.gov.au/migration/skilled-migrants/491-nomination-criteria,G3-077,Confirmed,,Not fixed,Old text still visible on the live page,To do,
329,Skilled,state-nomination,https://www.nanakmigration.com.au/state-nomination,Commitment to the Nominating State - warning box,Incorrect eligibility,Medium,you may be in breach of visa conditions.,"you would be giving the state a commitment you do not intend to keep, which carries integrity risks. The state can withdraw its nomination before your visa is granted, and the visa cannot be granted if the nomination is withdrawn. The 190 visa itself has no condition requiring you to live in the nominating state, but the 491 visa requires you to live, work and study only in a designated regional area (condition 8579).","190 has no state-residence visa condition; 491 requires living, working and studying in a designated regional area.",https://immi.homeaffairs.gov.au/visas/getting-a-visa/visa-listing/skilled-nominated-190 ; https://immi.homeaffairs.gov.au/visas/getting-a-visa/visa-listing/skilled-work-regional-provisional-491,G3-079,LEGEND-checked,"Approve with amendment - Migration Regulations 1994 Sch 2 cl 190.6 (no residence condition; only first-entry date and possible 8515 for secondary applicants), cl 190.215 (nomination not withdrawn), cl 491.217(1) (nomination not withdrawn), cl 491.612 (conditions 8578, 8579, 8580, 8581 must be imposed); Sch 8 condition 8579(1) (LEGEND stack 02-10-2026).",Not fixed,Old text still visible on the live page,Query with RMA,
330,Skilled,state-nomination,https://www.nanakmigration.com.au/state-nomination,FAQ - What commitment do I make to the nominating state?,Incorrect eligibility,Medium,"For the 491 it is a genuine visa condition, and breaching it puts your later subclass 191 permanent visa at risk.","For the 491, the visa condition is to live, work and study only in a designated regional area while you hold the visa, and complying with it is needed for the later subclass 191.","491 condition concerns designated regional areas for the visa period, not a 2-year stay in the nominating state.",https://immi.homeaffairs.gov.au/visas/getting-a-visa/visa-listing/skilled-work-regional-provisional-491 ; https://immi.homeaffairs.gov.au/visas/getting-a-visa/visa-listing/skilled-regional-191/regional-provisional,G3-080,Confirmed,,Schema not updated,"Old wording removed from the visible page, but it is still in the FAQ schema / page code that Google reads",To do,
331,Skilled,state-nomination,https://www.nanakmigration.com.au/state-nomination,All 8 Jurisdictions table - NSW row,Incorrect eligibility,Medium,Typically requires you to be living in NSW or have an NSW job offer. Job offer may be required for some streams.,"For the 190, NSW requires you to be working in NSW in your nominated occupation (at least 20 hours a week), or to have lived in NSW for at least 6 months, or to have lived offshore for at least 6 months. A job offer is not required.",NSW 190 residency criteria include an offshore option; no job offer mandated.,https://www.nsw.gov.au/visas-and-migration/skilled-visas/skilled-nominated-visa-subclass-190,G3-081,Confirmed,,Fixed,,Done,
332,Skilled,state-nomination,https://www.nanakmigration.com.au/state-nomination,All 8 Jurisdictions table - NSW row,Outdated law/terminology,Low,NSW Skills & Talent portal (online).,NSW does not take direct 190 applications - it invites candidates from SkillSelect EOIs. Check nsw.gov.au for 491 pathways.,NSW selects 190 candidates from SkillSelect.,https://www.nsw.gov.au/visas-and-migration/skilled-visas/skilled-nominated-visa-subclass-190,G3-082,Confirmed,,Fixed,,Done,
333,Skilled,state-nomination,https://www.nanakmigration.com.au/state-nomination,All 8 Jurisdictions table - VIC row,Outdated law/terminology,Low,Skilled Visa Victoria portal (online).,Registration of Interest (ROI) through Live in Melbourne.,Victoria uses a Registration of Interest process.,https://liveinmelbourne.vic.gov.au/migrate/skilled-migration-visas/registration-of-interest-for-victorian-state-visa-nomination,G3-083,Confirmed,,Fixed,,Done,
334,Skilled,state-nomination,https://www.nanakmigration.com.au/state-nomination,All 8 Jurisdictions table - WA row,Outdated law/terminology,Low,WA Skilled Migration portal and Work and Stay WA program (online).,"State Nominated Migration Program (SNMP) - lodge an EOI in SkillSelect, then apply if invited by WA Migration Services.",WA's program is the SNMP; no 'Work and Stay WA' program is listed.,https://migration.wa.gov.au/our-services-support/state-nominated-migration-program,G3-084,Confirmed,,Fixed,,Done,
335,Skilled,state-nomination,https://www.nanakmigration.com.au/state-nomination,All 8 Jurisdictions table - WA row,Incorrect eligibility,Low,Job offer is generally required or heavily prioritised.,General stream applicants usually need a WA employment contract (building and construction trades excepted); the Graduate stream has no employment contract requirement.,WA SNMP: contract required in General stream except construction trades; none for Graduate stream.,https://migration.wa.gov.au/our-services-support/state-nominated-migration-program,G3-085,Confirmed,,Fixed,,Done,
336,Skilled,state-nomination,https://www.nanakmigration.com.au/state-nomination,FAQ - Do occupation ceilings apply to state nomination?,Incorrect eligibility,Low,Occupation ceilings apply only to the subclass 189.,Occupation ceilings do not apply to the 190 or state-nominated 491. They can apply in departmental rounds for the 189 and family-sponsored 491.,Home Affairs exempts only the 190 and state-nominated 491 from occupation ceilings.,https://immi.homeaffairs.gov.au/visas/working-in-australia/skillselect/invitation-rounds,G3-086,Confirmed,,Schema not updated,"Old wording removed from the visible page, but it is still in the FAQ schema / page code that Google reads",To do,
337,Skilled,state-nomination,https://www.nanakmigration.com.au/state-nomination,Page stamps,Other,Low,General information current as at July 2026.,General information current as at October 2026.,Page corrected in October 2026.,https://immi.homeaffairs.gov.au/what-we-do/state-and-territory-nomination-allocations,G3-087,Confirmed,,Fixed,,Done,
338,Skilled,temporary-graduate-485,https://www.nanakmigration.com.au/temporary-graduate-485,At a Glance - 2026,Incorrect eligibility,High,Duration - Master's by coursework,Duration - Master's by coursework: 2 years,PHEW: Masters (coursework and extended) 2 years.,https://immi.homeaffairs.gov.au/visas/getting-a-visa/visa-listing/temporary-graduate-485/post-higher-education-work,G3-112,Confirmed,,Not fixed,Old text still visible on the live page,To do,
339,Skilled,temporary-graduate-485,https://www.nanakmigration.com.au/temporary-graduate-485,At a Glance - 2026,Incorrect eligibility,High,Duration - PhD / Doctoral,Duration - Masters by research / PhD: 3 years,"PHEW: Masters (research) 3 years, Doctoral degree 3 years.",https://immi.homeaffairs.gov.au/visas/getting-a-visa/visa-listing/temporary-graduate-485/post-higher-education-work,G3-113,Confirmed,,Not fixed,Old text still visible on the live page,To do,
340,Skilled,temporary-graduate-485,https://www.nanakmigration.com.au/temporary-graduate-485,PHEW stream panel,Incorrect eligibility,High,"a bachelor gives 2 years, a PhD gives 4.","a bachelor or coursework masters gives 2 years, and a masters by research or PhD gives 3.",PHEW durations are 2 or 3 years.,https://immi.homeaffairs.gov.au/visas/getting-a-visa/visa-listing/temporary-graduate-485/post-higher-education-work,G3-115,Confirmed,,Fixed,,Done,
341,Skilled,temporary-graduate-485,https://www.nanakmigration.com.au/temporary-graduate-485,Double Deadline Calculator - degree options,Incorrect eligibility,High,PhD / Doctoral (no age limit),Options: Bachelor / Honours - 2 yrs; Master's by coursework - 2 yrs; Master's by research - 3 yrs; PhD / Doctoral (under 50) - 3 yrs. Update calculator output to match.,No PhD option has 'no age limit'; PhD gives 3 years.,https://immi.homeaffairs.gov.au/visas/getting-a-visa/visa-listing/temporary-graduate-485/post-higher-education-work,G3-116,Confirmed,,Check wording,Old text removed; new wording differs from the sheet - RMA to confirm it is accurate,Query with RMA,
342,Skilled,temporary-graduate-485,https://www.nanakmigration.com.au/temporary-graduate-485,The 485 Age Limit - intro,Incorrect eligibility,High,"If you turn 35 on the day before you lodge, you are ineligible (subject to exemptions below).","You must be 35 or under when you apply, so you are still eligible at 35 and become ineligible from your 36th birthday (subject to the exemptions below).",Home Affairs: 'You must be 35 years of age or under when you apply.',https://immi.homeaffairs.gov.au/visas/getting-a-visa/visa-listing/temporary-graduate-485/post-higher-education-work,G3-118,Confirmed,,Fixed,,Done,
343,Skilled,temporary-graduate-485,https://www.nanakmigration.com.au/temporary-graduate-485,At a Glance and age table - 2PHEW,Incorrect eligibility,High,Under 50 - higher limit for regional pathway,"35 or under (under 50 only if your first 485 relied on a Masters by research or PhD, or you hold a Hong Kong or BNO passport)","2PHEW age limit is 35 or under, with the same under-50 exceptions (also fix 'Age limit (2PHEW) Under 50' and the 2PHEW checkbox label).",https://immi.homeaffairs.gov.au/visas/getting-a-visa/visa-listing/temporary-graduate-485/second-post-higher-education-work,G3-120,Confirmed,,Not fixed,Old text still visible on the live page,To do,
344,Skilled,temporary-graduate-485,https://www.nanakmigration.com.au/temporary-graduate-485,Age table - PhD / doctoral graduates,Incorrect eligibility,High,No age limit - applies regardless of age,Under 50 at time of application,Masters (research) or PhD applicants must be under 50.,https://immi.homeaffairs.gov.au/visas/getting-a-visa/visa-listing/temporary-graduate-485/post-higher-education-work,G3-121,Confirmed,,Not fixed,Old text still visible on the live page,To do,
345,Skilled,temporary-graduate-485,https://www.nanakmigration.com.au/temporary-graduate-485,At a Glance - PhD age exemption,Incorrect eligibility,High,No age limit for PhD graduates,Under 50 for Masters by research and PhD graduates,Masters (research) or PhD applicants must be under 50.,https://immi.homeaffairs.gov.au/visas/getting-a-visa/visa-listing/temporary-graduate-485/post-higher-education-work,G3-122,Confirmed,,Fixed,,Done,
346,Skilled,temporary-graduate-485,https://www.nanakmigration.com.au/temporary-graduate-485,Practitioner note - The PhD exemption is categorical,Incorrect eligibility,High,Doctoral graduates have no age limit on the PHEW stream.,Masters by research and doctoral graduates can apply for the PHEW stream if they are under 50.,Masters (research) or PhD applicants must be under 50.,https://immi.homeaffairs.gov.au/visas/getting-a-visa/visa-listing/temporary-graduate-485/post-higher-education-work,G3-123,Confirmed,,Fixed,,Done,
347,Skilled,temporary-graduate-485,https://www.nanakmigration.com.au/temporary-graduate-485,At a Glance - English requirement,Incorrect eligibility,High,Competent (IELTS 6 or equivalent),"IELTS 6.5 overall with at least 5.5 in each component (or equivalent), test taken in the 12 months before you apply","485 English: IELTS 6.5 overall, 5.5 each (PTE 55 overall for tests from 7 Aug 2025), within 12 months before applying.",https://immi.homeaffairs.gov.au/visas/getting-a-visa/visa-listing/temporary-graduate-485/post-higher-education-work,G3-125,Confirmed,,Fixed,,Done,
348,Skilled,temporary-graduate-485,https://www.nanakmigration.com.au/temporary-graduate-485,PHEW stream - Requirements,Incorrect eligibility,High,Competent English (IELTS 6 or equivalent),"IELTS 6.5 overall with at least 5.5 in each component (or equivalent), taken in the 12 months before you apply","485 English: IELTS 6.5 overall, 5.5 each.",https://immi.homeaffairs.gov.au/visas/getting-a-visa/visa-listing/temporary-graduate-485/post-higher-education-work,G3-126,Confirmed,,Fixed,,Done,
349,Skilled,temporary-graduate-485,https://www.nanakmigration.com.au/temporary-graduate-485,Hero,Incorrect eligibility,Medium,providing 2-4 years of work rights,providing 18 months to 3 years of work rights (up to 5 years for Hong Kong and BNO passport holders),PVEW up to 18 months; PHEW 2-3 years; HK/BNO 5 years.,https://immi.homeaffairs.gov.au/visas/getting-a-visa/visa-listing/temporary-graduate-485 ; https://immi.homeaffairs.gov.au/visas/getting-a-visa/visa-listing/temporary-graduate-485/post-higher-education-work,G3-114,Confirmed,,Not fixed,Old text still visible on the live page,To do,
350,Skilled,temporary-graduate-485,https://www.nanakmigration.com.au/temporary-graduate-485,Double Deadline Calculator - degree options,Incorrect eligibility,Medium,Diploma / Certificate III+,"Associate degree, diploma or trade qualification (Post-Vocational Education Work) - up to 18 months",PVEW stay is up to 18 months.,https://immi.homeaffairs.gov.au/visas/getting-a-visa/visa-listing/temporary-graduate-485,G3-117,Confirmed,,Fixed,,Done,
351,Skilled,temporary-graduate-485,https://www.nanakmigration.com.au/temporary-graduate-485,At a Glance and age table - PHEW / PVEW,Incorrect eligibility,Medium,Under 35 at time of application,35 or under at time of application,Age limit is 35 or under (also fix 'Under 35 at application date' and 'Under 35' in the age table and stream panel).,https://immi.homeaffairs.gov.au/visas/getting-a-visa/visa-listing/temporary-graduate-485 ; https://immi.homeaffairs.gov.au/visas/getting-a-visa/visa-listing/temporary-graduate-485/post-higher-education-work,G3-119,Confirmed,,Fixed,,Done,
352,Skilled,temporary-graduate-485,https://www.nanakmigration.com.au/temporary-graduate-485,Age table - Hong Kong / BNO,Incorrect eligibility,Medium,Special arrangements - check DHA guidelines,Under 50 at time of application,Hong Kong and BNO passport holders can be under 50.,https://immi.homeaffairs.gov.au/visas/getting-a-visa/visa-listing/temporary-graduate-485/post-higher-education-work,G3-124,Confirmed,,Not fixed,Old text still visible on the live page,To do,
353,Skilled,temporary-graduate-485,https://www.nanakmigration.com.au/temporary-graduate-485,PHEW stream - Requirements,Incorrect eligibility,Medium,Genuine student throughout enrolment (GSR),Held a student visa in the last 6 months,"The Genuine Student requirement is a student visa criterion, not a 485 criterion; 485 requires a student visa held in the last 6 months.",https://immi.homeaffairs.gov.au/visas/getting-a-visa/visa-listing/temporary-graduate-485,G3-127,Confirmed,,Fixed,,Done,
354,Skilled,temporary-graduate-485,https://www.nanakmigration.com.au/temporary-graduate-485,At a Glance - Medicare,Incorrect eligibility,Medium,Yes (from grant),Generally no - you must hold adequate health insurance unless you are covered by a Reciprocal Health Care Agreement,"Medicare enrolment is for citizens, NZ citizens, PRs, PR applicants and certain Ministerial Order holders; 485 applicants must provide health insurance evidence.",https://www.servicesaustralia.gov.au/enrolling-medicare ; https://immi.homeaffairs.gov.au/visas/getting-a-visa/visa-listing/temporary-graduate-485/post-higher-education-work,G3-128,Confirmed,,Fixed,,Done,
355,Skilled,temporary-graduate-485,https://www.nanakmigration.com.au/temporary-graduate-485,Related Pages - Skills Assessment card,Outdated law/terminology,Low,Needed for the Graduate Work stream and skilled migration pathways.,Relevant to the Post-Vocational Education Work stream and to skilled migration pathways.,The Graduate Work stream was renamed in July 2024.,https://immi.homeaffairs.gov.au/visas/getting-a-visa/visa-listing/temporary-graduate-485,G3-129,Confirmed,,Fixed,,Done,
356,Skilled,temporary-graduate-485,https://www.nanakmigration.com.au/temporary-graduate-485,Service schema description,Outdated law/terminology,Low,Streams: Post-Higher Education Work and Graduate Work.,"Streams: Post-Higher Education Work, Post-Vocational Education Work and Second Post-Higher Education Work.",Current 485 streams.,https://immi.homeaffairs.gov.au/visas/getting-a-visa/visa-listing/temporary-graduate-485,G3-130,Confirmed,,Schema not updated,"Visible text corrected, but the old text is still in the page FAQ schema / page code that Google reads",To do,
357,Skilled,temporary-graduate-485,https://www.nanakmigration.com.au/temporary-graduate-485,Page stamps,Other,Low,General information current as at August 2026.,General information current as at October 2026.,Page corrected in October 2026.,https://immi.homeaffairs.gov.au/visas/getting-a-visa/visa-listing/temporary-graduate-485,G3-131,Confirmed,,Fixed,,Done,
358,Student & Visitor,courses-pr-prospects,https://www.nanakmigration.com.au/courses-pr-prospects,FAQ - Are trade qualifications (TAFE) as useful as university degrees for PR?,Incorrect eligibility,High,The 485 Temporary Graduate visa is generally not available for vocational (TAFE) qualifications below AQF Level 8 (Graduate Diploma),"Graduates with an eligible associate degree, diploma or trade qualification may be able to apply for the 485 Post-Vocational Education Work stream (up to 18 months) if the qualification is relevant to an occupation on the skilled occupation list","The 485 Post-Vocational Education Work stream is for associate degree, diploma or trade qualifications; the Post-Higher Education Work stream needs a bachelor degree or higher.",https://immi.homeaffairs.gov.au/visas/getting-a-visa/visa-listing/temporary-graduate-485,G4-046,Confirmed,,Schema not updated,"Old wording removed from the visible page, but it is still in the FAQ schema / page code that Google reads",To do,
359,Student & Visitor,courses-pr-prospects,https://www.nanakmigration.com.au/courses-pr-prospects,FAQ - Does studying in Australia guarantee I can apply for a 485?,Outdated law/terminology,Medium,"To be eligible for the 485 Graduate Work stream, your occupation must be on the relevant list (MLTSSL) at the time of application and you must have an Australian study requirement qualification. For the Post-Study Work stream, you need to have studied at least two academic years in Australia at AQF Bachelor level or above.","For the 485 Post-Vocational Education Work stream, you need an associate degree, diploma or trade qualification that meets the Australian study requirement and is relevant to an occupation on the skilled occupation list. For the Post-Higher Education Work stream, you need a bachelor degree or higher that meets the Australian study requirement. You must be 35 or under (exceptions apply).",The Graduate Work and Post-Study Work streams were renamed Post-Vocational Education Work and Post-Higher Education Work from 1 July 2024.,https://immi.homeaffairs.gov.au/visas/getting-a-visa/visa-listing/temporary-graduate-485,G4-047,Confirmed,,Schema not updated,"Old wording removed from the visible page, but it is still in the FAQ schema / page code that Google reads",To do,
360,Student & Visitor,courses-pr-prospects,https://www.nanakmigration.com.au/courses-pr-prospects,Overview stat card - +5 points Australian study bonus,Incorrect eligibility,Medium,"Completing a Bachelor degree or higher in Australia gives 5 additional points in the skilled migration points test - applicable to the 189, 190 and 491.","Holding at least one Australian degree, diploma or trade qualification that meets the Australian study requirement gives 5 points in the skilled migration points test - applicable to the 189, 190 and 491.","Australian study requirement points (5) can be met with a degree, diploma or trade qualification, not only a bachelor degree.",https://immi.homeaffairs.gov.au/visas/getting-a-visa/visa-listing/skilled-independent-189/points-table,G4-048,Confirmed,,Fixed,,Done,
361,Student & Visitor,courses-pr-prospects,https://www.nanakmigration.com.au/courses-pr-prospects,Regional Study Bonus Points - Requirements,Incorrect eligibility,Medium,The degree must be at Bachelor level or above (or a Masters or Doctoral degree),"The qualification can be a degree, diploma or trade qualification that meets the Australian study requirement, obtained while you lived in and studied at a campus in a designated regional area (not by distance education)","Regional study points apply to at least one degree, diploma or trade qualification meeting the ASR obtained while living and studying in a designated regional area.",https://immi.homeaffairs.gov.au/visas/getting-a-visa/visa-listing/skilled-independent-189/points-table,G4-049,Confirmed,,Fixed,,Done,
362,Student & Visitor,courses-pr-prospects,https://www.nanakmigration.com.au/courses-pr-prospects,What to Check Before Enrolling - Occupation on the relevant list,Outdated law/terminology,Medium,the MLTSSL (for 189 direct entry or 482 occupation eligibility),the MLTSSL (for the 189 and 485 Post-Vocational Education Work stream),"The 482 Core Skills stream uses the Core Skills Occupation List (CSOL), not the MLTSSL.",https://immi.homeaffairs.gov.au/visas/getting-a-visa/visa-listing/skills-in-demand-visa-subclass-482/core-skills-stream,G4-050,Confirmed,,Fixed,,Done,
363,Student & Visitor,courses-pr-prospects,https://www.nanakmigration.com.au/courses-pr-prospects,Fields with Generally Strong PR Pathways - Nursing and Allied Health,Other,Medium,"Registered Nurse (254111), Midwife (254111 - separate), Physiotherapist (252511), Occupational Therapist (251211), Radiographer (251211), Sonographer (251213)","Registered Nurse (2544 codes, e.g. Registered Nurse (Medical) 254418), Midwife (254111), Physiotherapist (252511), Occupational Therapist (252411), Medical Diagnostic Radiographer (251211), Sonographer (251214)",254111 is Midwife; Registered Nurse specialisations use 2544xx codes and Occupational Therapist is 252411 on the CSOL.,https://immi.homeaffairs.gov.au/Documents/core-sol.pdf,G4-051,LEGEND-checked,"Approve with amendment - Migration (Specification of Occupations - Subclass 482 Visa) Instrument 2024 (LIN 24/089, F2024L01620), made under reg 2.72(9), Compilation No. 3, 7 November 2025 (Core Skills Occupation List, ANZSCO 2013 codes): item 225 Midwife 254111; items 229-241 Registered Nurse 254412-254499 incl. item 235 Registered Nurse (Medical) 254418; item 170 Medical Diagnostic Radiographer 251211; item 172 Nuclear Medicine Technologist 251213; item 173 Sonographer 251214; item 186 Occupational Therapist 252411; item 187 Physiotherapist 252511. Read from the Federal Register, not LEGEND.",Not fixed,Old text still visible on the live page,Query with RMA,
364,Student & Visitor,courses-pr-prospects,https://www.nanakmigration.com.au/courses-pr-prospects,Fields with Generally Strong PR Pathways - Teaching,Other,Low,"Primary School Teacher (241111), Secondary School Teacher (241411), Early Childhood Teacher (241111 - separate registration), Special Needs Teacher (241511)","Primary School Teacher (241213), Secondary School Teacher (241411), Early Childhood (Pre-primary School) Teacher (241111), Special Needs Teacher (241511)",241111 is Early Childhood (Pre-primary School) Teacher; Primary School Teacher is 241213.,https://immi.homeaffairs.gov.au/Documents/core-sol.pdf,G4-052,LEGEND-checked,"Approve as proposed - LIN 24/089 (F2024L01620), Compilation No. 3, 7 November 2025: item 156 Early Childhood (Pre-primary School) Teacher 241111; item 157 Primary School Teacher 241213; item 159 Secondary School Teacher 241411; item 160 Special Needs Teacher 241511. Federal Register, not LEGEND.",Not fixed,Old text still visible on the live page,Query with RMA,
365,Student & Visitor,courses-pr-prospects,https://www.nanakmigration.com.au/courses-pr-prospects,Fields with Generally Strong PR Pathways - Trades via TAFE,Other,Low,"Electrician (341111), Plumber (334111), Carpenter (331212), Metal Fabricator (322211)","Electrician (General) (341111), Plumber (General) (334116), Carpenter (331212), Metal Fabricator (322311)",The CSOL lists Plumber (General) as 334116 and Metal Fabricator as 322312.,https://immi.homeaffairs.gov.au/Documents/core-sol.pdf,G4-053,LEGEND-checked,"Approve with amendment - LIN 24/089 (F2024L01620), Compilation No. 3, 7 November 2025: item 370 Electrician (General) 341111; item 368 Plumber (General) 334116; item 355 Carpenter 331212; item 332 Metal Fabricator 322311 (item 333 Pressure Welder is 322312). Federal Register, not LEGEND.",Not fixed,Old text still visible on the live page,Query with RMA,
366,Student & Visitor,courses-pr-prospects,https://www.nanakmigration.com.au/courses-pr-prospects,Fields with Generally Strong PR Pathways - Social Work,Other,Low,"Social Worker (272511), Youth Worker (411716), Community Worker (411311)","Social Worker (272511), Youth Worker (411716), Community Worker (411711)",The CSOL lists Community Worker as 411713.,https://immi.homeaffairs.gov.au/Documents/core-sol.pdf,G4-054,LEGEND-checked,"Approve with amendment - LIN 24/089 (F2024L01620), Compilation No. 3, 7 November 2025: item 281 Social Worker 272511; item 436 Youth Worker 411716; item 433 Community Worker 411711 (item 434 Family Support Worker is 411713). Federal Register, not LEGEND.",Not fixed,Old text still visible on the live page,Query with RMA,
367,Student & Visitor,courses-pr-prospects,https://www.nanakmigration.com.au/courses-pr-prospects,What to Check Before Enrolling - CRICOS registration,Other,Low,Verify on the CRICOS database at cricos.teqsa.gov.au before applying.,Verify on the CRICOS register at cricos.education.gov.au before applying.,The CRICOS register is hosted by the Department of Education at cricos.education.gov.au.,https://cricos.education.gov.au/,G4-055,Confirmed,,Fixed,,Done,
368,Student & Visitor,courses-pr-prospects,https://www.nanakmigration.com.au/courses-pr-prospects,Header and footer currency stamps,Other,Low,General information current as at August 2026.,General information current as at October 2026.,Page corrected; also update the footer line 'Information current as at August 2026.',https://immi.homeaffairs.gov.au/visas/getting-a-visa/visa-listing/temporary-graduate-485,G4-056,Confirmed,,Not fixed,Old text still visible on the live page,To do,
369,Student & Visitor,eta-601,https://www.nanakmigration.com.au/eta-601,Which Passports Are Eligible,Incorrect eligibility,Low,European Union passport holders are generally directed to the eVisitor (651) rather than the ETA.,"Many European passports, including several EU countries such as Austria, Belgium, France, Germany, Ireland, Italy, the Netherlands, Spain and Sweden, are eligible for both the ETA and the eVisitor. Check the Home Affairs lists for your passport.",The ETA list of 34 passports includes 15 EU member states as well as non-EU countries.,https://immi.homeaffairs.gov.au/visas/getting-a-visa/visa-listing/electronic-travel-authority-601,G4-064,Confirmed,,Fixed,,Done,
370,Student & Visitor,eta-601,https://www.nanakmigration.com.au/eta-601,FAQ - Which passports are eligible for the ETA?,Incorrect eligibility,Low,Citizens of European Union member states and certain other European countries are generally eligible for the eVisitor (651) rather than the ETA - the two products serve different passport groups.,"Citizens of many European countries are eligible for the free eVisitor (651), and some of them, such as France, Germany, Italy and the UK, can also use the ETA. Check both lists on the Home Affairs website.",The ETA and eVisitor eligibility lists overlap for many European passports.,https://immi.homeaffairs.gov.au/visas/getting-a-visa/visa-listing/electronic-travel-authority-601 ; https://immi.homeaffairs.gov.au/visas/getting-a-visa/visa-listing/evisitor-651,G4-065,Confirmed,,Schema not updated,"Old wording removed from the visible page, but it is still in the FAQ schema / page code that Google reads",To do,
371,Student & Visitor,eta-601,https://www.nanakmigration.com.au/eta-601,Header and footer currency stamps,Other,Low,General information current as at August 2026.,General information current as at October 2026.,Page corrected; also update the footer line 'Information current as at August 2026.',https://immi.homeaffairs.gov.au/visas/getting-a-visa/visa-listing/electronic-travel-authority-601,G4-066,Confirmed,,Fixed,,Done,
372,Student & Visitor,evisitor-651,https://www.nanakmigration.com.au/evisitor-651,What the eVisitor (651) Provides,Incorrect eligibility,Low,The eVisitor and the ETA serve different passport groups.,The eVisitor and ETA lists overlap - many European passport holders can use either.,"Many passports (e.g. Austria, Belgium, France, Germany, Italy, Spain, Sweden, UK British Citizen) appear on both lists.",https://immi.homeaffairs.gov.au/visas/getting-a-visa/visa-listing/evisitor-651 ; https://immi.homeaffairs.gov.au/visas/getting-a-visa/visa-listing/electronic-travel-authority-601,G4-067,Confirmed,,Fixed,,Done,
373,Student & Visitor,evisitor-651,https://www.nanakmigration.com.au/evisitor-651,Header and footer currency stamps,Other,Low,General information current as at August 2026.,General information current as at October 2026.,Page corrected; also update the footer line 'Information current as at August 2026.',https://immi.homeaffairs.gov.au/visas/getting-a-visa/visa-listing/evisitor-651,G4-068,Confirmed,,Fixed,,Done,
374,Student & Visitor,genuine-student-requirement,https://www.nanakmigration.com.au/genuine-student-requirement,The Five GS Assessment Factors (footnote),Wrong legal reference,High,Assessment factors set by Schedule 8 of the Migration Act 1958 (as amended from 23 March 2024). Subject to legislative change.,The Genuine Student criterion is in the subclass 500 criteria in the Migration Regulations 1994. The matters decision-makers consider are set out in Ministerial Direction No. 106. Subject to change.,The Migration Act 1958 has no Schedule 8 setting GS factors; GS is a regulation criterion and the assessment considerations are in Ministerial Direction No. 106.,https://immi.homeaffairs.gov.au/visas/getting-a-visa/visa-listing/student-500/genuine-student-requirement ; https://www.legislation.gov.au/F2026L01347/asmade/text,G4-020,Confirmed,,Fixed,,Done,
375,Student & Visitor,genuine-student-requirement,https://www.nanakmigration.com.au/genuine-student-requirement,FAQ - What happens if my Genuine Student answers don't satisfy the requirement?,Missing material update,High,There's no separate waiver for it - you would need to lodge a fresh application with stronger evidence addressing the officer's specific concerns,"There's no separate waiver for it. If the refusal is reviewable (generally where you applied in Australia), you may be able to apply to the Administrative Review Tribunal within the strict time limit. From 1 June 2026, ART reviews of student visa refusals are generally decided on the papers without a hearing, so written submissions and evidence are critical. Since 2 October 2026, most people must lodge any new student visa application from outside Australia",From 1 June 2026 (F2026L00640) ART review applications for student visa refusals are reviewed on the papers unless the refusal relied on certain PICs (e.g. 4020) or a special return criterion; from 2 October 2026 most new applications must be lodged offshore.,https://www.legislation.gov.au/F2026L00640/asmade/text ; https://immi.homeaffairs.gov.au/visas/getting-a-visa/visa-listing/changes-to-student-visa-application-rules-500-590/applying-in-australia,G4-023,Confirmed,,Schema not updated,"Old wording removed from the visible page, but it is still in the FAQ schema / page code that Google reads",To do,
376,Student & Visitor,genuine-student-requirement,https://www.nanakmigration.com.au/genuine-student-requirement,What Decision-Makers Consider - The Five GS Assessment Factors,Wrong legal reference,Medium,The Migration Act sets out five factors a decision-maker must consider when assessing the Genuine Student requirement.,Ministerial Direction No. 106 sets out the matters a decision-maker must consider when assessing the Genuine Student requirement.,"Home Affairs refers to Ministerial Direction No. 106 for the GS assessment considerations, not the Migration Act.",https://immi.homeaffairs.gov.au/visas/getting-a-visa/visa-listing/student-500/genuine-student-requirement,G4-021,Confirmed,,Fixed,,Done,
377,Student & Visitor,genuine-student-requirement,https://www.nanakmigration.com.au/genuine-student-requirement,What Changed - Assessment factors are codified in the legislation,Wrong legal reference,Medium,The Migration Act (as amended from 23 March 2024) sets out the factors a decision-maker must consider.,"The Migration Regulations 1994 (as amended from 23 March 2024) contain the Genuine Student criterion, and Ministerial Direction No. 106 sets out the factors a decision-maker must consider.",GS was introduced through the Migration Regulations and is assessed under Ministerial Direction No. 106.,https://immi.homeaffairs.gov.au/visas/getting-a-visa/visa-listing/student-500/genuine-student-requirement,G4-022,Confirmed,,Fixed,,Done,
378,Student & Visitor,genuine-student-requirement,https://www.nanakmigration.com.au/genuine-student-requirement,FAQ - Did the Genuine Student test change in 2026?,Missing material update,Medium,No. Ministerial Direction 106 remains the operative direction and the criterion is unchanged.,"The GS criterion itself has not changed and Ministerial Direction 106 still applies. Other student visa rules did change in 2026: from 1 June 2026 ART reviews of student visa refusals are generally decided on the papers, and from 2 October 2026 most applicants must apply from outside Australia and most can no longer include family members.","2026 changes: F2026L00640 (ART on-the-papers review, 1 June 2026) and F2026L01347 (Student Visa Reform, 2 October 2026).",https://www.legislation.gov.au/F2026L00640/asmade/text ; https://www.legislation.gov.au/F2026L01347/asmade/text ; https://immi.homeaffairs.gov.au/visas/getting-a-visa/visa-listing/changes-to-student-visa-application-rules-500-590,G4-024,Confirmed,,Schema not updated,"Old wording removed from the visible page, but it is still in the FAQ schema / page code that Google reads",To do,
379,Student & Visitor,genuine-student-requirement,https://www.nanakmigration.com.au/genuine-student-requirement,Common Reasons GS Concerns Arise - 04 Financial capacity,Incorrect eligibility,Medium,Financial evidence should cover the cost of tuition plus living expenses for the duration of the course (not just the first year).,"Financial evidence should cover travel costs plus 12 months of tuition and living expenses, and show the funds are genuinely available to you.",Home Affairs requires 12 months of course fees and living costs plus travel (pro rata for shorter courses).,https://immi.homeaffairs.gov.au/visas/getting-a-visa/visa-listing/student-500,G4-025,Confirmed,,Fixed,,Done,
380,Student & Visitor,genuine-student-requirement,https://www.nanakmigration.com.au/genuine-student-requirement,Header and footer currency stamps,Other,Low,General information current as at July 2026.,General information current as at October 2026.,Page corrected; also update the footer line 'Information current as at July 2026.',https://immi.homeaffairs.gov.au/visas/getting-a-visa/visa-listing/student-500/genuine-student-requirement,G4-026,Confirmed,,Fixed,,Done,
381,Student & Visitor,student-financial-capacity,https://www.nanakmigration.com.au/student-financial-capacity,How Much Money Do You Need? (table) - School costs,Outdated threshold,High,"Approximately AUD 8,000 per year (varies by state - check DoHA)","At least AUD 13,502 per year for each school-age child","Schooling costs of at least AUD13,502 per year for each school-age child must be added.",https://immi.homeaffairs.gov.au/visas/getting-a-visa/visa-listing/student-500,G4-027,Confirmed,,Not fixed,Old text still visible on the live page,To do,
382,Student & Visitor,student-financial-capacity,https://www.nanakmigration.com.au/student-financial-capacity,Common Financial Evidence Refusal Reasons - 5 School costs,Outdated threshold,High,"(approximately AUD 8,000 per year - verify on DoHA website)","(at least AUD 13,502 per year)","Schooling costs are at least AUD13,502 per child per year.",https://immi.homeaffairs.gov.au/visas/getting-a-visa/visa-listing/student-500,G4-028,Confirmed,,Not fixed,Old text still visible on the live page,To do,
383,Student & Visitor,student-financial-capacity,https://www.nanakmigration.com.au/student-financial-capacity,The Short Answer,Missing material update,Medium,"If you are bringing a spouse or partner, add AUD 10,394.","If you are eligible to include a spouse or partner (from 2 October 2026 only certain applicants, such as PhD students and sponsored or scholarship students, can include family), add AUD 10,394.","From 2 October 2026 most student visa applicants cannot include family members, so partner and child amounts only apply where an exemption is met.",https://immi.homeaffairs.gov.au/visas/getting-a-visa/visa-listing/changes-to-student-visa-application-rules-500-590/family-members,G4-029,Confirmed,,Not fixed,Old text still visible on the live page,To do,
384,Student & Visitor,student-financial-capacity,https://www.nanakmigration.com.au/student-financial-capacity,Overview stat card - 3+ months,Incorrect eligibility,Medium,Bank account balances must generally be held for at least 3 consecutive months prior to the visa application to demonstrate genuine access.,"Home Affairs does not set a minimum holding period, but a history of savings over several months helps show the funds are genuinely available to you.","Home Affairs lists acceptable evidence (deposits, loans, scholarships, income test) without a minimum holding period; the page itself later says the 3-month hold is not a legal requirement.",https://immi.homeaffairs.gov.au/visas/getting-a-visa/visa-listing/student-500,G4-030,Confirmed,,Fixed,,Done,
385,Student & Visitor,student-financial-capacity,https://www.nanakmigration.com.au/student-financial-capacity,Acceptable Evidence - Parental or guardian annual income statement,Incorrect eligibility,Medium,"Evidence typically includes tax returns, employment contracts, or payslips.","The income must be shown by official government documents, such as a tax assessment less than 12 months old. Home Affairs does not accept bank statements or evidence directly from an employer. The threshold is AUD 102,500 if family members are coming with you.","Income test: parents or partner earning AUD87,856 (AUD102,500 with family) in the 12 months before applying, evidenced by official government documents only.",https://immi.homeaffairs.gov.au/visas/getting-a-visa/visa-listing/student-500,G4-031,Confirmed,,Fixed,,Done,
386,Student & Visitor,student-financial-capacity,https://www.nanakmigration.com.au/student-financial-capacity,The Short Answer,Inconsistent with other page,Low,"The minimum living costs component for the subclass 500 is AUD 29,710 per year (from 10 May 2024, indexed annually)","The minimum living costs component for the subclass 500 is AUD 29,710 per year (unchanged since 10 May 2024)","Home Affairs still lists AUD29,710; the amount is not automatically indexed each year (the page FAQ correctly says it was not indexed on 1 July 2026). Also remove 'indexed' wording from the stat card and table.",https://immi.homeaffairs.gov.au/visas/getting-a-visa/visa-listing/student-500,G4-032,Confirmed,,Not fixed,Old text still visible on the live page,To do,
387,Student & Visitor,student-financial-capacity,https://www.nanakmigration.com.au/student-financial-capacity,Intro paragraph,Incorrect eligibility,Low,The Department assesses financial capacity as part of the Genuine Student requirement - and insufficient or unreliable evidence is a common reason for refusal.,"Financial capacity is a separate requirement from the Genuine Student requirement, although your financial circumstances can also be relevant to GS. Insufficient or unreliable evidence is a common reason for refusal.",Home Affairs lists 'have enough money' and 'be a genuine student' as separate eligibility requirements.,https://immi.homeaffairs.gov.au/visas/getting-a-visa/visa-listing/student-500,G4-033,Confirmed,,Not fixed,Old text still visible on the live page,To do,
388,Student & Visitor,student-financial-capacity,https://www.nanakmigration.com.au/student-financial-capacity,Header and footer currency stamps,Other,Low,General information current as at August 2026.,General information current as at October 2026.,Page corrected; also update 'Figures current at August 2026' notes and the footer line 'Information current as at August 2026.',https://immi.homeaffairs.gov.au/visas/getting-a-visa/visa-listing/student-500,G4-034,Confirmed,,Fixed,,Done,
389,Student & Visitor,student-guardian-590,https://www.nanakmigration.com.au/student-guardian-590,FAQ - Can I bring my other children with me on a Student Guardian visa?,Incorrect eligibility,High,Generally yes - other dependent children can usually be included as members of your family unit alongside the child you're accompanying,"Only in limited cases. Home Affairs will not grant the visa if any member of your family unit is under 6 years old, even if they are not travelling, unless there are compelling and compassionate reasons or a significant benefit to Australia's relations with another country. Any family members included must show funds and meet health and character requirements","The 590 is not granted where any family unit member is under 6, subject to narrow exceptions.",https://immi.homeaffairs.gov.au/visas/getting-a-visa/visa-listing/student-590,G4-035,Confirmed,,Schema not updated,"Old wording removed from the visible page, but it is still in the FAQ schema / page code that Google reads",To do,
390,Student & Visitor,student-guardian-590,https://www.nanakmigration.com.au/student-guardian-590,Who Can Apply - Nominated by the student's education provider,Incorrect eligibility,Medium,"The student's registered Australian education provider (school, college, or ELICOS provider) must confirm that the student requires a guardian in Australia and name the proposed guardian in the student's welfare arrangements.","The student nominates you as their guardian. You must be the student's parent or custodian, or a relative aged 21 or over whose nomination is supported in writing by the student's parent or custodian, and you must be able to provide appropriate accommodation, support and general welfare for the student.","Home Affairs eligibility: parent, custodian or relative aged 21 or older; sufficient funds; adequate health insurance; able to provide accommodation, welfare and support. There is no requirement for the provider to nominate the guardian.",https://immi.homeaffairs.gov.au/visas/getting-a-visa/visa-listing/student-590,G4-036,LEGEND-checked,"Approve with amendment - Migration Regulations 1994 Sch 2 cl 590.111 (nominating student nominates the applicant on form 157N and holds a student visa as primary applicant), cl 590.211(2) (student under 18: accommodation, support and general welfare; parent/custodian or relative aged 21+; written support of parent/custodian for relatives), cl 590.211(3)-(4) (student 18+: exceptional reasons; government-relations ground), cl 590.212 (genuine intention to reside with the student) (LEGEND stack 02-10-2026).",Not fixed,Old text still visible on the live page,Query with RMA,
391,Student & Visitor,student-guardian-590,https://www.nanakmigration.com.au/student-guardian-590,Who Can Apply - Relationship to the student,Incorrect eligibility,Medium,"The guardian must be a parent, step-parent, custodian, or other close relative of the student.","The guardian must be the student's parent, custodian or a relative who is 21 years or older.","Guardian must be a parent, custodian or relative aged 21 or older.",https://immi.homeaffairs.gov.au/visas/getting-a-visa/visa-listing/student-590,G4-037,Confirmed,,Fixed,,Done,
392,Student & Visitor,student-guardian-590,https://www.nanakmigration.com.au/student-guardian-590,How the Student Nominates a Guardian - The guardian applies for the 590,Missing material update,Medium,"With the welfare documentation in hand, the guardian applies for the 590 visa.","With the welfare documentation in hand, the guardian applies for the 590 visa. From 2 October 2026, most temporary visa holders must be outside Australia when they lodge a Student Guardian visa application and when it is granted. Current 590 holders can still lodge a further 590 application in Australia.",The Student Visa Reform rules from 2 October 2026 also apply to subclass 590 lodgement location.,https://immi.homeaffairs.gov.au/visas/getting-a-visa/visa-listing/changes-to-student-visa-application-rules-500-590/applying-in-australia,G4-038,Confirmed,,Fixed,,Done,
393,Student & Visitor,student-guardian-590,https://www.nanakmigration.com.au/student-guardian-590,Visa Conditions - The guardian CANNOT,Incorrect eligibility,Low,Study for their own purposes (limited personal study may be possible - seek advice),"Study more than permitted - the guardian may study ELICOS for less than 20 hours per week, or any other study or training for no more than 3 months",590 holders can study ELICOS under 20 hours a week or other study for up to 3 months.,https://immi.homeaffairs.gov.au/visas/getting-a-visa/visa-listing/student-590,G4-039,Confirmed,,Not fixed,Old text still visible on the live page,To do,
394,Student & Visitor,student-guardian-590,https://www.nanakmigration.com.au/student-guardian-590,Header and footer currency stamps,Other,Low,General information current as at August 2026.,General information current as at October 2026.,Page corrected; also update the footer line 'Information current as at August 2026.',https://immi.homeaffairs.gov.au/visas/getting-a-visa/visa-listing/student-590,G4-040,Confirmed,,Fixed,,Done,
395,Student & Visitor,student-to-pr-pathway,https://www.nanakmigration.com.au/student-to-pr-pathway,Decision Architecture - Before You Enrol (AQF level),Outdated law/terminology,Medium,"Affects 485 length (2, 3 or 4 yrs) and edu points",Affects 485 length (2 or 3 yrs) and edu points,"Post-Higher Education Work stream: bachelor and coursework masters 2 years, research masters and PhD 3 years (except Hong Kong/BNO and Indian nationals).",https://immi.homeaffairs.gov.au/visas/getting-a-visa/visa-listing/temporary-graduate-485/post-higher-education-work,G4-041,Confirmed,,Fixed,,Done,
396,Student & Visitor,student-to-pr-pathway,https://www.nanakmigration.com.au/student-to-pr-pathway,Your 485 Runway Planner - degree level options,Outdated law/terminology,Medium,PhD (4 yrs),Bachelor's (2 yrs) / Master's by coursework (2 yrs) / Master's by research (3 yrs) / PhD (3 yrs),The planner's 'Master's (3 yrs)' and 'PhD (4 yrs)' options reflect pre-July 2024 settings; also update the planner logic.,https://immi.homeaffairs.gov.au/visas/getting-a-visa/visa-listing/temporary-graduate-485/post-higher-education-work,G4-042,Confirmed,,Fixed,,Done,
397,Student & Visitor,student-to-pr-pathway,https://www.nanakmigration.com.au/student-to-pr-pathway,The Typical Roadmap - 485 Temporary Graduate,Outdated law/terminology,Medium,2-4 years (by degree level),Up to 18 months (vocational) or 2-3 years (degree level),485 stays are up to 18 months (Post-Vocational) or 2-3 years (Post-Higher Education) for most passport holders.,https://immi.homeaffairs.gov.au/visas/getting-a-visa/visa-listing/temporary-graduate-485,G4-043,Confirmed,,Not fixed,Old text still visible on the live page,To do,
398,Student & Visitor,student-to-pr-pathway,https://www.nanakmigration.com.au/student-to-pr-pathway,The Typical Roadmap - 500 Student Visa,Other,Low,4-8 years (course length),In line with your course (up to 6 years per visa),A student visa allows study for up to 6 years in line with enrolment.,https://immi.homeaffairs.gov.au/visas/getting-a-visa/visa-listing/student-500,G4-044,Confirmed,,Not fixed,Old text still visible on the live page,To do,
399,Student & Visitor,student-to-pr-pathway,https://www.nanakmigration.com.au/student-to-pr-pathway,Header and footer currency stamps,Other,Low,General information current as at August 2026.,General information current as at October 2026.,Page corrected; also update the footer line 'Information current as at August 2026.',https://immi.homeaffairs.gov.au/visas/getting-a-visa/visa-listing/temporary-graduate-485,G4-045,Confirmed,,Fixed,,Done,
400,Student & Visitor,student-visa-500,https://www.nanakmigration.com.au/student-visa-500,Key Visa Information - Secondary applicants,Missing material update,High,"Your spouse/partner and dependent children can be included as secondary applicants on your student visa application, allowing them to live, work, and study in Australia with you.","From 2 October 2026, most applicants can no longer include a partner or dependent children. Family can only be included if you meet an exemption, such as PhD study, DFAT or Defence sponsorship, a foreign government scholarship, or being an eligible Pacific or ASEAN student. Family members cannot be added after the visa is granted.",From 2 October 2026 family members can only be included under limited exemptions and cannot apply later as subsequent entrants.,https://immi.homeaffairs.gov.au/visas/getting-a-visa/visa-listing/changes-to-student-visa-application-rules-500-590/family-members ; https://www.legislation.gov.au/F2026L01347/asmade/text,G4-013,Confirmed,,Fixed,,Done,
401,Student & Visitor,student-visa-500,https://www.nanakmigration.com.au/student-visa-500,FAQ - Can my family come with me on a student visa?,Missing material update,High,"Yes. Your partner and dependent children can be included, at AUD1,530 for each person aged 18 or over and AUD500 for each child under 18.","Only in limited cases. For applications lodged from 2 October 2026, family members can only be included if you meet an exemption, such as PhD study, DFAT or Defence sponsorship, a foreign government scholarship, or being an eligible Pacific or ASEAN student. Where family can be included, the charge is AUD1,530 for each person aged 18 or over and AUD500 for each child under 18.",Most student visa applicants can no longer include family members from 2 October 2026.,https://immi.homeaffairs.gov.au/visas/getting-a-visa/visa-listing/changes-to-student-visa-application-rules-500-590/family-members,G4-014,Confirmed,,Schema not updated,"Old wording removed from the visible page, but it is still in the FAQ schema / page code that Google reads",To do,
402,Student & Visitor,student-visa-500,https://www.nanakmigration.com.au/student-visa-500,FAQ - Do I have to apply online?,Missing material update,High,Note that a further application made in Australia may attract the Subsequent Temporary Application Charge of AUD700 on top of the visa application charge.,"From 2 October 2026, most applicants must apply from outside Australia and be outside Australia when the visa is granted. A current student visa holder can only apply in Australia under limited exemptions, for example needing up to 12 more months with the same provider, PhD study, or progressing to a higher AQF level course. Where an in-Australia application is allowed, the Subsequent Temporary Application Charge of AUD700 may apply.",From 2 October 2026 most Student visa applications must be lodged outside Australia unless the applicant holds an eligible visa and meets an exemption.,https://immi.homeaffairs.gov.au/visas/getting-a-visa/visa-listing/changes-to-student-visa-application-rules-500-590/applying-in-australia ; https://immi.homeaffairs.gov.au/visas/getting-a-visa/fees-and-charges/current-visa-pricing,G4-015,Confirmed,,Schema not updated,"Old wording removed from the visible page, but it is still in the FAQ schema / page code that Google reads",To do,
403,Student & Visitor,student-visa-500,https://www.nanakmigration.com.au/student-visa-500,Key Visa Information - Visa duration,Incorrect eligibility,Medium,"Granted for the length of your registered course plus 2 months (up to 5 years). If your course is extended, you must apply for a new student visa.","Granted in line with your enrolment, for up to 6 years. If you need more time, you can only apply for a further student visa in Australia if you meet an exemption, such as needing up to 12 more months to finish your main course with the same provider. Otherwise you must apply from outside Australia.",Home Affairs states the visa allows study for up to 6 years in line with enrolment; further onshore applications are limited from 2 October 2026.,https://immi.homeaffairs.gov.au/visas/getting-a-visa/visa-listing/student-500,G4-016,Confirmed,,Fixed,,Done,
404,Student & Visitor,student-visa-500,https://www.nanakmigration.com.au/student-visa-500,Key Visa Information - 500 to 485 pathway,Outdated law/terminology,Medium,"After completing a bachelor's degree or higher from an Australian provider, you may be eligible for the Temporary Graduate (485) visa, giving you 2-4 years of work rights in Australia.","After completing an eligible Australian qualification, you may be eligible for the Temporary Graduate (485) visa - up to 18 months in the Post-Vocational Education Work stream for diploma and trade graduates, or generally 2 to 3 years in the Post-Higher Education Work stream for degree graduates.","485 stays: Post-Higher Education Work 2 years (bachelor, coursework masters) or 3 years (research masters, PhD); Post-Vocational Education Work up to 18 months; age 35 or under.",https://immi.homeaffairs.gov.au/visas/getting-a-visa/visa-listing/temporary-graduate-485/post-higher-education-work ; https://immi.homeaffairs.gov.au/visas/getting-a-visa/visa-listing/temporary-graduate-485,G4-017,Confirmed,,Not fixed,Old text still visible on the live page,To do,
405,Student & Visitor,student-visa-500,https://www.nanakmigration.com.au/student-visa-500,Key Visa Information - Work rights,Incorrect eligibility,Low,Work rights also extend to secondary holders (your partner and dependants over 18).,"Where family members are included under an exemption, they also have work rights.","A child can only be included if under 18, and since 2 October 2026 family can only be included under exemptions.",https://immi.homeaffairs.gov.au/visas/getting-a-visa/visa-listing/student-500,G4-018,Confirmed,,Fixed,,Done,
406,Student & Visitor,student-visa-500,https://www.nanakmigration.com.au/student-visa-500,Header and footer currency stamps,Other,Low,General information current as at August 2026.,General information current as at October 2026.,Page corrected for the 2 October 2026 student visa changes; also update the footer line 'Information current as at August 2026.',https://immi.homeaffairs.gov.au/visas/getting-a-visa/visa-listing/student-500,G4-019,Confirmed,,Fixed,,Done,
407,Student & Visitor,student-visas,https://www.nanakmigration.com.au/student-visas,Financial Planning - Costs to plan for (table),Outdated fee,High,~$710,"AUD2,500 (most sectors; AUD2,050 for ELICOS and Non-Award; lower charges for eligible Pacific Island, Timor-Leste and ASEAN citizens)","The subclass 500 base application charge is AUD2,500 (All other students), AUD2,050 for the ELICOS and Non-Award sectors.",https://immi.homeaffairs.gov.au/visas/getting-a-visa/fees-and-charges/current-visa-pricing ; https://immi.homeaffairs.gov.au/visas/getting-a-visa/visa-listing/student-500,G4-001,Confirmed,,Fixed,,Done,
408,Student & Visitor,student-visas,https://www.nanakmigration.com.au/student-visas,Financial Planning - Costs to plan for (table),Outdated fee,High,~$530,"AUD1,530 (AUD1,255 for ELICOS and Non-Award). Family members can only be included if an exemption applies - see note below.","The additional applicant charge for a family member aged 18 or over is AUD1,530 (AUD1,255 for ELICOS and Non-Award).",https://immi.homeaffairs.gov.au/visas/getting-a-visa/fees-and-charges/current-visa-pricing,G4-002,Confirmed,,Fixed,,Done,
409,Student & Visitor,student-visas,https://www.nanakmigration.com.au/student-visas,Financial Planning - Costs to plan for (table),Outdated fee,High,~$180,AUD500 (AUD410 for ELICOS and Non-Award). Children can only be included if an exemption applies.,The additional applicant charge for a family member under 18 is AUD500 (AUD410 for ELICOS and Non-Award).,https://immi.homeaffairs.gov.au/visas/getting-a-visa/fees-and-charges/current-visa-pricing,G4-003,Confirmed,,Fixed,,Done,
410,Student & Visitor,student-visas,https://www.nanakmigration.com.au/student-visas,FAQ - Can my family come with me on my student visa?,Missing material update,High,A partner (spouse or de facto) and dependent children can be included as secondary applicants on your student visa.,"For applications lodged from 2 October 2026, most student visa applicants can no longer include a partner or dependent children. Family can only be included if you meet an exemption, for example PhD students, DFAT or Defence-sponsored students, foreign government scholarship recipients and eligible Pacific and ASEAN students. Family members cannot be added after the visa is granted.","From 2 October 2026 (Migration Amendment (Student Visa Reform) Regulations 2026), family members can only be included in a student visa application under limited exemptions, and subsequent entrants are not allowed in any circumstance.",https://immi.homeaffairs.gov.au/visas/getting-a-visa/visa-listing/changes-to-student-visa-application-rules-500-590/family-members ; https://www.legislation.gov.au/F2026L01347/asmade/text,G4-004,Confirmed,,Schema not updated,"Old wording removed from the visible page, but it is still in the FAQ schema / page code that Google reads",To do,
411,Student & Visitor,student-visas,https://www.nanakmigration.com.au/student-visas,The Process - Step 04 Lodge your application via ImmiAccount,Missing material update,High,A bridging visa is granted if you are already onshore.,"From 2 October 2026, most applicants must lodge from outside Australia and be outside Australia when the visa is granted. You can only apply in Australia if you hold an eligible visa and meet an exemption, for example needing up to 12 more months with the same provider, PhD study, or progressing to a higher AQF level course.","From 2 October 2026 most Student visa applications must be lodged outside Australia; holders of visas such as 417, 462, 482, 485, 600, 601 and 651 cannot apply in Australia at all.",https://immi.homeaffairs.gov.au/visas/getting-a-visa/visa-listing/changes-to-student-visa-application-rules-500-590/applying-in-australia ; https://immi.homeaffairs.gov.au/visas/getting-a-visa/visa-listing/student-500,G4-005,Confirmed,,Fixed,,Done,
412,Student & Visitor,student-visas,https://www.nanakmigration.com.au/student-visas,FAQ - What financial evidence does DHA require?,Outdated threshold,Medium,"with additional amounts for a partner (~$10,345/yr)","with additional amounts for a partner (AUD10,394/yr)","The 12-month living cost amount for a partner is AUD10,394.",https://immi.homeaffairs.gov.au/visas/getting-a-visa/visa-listing/student-500,G4-006,Confirmed,,Schema not updated,"Old wording removed from the visible page, but it is still in the FAQ schema / page code that Google reads",To do,
413,Student & Visitor,student-visas,https://www.nanakmigration.com.au/student-visas,What you need to know - Financial Capacity card,Incorrect eligibility,Medium,"DHA requires evidence of funds for tuition, living costs (~$29,710/yr) and return airfare for each year of the course.","Home Affairs requires evidence of funds for travel, the first 12 months of course fees and 12 months of living costs (AUD29,710 for the student).","Financial capacity is assessed on travel costs plus 12 months of course fees and living costs (pro rata if shorter), not every year of the course.",https://immi.homeaffairs.gov.au/visas/getting-a-visa/visa-listing/student-500,G4-007,Confirmed,,Fixed,,Done,
414,Student & Visitor,student-visas,https://www.nanakmigration.com.au/student-visas,FAQ - What is the Genuine Student (GS) requirement,Incorrect eligibility,Medium,There is no set word count or format for the statement - but it must directly and honestly address the relevant factors. Our agents review every GS statement before lodgement.,"The GS questions are answered in the online application form, with a limit of 150 words per response in English. Home Affairs prefers answers in the form rather than a separate statement, and gives more weight to answers supported by evidence. Our agents can review your answers and evidence before lodgement.",Home Affairs sets a 150-word limit per GS response and prefers answers in the form rather than an attached GS statement.,https://immi.homeaffairs.gov.au/visas/getting-a-visa/visa-listing/student-500/genuine-student-requirement,G4-008,Confirmed,,Schema not updated,"Old wording removed from the visible page, but it is still in the FAQ schema / page code that Google reads",To do,
415,Student & Visitor,student-visas,https://www.nanakmigration.com.au/student-visas,What you need to know - 590 Student Guardian Visa card,Incorrect eligibility,Medium,Must not work more than a limited amount.,The guardian cannot work in Australia.,Subclass 590 holders cannot work.,https://immi.homeaffairs.gov.au/visas/getting-a-visa/visa-listing/student-590,G4-009,Confirmed,,Fixed,,Done,
416,Student & Visitor,student-visas,https://www.nanakmigration.com.au/student-visas,FAQ - What is the pathway from a student visa to permanent residence?,Outdated law/terminology,Medium,Subclass 485 Temporary Graduate Visa (2-6 years depending on qualification),"Subclass 485 Temporary Graduate visa (up to 18 months in the Post-Vocational Education Work stream, or generally 2 to 3 years in the Post-Higher Education Work stream depending on qualification)","485 Post-Higher Education Work stream: bachelor and coursework masters 2 years, research masters and PhD 3 years (Hong Kong and BNO passport holders 5 years; different periods for Indian nationals); Post-Vocational Education Work stream up to 18 months.",https://immi.homeaffairs.gov.au/visas/getting-a-visa/visa-listing/temporary-graduate-485/post-higher-education-work ; https://immi.homeaffairs.gov.au/visas/getting-a-visa/visa-listing/temporary-graduate-485,G4-010,Confirmed,,Schema not updated,"Old wording removed from the visible page, but it is still in the FAQ schema / page code that Google reads",To do,
417,Student & Visitor,student-visas,https://www.nanakmigration.com.au/student-visas,The Process - Step 05 Decision and travel,Inconsistent with other page,Low,"Median processing for straightforward 500 applications is 4-8 weeks, but complex cases can take longer.","Processing times vary. Offshore Student visa applications lodged on or after 14 November 2025 are prioritised under Ministerial Direction No. 115, which sets priority levels based on the education sector and the provider. Applications made in Australia are generally assessed in the order they are lodged. Check the Home Affairs visa processing times guide for current figures.","Home Affairs publishes processing times through its guide tool and MD 115 priority levels; the student-visa-500 page quotes different figures, so the two pages conflict.",https://immi.homeaffairs.gov.au/visas/getting-a-visa/visa-processing-times/visa-processing-priorities/student-visa,G4-011,LEGEND-checked,"Approve with amendment - Ministerial Direction No. 115 under s 499 of the Migration Act 1958 - Order for considering and disposing of offshore Subclass 500 (Student) visa applications, commenced 14 November 2025, revoking Direction No. 111; s 8(1) priority sequence (Priority 1 includes HE/VET applications below the provider's prioritisation threshold, school and non-award students etc.) (LEGEND stack 02-10-2026, s499 Directions). Processing times themselves are not in LEGEND - Home Affairs student visa processing priorities page.",Not fixed,Old text still visible on the live page,Query with RMA,
418,Student & Visitor,student-visas,https://www.nanakmigration.com.au/student-visas,Header and footer currency stamps,Other,Low,General information current as at August 2026.,General information current as at October 2026.,Page content corrected for 2026-27 charges and the 2 October 2026 student visa changes; also update the footer line 'Information current as at August 2026.',https://immi.homeaffairs.gov.au/visas/getting-a-visa/visa-listing/student-500,G4-012,Confirmed,,Fixed,,Done,
419,Student & Visitor,visitor-visa-600,https://www.nanakmigration.com.au/visitor-visa-600,The Short Answer,Outdated fee,Medium,Base government charges start at approximately AUD 200 for the tourist stream offshore.,"The government charge is AUD 250 for the tourist stream applied for outside Australia, and AUD 630 if you apply in Australia.","Tourist stream VAC: AUD250 outside Australia, AUD630 in Australia (2026-27). The page's own FAQ already shows AUD250.",https://immi.homeaffairs.gov.au/visas/getting-a-visa/visa-listing/visitor-600,G4-059,Confirmed,,Not fixed,Old text still visible on the live page,To do,
420,Student & Visitor,visitor-visa-600,https://www.nanakmigration.com.au/visitor-visa-600,"Stat card, Four Streams cards and Visitor Visa 600 Charges table",Outdated fee,Medium,~AUD 200,AUD 250,"Tourist (outside Australia), Sponsored Family and Business Visitor streams are AUD250 per applicant; Tourist in Australia AUD630; Frequent Traveller AUD1,845. Replace every '~AUD 200' and '~AUD 200 + possible bond', and show AUD 630 for the onshore row.",https://immi.homeaffairs.gov.au/visas/getting-a-visa/visa-listing/visitor-600 ; https://immi.homeaffairs.gov.au/visas/getting-a-visa/fees-and-charges/current-visa-pricing,G4-060,Confirmed,,Fixed,,Done,
421,Student & Visitor,visitor-visa-600,https://www.nanakmigration.com.au/visitor-visa-600,The Short Answer,Incorrect eligibility,Low,The subclass 600 Visitor visa has four main streams,"The subclass 600 Visitor visa has five streams (including the Approved Destination Status stream for organised tour groups from China), and the four most used are","Home Affairs lists Tourist, Business Visitor, Approved Destination Status, Frequent Traveller and Sponsored Family streams.",https://immi.homeaffairs.gov.au/visas/getting-a-visa/visa-listing/visitor-600,G4-061,Confirmed,,Fixed,,Done,
422,Student & Visitor,visitor-visa-600,https://www.nanakmigration.com.au/visitor-visa-600,What the Subclass 600 Covers - No work rights,Incorrect eligibility,Low,Visa holders cannot perform work (paid or unpaid) in Australia.,"Visa holders cannot work in Australia, although some volunteer work may be allowed.","Home Affairs: you can't work on a Visitor visa, but you might be able to do volunteer work.",https://immi.homeaffairs.gov.au/visas/getting-a-visa/visa-listing/visitor-600/tourist-stream-overseas,G4-062,Confirmed,,Fixed,,Done,
423,Student & Visitor,visitor-visa-600,https://www.nanakmigration.com.au/visitor-visa-600,Header and footer currency stamps,Other,Low,General information current as at August 2026.,General information current as at October 2026.,Page corrected; also update 'Figures current at August 2026' and the footer line 'Information current as at August 2026.',https://immi.homeaffairs.gov.au/visas/getting-a-visa/visa-listing/visitor-600,G4-063,Confirmed,,Fixed,,Done,
424,Student & Visitor,visitor-visas,https://www.nanakmigration.com.au/visitor-visas,"Stat card, Subclass 600 card, comparison table and decision guide",Outdated fee,Medium,~AUD 200,AUD 250,"Visitor 600 Tourist stream (outside Australia), Sponsored Family and Business Visitor streams are AUD250; Tourist stream in Australia is AUD630. Replace every '~AUD 200' on the page, including 'From ~AUD 200 (tourist stream offshore)', '~AUD 200+ (bond may apply)' and 'Charges from ~AUD 200'.",https://immi.homeaffairs.gov.au/visas/getting-a-visa/visa-listing/visitor-600 ; https://immi.homeaffairs.gov.au/visas/getting-a-visa/fees-and-charges/current-visa-pricing,G4-057,Confirmed,,Fixed,,Done,
425,Student & Visitor,visitor-visas,https://www.nanakmigration.com.au/visitor-visas,Header and footer currency stamps,Other,Low,General information current as at August 2026.,General information current as at October 2026.,Page corrected; also update 'Figures current at August 2026' and the footer line 'Information current as at August 2026.',https://immi.homeaffairs.gov.au/visas/getting-a-visa/visa-listing/visitor-600,G4-058,Confirmed,,Fixed,,Done,
426,Student & Visitor,work-and-holiday-462,https://www.nanakmigration.com.au/work-and-holiday-462,Countries with Work and Holiday (462) Arrangements,Incorrect eligibility,High,Australia has Work and Holiday arrangements with the following countries (list current at August 2026,"Australia has Work and Holiday arrangements with the following countries (list current at October 2026 - confirm on the Department of Home Affairs website before applying): Argentina, Austria, Brazil, Chile, China, Czech Republic, Ecuador, Greece, Hungary, India, Indonesia, Israel, Luxembourg, Malaysia, Mongolia, Papua New Guinea, Peru, Poland, Portugal, San Marino, Singapore, Slovak Republic, Slovenia, Spain, Switzerland, Thailand, Turkiye, Uruguay, United States of America and Vietnam.","The page list wrongly includes Bangladesh, Nepal, Oman, Philippines, Sri Lanka and UAE (not open; the Philippines arrangement has not started) and omits Austria, Brazil, Czech Republic, Greece, Hungary, Luxembourg, PNG, San Marino, Slovak Republic, Slovenia and Switzerland.",https://immi.homeaffairs.gov.au/visas/getting-a-visa/visa-listing/work-holiday-462/first-work-holiday-462 ; https://immi.homeaffairs.gov.au/what-we-do/whm-program/latest-news,G4-081,Confirmed,,Fixed,,Done,
427,Student & Visitor,work-and-holiday-462,https://www.nanakmigration.com.au/work-and-holiday-462,Working Holiday (417) vs Work and Holiday (462) table - 6-month employer limit row,Incorrect eligibility,High,Yes (UK passport holders currently exempt - confirm),"Yes (applies to all nationalities, including UK passport holders)",The six-month work limitation per employer continues to apply to UK passport holders.,https://immi.homeaffairs.gov.au/what-we-do/whm-program/latest-news/arrangements-uk-passport-holders,G4-082,Confirmed,,Not fixed,Old text still visible on the live page,To do,
428,Student & Visitor,work-and-holiday-462,https://www.nanakmigration.com.au/work-and-holiday-462,The Short Answer,Outdated fee,Medium,The government charge is approximately AUD 650 - confirm the current figure on DoHA.,"The government charge is AUD 840 for a first visa and AUD 1,000 for a second or third visa.","462 VAC 2026-27: first AUD840, second AUD1,000, third AUD1,000. Also replace each '~AUD 650' in the stat card and comparison table.",https://immi.homeaffairs.gov.au/visas/getting-a-visa/visa-listing/work-holiday-462/first-work-holiday-462 ; https://immi.homeaffairs.gov.au/visas/getting-a-visa/fees-and-charges/current-visa-pricing,G4-083,Confirmed,,Not fixed,Old text still visible on the live page,To do,
429,Student & Visitor,work-and-holiday-462,https://www.nanakmigration.com.au/work-and-holiday-462,FAQ - How long does a 462 visa take?,Processing time,Medium,"As at September 2026, Home Affairs decides 50 per cent of applications in 8 days and 90 per cent in 22 days. Onshore applications are prioritised, and Home Affairs warns some offshore applications may take several months.","Home Affairs is normalising WHM processing times, and the average processing time is expected to be around three months. Do not book flights or make commitments until your visa is granted.",Home Affairs states the average WHM processing time is expected to be around three months.,https://immi.homeaffairs.gov.au/what-we-do/whm-program/latest-news,G4-084,Confirmed,,Schema not updated,"Old wording removed from the visible page, but it is still in the FAQ schema / page code that Google reads",To do,
430,Student & Visitor,work-and-holiday-462,https://www.nanakmigration.com.au/work-and-holiday-462,Header and footer currency stamps,Other,Low,General information current as at August 2026.,General information current as at October 2026.,Page corrected; also update 'as of August 2026' / 'as at August 2026' notes and the footer line 'Information current as at August 2026.',https://immi.homeaffairs.gov.au/visas/getting-a-visa/visa-listing/work-holiday-462/first-work-holiday-462,G4-085,Confirmed,,Fixed,,Done,
431,Student & Visitor,working-holiday-417,https://www.nanakmigration.com.au/working-holiday-417,Partner Countries for the Subclass 417 - USA note,Incorrect eligibility,High,USA nationals may be eligible for the 417 - confirm on DoHA as arrangements are subject to change.,USA passport holders are not eligible for the 417. They may be eligible for the Work and Holiday visa (subclass 462).,"The USA is on the subclass 462 list, not the 417 list.",https://immi.homeaffairs.gov.au/visas/getting-a-visa/visa-listing/work-holiday-417/first-working-holiday-417 ; https://immi.homeaffairs.gov.au/visas/getting-a-visa/visa-listing/work-holiday-462/first-work-holiday-462,G4-069,Confirmed,,Not fixed,Old text still visible on the live page,To do,
432,Student & Visitor,working-holiday-417,https://www.nanakmigration.com.au/working-holiday-417,Partner Countries for the Subclass 417 - Standard age limit table,Incorrect eligibility,High,Standard age limit: 18-30,"Standard age limit: 18-30 - Belgium, Estonia, Hong Kong, Japan, Malta, Netherlands, Norway, Sweden, Taiwan","The 18-30 table wrongly lists Iceland, Israel, Portugal, Spain and the USA (not 417 countries) and Cyprus, Finland, Germany and Korea (18-35 from 1 July 2026).",https://immi.homeaffairs.gov.au/visas/getting-a-visa/visa-listing/work-holiday-417/first-working-holiday-417 ; https://immi.homeaffairs.gov.au/what-we-do/whm-program/latest-news,G4-070,Confirmed,,Not fixed,Old text still visible on the live page,To do,
433,Student & Visitor,working-holiday-417,https://www.nanakmigration.com.au/working-holiday-417,Partner Countries for the Subclass 417 - Extended age limit table,Incorrect eligibility,High,Extended age limit: 18-35,"Extended age limit: 18-35 - Canada, Cyprus, Denmark, Finland, France, Germany, Ireland, Italy, Republic of Korea, United Kingdom","Hong Kong and Taiwan are 18-30; Cyprus, Finland, Germany and Korea moved to 18-35 on 1 July 2026. Remove the 'Some countries appear in both tables' note.",https://immi.homeaffairs.gov.au/visas/getting-a-visa/visa-listing/work-holiday-417/first-working-holiday-417 ; https://immi.homeaffairs.gov.au/what-we-do/whm-program/latest-news,G4-071,Confirmed,,Not fixed,Old text still visible on the live page,To do,
434,Student & Visitor,working-holiday-417,https://www.nanakmigration.com.au/working-holiday-417,The Short Answer,Incorrect eligibility,High,subject to a 6-month limit per employer (UK passport holders are currently exempt from this limit),subject to a 6-month limit per employer (this also applies to UK passport holders),UK passport holders are exempt from specified work only; the six-month work limitation per employer still applies to them.,https://immi.homeaffairs.gov.au/what-we-do/whm-program/latest-news/arrangements-uk-passport-holders,G4-072,Confirmed,,Not fixed,Old text still visible on the live page,To do,
435,Student & Visitor,working-holiday-417,https://www.nanakmigration.com.au/working-holiday-417,What it is - Work for any employer,Incorrect eligibility,High,The key limit is 6 months per employer (except for UK passport holders who are currently exempt).,"The key limit is 6 months per employer, unless an exemption or written permission applies. This includes UK passport holders.",Condition 8547 applies to UK passport holders.,https://immi.homeaffairs.gov.au/what-we-do/whm-program/latest-news/arrangements-uk-passport-holders ; https://immi.homeaffairs.gov.au/what-we-do/whm-program/latest-news,G4-073,Confirmed,,Fixed,,Done,
436,Student & Visitor,working-holiday-417,https://www.nanakmigration.com.au/working-holiday-417,Work Rights - 6-month employer limit list,Incorrect eligibility,High,UK passport holders: currently exempt from the 6-month limit - confirm your specific visa conditions on grant,UK passport holders: the 6-month limit applies. UK passport holders are only exempt from the specified work requirement for second and third visas,Home Affairs: the six-month work limitation per employer and four-month study limitation continue to apply to UK passport holders.,https://immi.homeaffairs.gov.au/what-we-do/whm-program/latest-news/arrangements-uk-passport-holders,G4-074,Confirmed,,Not fixed,Old text still visible on the live page,To do,
437,Student & Visitor,working-holiday-417,https://www.nanakmigration.com.au/working-holiday-417,The Short Answer,Outdated fee,Medium,The government application charge is approximately AUD 650 - confirm the current figure on DoHA.,"The government application charge is AUD 840 for a first visa and AUD 1,000 for a second or third visa.","417 VAC 2026-27: first AUD840, second and third AUD1,000.",https://immi.homeaffairs.gov.au/visas/getting-a-visa/visa-listing/work-holiday-417/first-working-holiday-417 ; https://immi.homeaffairs.gov.au/visas/getting-a-visa/visa-listing/work-holiday-417/second-working-holiday-417,G4-075,Confirmed,,Not fixed,Old text still visible on the live page,To do,
438,Student & Visitor,working-holiday-417,https://www.nanakmigration.com.au/working-holiday-417,"Stat card, How to Apply step and charges table",Outdated fee,Medium,~AUD 650,"AUD 840 (first visa) / AUD 1,000 (second or third visa)","Replace every '~AUD 650'. Table rows: First 417 AUD 840; Second 417 AUD 1,000; Third 417 AUD 1,000 (the 'Same charge applies' notes are wrong).",https://immi.homeaffairs.gov.au/visas/getting-a-visa/fees-and-charges/current-visa-pricing,G4-076,Confirmed,,Fixed,,Done,
439,Student & Visitor,working-holiday-417,https://www.nanakmigration.com.au/working-holiday-417,How to Apply - Create an ImmiAccount and lodge online,Incorrect eligibility,Medium,"You must be outside Australia at the time of application, or inside Australia on a current valid visa (in which case you must be outside Australia at the time the visa is granted).","For a first Working Holiday visa you must apply from outside Australia and be outside Australia when the visa is granted. Second and third visas can be applied for in or outside Australia, and you must be in the same location when the visa is granted as when you applied.",First 417 must be applied for outside Australia; WHM applicants must be in the same location at grant as at application.,https://immi.homeaffairs.gov.au/visas/getting-a-visa/visa-listing/work-holiday-417/first-working-holiday-417 ; https://immi.homeaffairs.gov.au/what-we-do/whm-program/latest-news,G4-077,Confirmed,,Fixed,,Done,
440,Student & Visitor,working-holiday-417,https://www.nanakmigration.com.au/working-holiday-417,FAQ - How long does a 417 visa take?,Processing time,Medium,"As at September 2026, Home Affairs decides 50 per cent of applications in 3 days and 90 per cent in 20 days. Home Affairs is prioritising onshore applications, and warns that some offshore applications may take several months.","Home Affairs is normalising WHM processing times, and the average processing time is expected to be around three months. Do not book flights or make travel, work or study commitments until your visa is granted.",Home Affairs states the average WHM processing time is expected to be around three months.,https://immi.homeaffairs.gov.au/what-we-do/whm-program/latest-news ; https://immi.homeaffairs.gov.au/visas/getting-a-visa/visa-listing/work-holiday-417,G4-078,Confirmed,,Schema not updated,"Old wording removed from the visible page, but it is still in the FAQ schema / page code that Google reads",To do,
441,Student & Visitor,working-holiday-417,https://www.nanakmigration.com.au/working-holiday-417,How to Apply - Await decision,Processing time,Medium,Many 417 applications are granted within a few days to a few weeks.,Home Affairs expects the average processing time to be around three months.,Average WHM processing time expected to be around three months.,https://immi.homeaffairs.gov.au/what-we-do/whm-program/latest-news,G4-079,Confirmed,,Fixed,,Done,
442,Student & Visitor,working-holiday-417,https://www.nanakmigration.com.au/working-holiday-417,Header and footer currency stamps,Other,Low,General information current as at August 2026.,General information current as at October 2026.,"Page corrected; also update 'Approximate government charge at August 2026', 'current at August 2026' notes and the footer line 'Information current as at August 2026.'",https://immi.homeaffairs.gov.au/visas/getting-a-visa/visa-listing/work-holiday-417/first-working-holiday-417,G4-080,Confirmed,,Fixed,,Done,
443,Partner & Family,adoption-visa-102,https://www.nanakmigration.com.au/adoption-visa-102,Hero intro / Two Pathways,Incorrect eligibility,Medium,"Two pathways exist: intercountry adoptions arranged through a state/territory central authority, and expatriate adoptions by parents who have lived overseas for 12 or more months.",Three pathways exist: adoptions arranged with the involvement of an Australian state or territory central authority; Hague Convention adoptions between two countries other than Australia; and expatriate adoptions by parents who have lived outside Australia for more than 12 months immediately before lodging the visa application.,"Home Affairs lists three adoption routes, including Hague Convention adoptions between two other countries.",https://immi.homeaffairs.gov.au/visas/getting-a-visa/visa-listing/adoption-102,G5-056,Confirmed,,Fixed,,Done,
444,Partner & Family,adoption-visa-102,https://www.nanakmigration.com.au/adoption-visa-102,"Eligibility - Sponsor eligibility (also Two Pathways, Step 01 and FAQ)",Incorrect eligibility,Medium,Has resided outside Australia for 12+ months at the time of the adoption (expatriate pathway),Has been living outside Australia for more than 12 months immediately before the visa application is lodged (expatriate pathway),Home Affairs: the adoptive parent must have been residing outside Australia for more than 12 months immediately before lodging the visa application. Same timing error in 'Parent must have resided outside Australia for at least 12 months before the adoption'.,https://immi.homeaffairs.gov.au/visas/getting-a-visa/visa-listing/adoption-102,G5-057,Confirmed,,Fixed,,Done,
445,Partner & Family,adoption-visa-102,https://www.nanakmigration.com.au/adoption-visa-102,Eligibility - Child eligibility,Incorrect eligibility,Medium,Is not already an Australian citizen or permanent resident,"Is not already an Australian citizen or permanent resident; Was under 18 when adopted, when the application is made and when it is decided; Is outside Australia when the application is made and when it is decided","Home Affairs: child must be under 18 when adopted, when applying and at decision, and outside Australia at application and decision - neither criterion is on the page.",https://immi.homeaffairs.gov.au/visas/getting-a-visa/visa-listing/adoption-102,G5-058,Confirmed,,Fixed,,Done,
446,Partner & Family,adoption-visa-102,https://www.nanakmigration.com.au/adoption-visa-102,Page stamps,Other,Low,General information current as at August 2026.,General information current as at October 2026.,Content corrected in October 2026; also update 'Information current as at August 2026.',https://immi.homeaffairs.gov.au/visas/getting-a-visa/visa-listing/adoption-102,G5-059,Confirmed,,Fixed,,Done,
447,Partner & Family,carer-visa,https://www.nanakmigration.com.au/carer-visa,The Short Answer / key facts card,Processing time,High,Processing times for the Carer visa are currently multi-year - confirm current estimates on the Department of Home Affairs website.,"Carer visas are capped and queued. Home Affairs estimates that a new application will take around 16 years to process, and as at 31 August 2026 it had only released applications with a queue date up to 31 December 2023 for final processing.",Carer (116/836) is subject to capping and queueing; new-application estimate 16 years. The key facts card ('Processing times for the Carer visa vary and have generally been multi-year.') should also say capped and queued.,https://immi.homeaffairs.gov.au/visas/getting-a-visa/visa-processing-times/visa-processing-priorities/other-family-visas ; https://immi.homeaffairs.gov.au/visas/getting-a-visa/visa-listing/carer-116,G5-071,Confirmed,,Not fixed,Old text still visible on the live page,To do,
448,Partner & Family,carer-visa,https://www.nanakmigration.com.au/carer-visa,FAQ - Who qualifies as the Australian relative needing care?,Wrong legal reference,Medium,"includes a parent, child, step-parent, step-child, adopted child (who is an adult), sibling, step-sibling, grandparent, grandchild, spouse's parent, spouse's grandparent, and certain other defined relatives.","includes a spouse or de facto partner, child, parent, brother or sister, a step-child, step-brother or step-sister, and a grandparent, grandchild, aunt, uncle, niece or nephew (or the step-equivalent of these).","Reg 1.03 'relative' = close relative (spouse/de facto, child, parent, brother, sister, step-child, step-brother, step-sister) or grandparent, grandchild, aunt, uncle, niece, nephew or step-equivalents. A spouse's parent or grandparent is not listed.",https://www.legislation.gov.au/F1996B03551/latest/text (reg 1.03 'relative' and 'close relative'; reg 1.15AA),G5-072,Confirmed,,Schema not updated,"Old wording removed from the visible page, but it is still in the FAQ schema / page code that Google reads",To do,
449,Partner & Family,carer-visa,https://www.nanakmigration.com.au/carer-visa,Sponsor and Relative Requirements - relative list,Wrong legal reference,Low,Spouse's parent or grandparent,"Aunt, uncle, niece or nephew (including step-relatives)","Spouse's parent/grandparent is not in the reg 1.03 'relative' definition; aunt, uncle, niece and nephew are.",https://www.legislation.gov.au/F1996B03551/latest/text (reg 1.03),G5-073,Confirmed,,Fixed,,Done,
450,Partner & Family,carer-visa,https://www.nanakmigration.com.au/carer-visa,The Departmental Medical Assessment - Who conducts the assessment,Other,Low,The Department of Home Affairs appoints a medical officer to assess the relative's condition and care needs.,The relative (or the family member who needs care) must be assessed by Bupa Medical Visa Services and obtain a medical certificate stating the condition and the level of care needed.,Home Affairs: the relative or their family member must be assessed by and get a medical certificate from Bupa Medical Visa Services (reg 1.15AA certificate from the health services provider).,https://immi.homeaffairs.gov.au/visas/getting-a-visa/visa-listing/carer-116,G5-074,Confirmed,,Fixed,,Done,
451,Partner & Family,carer-visa,https://www.nanakmigration.com.au/carer-visa,Page stamps,Other,Low,General information current as at August 2026.,General information current as at October 2026.,Content corrected in October 2026; also update 'Information current as at August 2026.',https://immi.homeaffairs.gov.au/visas/getting-a-visa/visa-listing/carer-116,G5-075,Confirmed,,Fixed,,Done,
452,Partner & Family,child-visa-101,https://www.nanakmigration.com.au/child-visa-101,Sponsorship - Scenario 3,Incorrect eligibility,High,"In limited circumstances, a relative of the child who is an Australian citizen, PR, or eligible NZ citizen can sponsor the child - for example, if both parents are deceased and the child is being raised by an aunt, uncle, or grandparent who is Australian.","A relative such as an aunt, uncle or grandparent cannot sponsor a Child visa. If both parents have died, are permanently unable to care for the child or cannot be found, the Orphan Relative visa (subclass 117 or 837) may be the right pathway instead.",Home Affairs: the child must be sponsored by an eligible parent or the parent's spouse or de facto partner. Also change the lead-in 'The child must be sponsored by a parent or a relative of the child.',https://immi.homeaffairs.gov.au/visas/getting-a-visa/visa-listing/child-101 ; https://immi.homeaffairs.gov.au/visas/getting-a-visa/visa-listing/orphan-relative-117,G5-048,Confirmed,,Not fixed,Old text still visible on the live page,To do,
453,Partner & Family,child-visa-101,https://www.nanakmigration.com.au/child-visa-101,"The Short Answer (also FAQ 1, Processing section and 101 vs 802 table)",Incorrect eligibility,High,The child usually receives a Bridging Visa E (BVE) if they enter Australia after lodging but before a decision is made.,"A 101 application must be made from outside Australia, and the child generally must be outside Australia when the visa is granted. Because it is not an onshore application, it does not give the child a bridging visa. If the child visits Australia while it is being processed, they need another visa, such as a visitor visa, and must comply with its conditions.","Home Affairs 101 page does not provide any bridging visa; an offshore application does not trigger a BVE. Same claim appears in FAQ 1 ('may be entitled to a Bridging Visa E (BVE)'), the Processing section and the 101 vs 802 table ('BVE if child enters Australia after lodging').",https://immi.homeaffairs.gov.au/visas/getting-a-visa/visa-listing/child-101,G5-049,LEGEND-checked,"Approve with amendment - Migration Regulations 1994 Sch 1 item 1108(3)(aa) (Child (Migrant) (Class AH): applicant must be outside Australia); Sch 2 cl 101.411 (applicant must be outside Australia at grant, subject to the COVID concession in 101.411(2)); Sch 2 cl 050.212(3) and cl 010.211(2) (BVE/BVA require a valid application made in Australia for a visa that can be granted in Australia) - LEGEND stack 02-10-2026",Not fixed,Old text still visible on the live page,Query with RMA,
454,Partner & Family,child-visa-101,https://www.nanakmigration.com.au/child-visa-101,The Short Answer / Processing Times,Processing time,Medium,Processing can take many months to over a year - confirm current times on DoHA.,Home Affairs currently decides 50% of applications within 24 months and 90% within 33 months - confirm current times on the Home Affairs website.,"Subclass 101: 24/33 months. Also change 'In many cases, processing takes many months to over a year.' and 'Processing takes months to over a year.'",https://immi.homeaffairs.gov.au/visas/getting-a-visa/visa-processing-times/global-visa-processing-times,G5-051,Confirmed,,Not fixed,Old text still visible on the live page,To do,
455,Partner & Family,child-visa-101,https://www.nanakmigration.com.au/child-visa-101,The Short Answer and Eligibility (also 802 and 445 pages),Incorrect eligibility,Low,or aged 18-25 and a full-time student who is financially dependent on the sponsoring parent,"or aged 18 to 24 (over 18 and under 25), studying full time and financially dependent on the sponsoring parent","Home Affairs: over 18 and under 25 and studying full time (18 to 24). The '18-25' wording also appears in the eligibility lists on this page, the 802 page and the 445 page.",https://immi.homeaffairs.gov.au/visas/getting-a-visa/visa-listing/child-101,G5-050,Confirmed,,Not fixed,Old text still visible on the live page,To do,
456,Partner & Family,child-visa-101,https://www.nanakmigration.com.au/child-visa-101,Page stamps,Other,Low,General information current as at August 2026.,General information current as at October 2026.,Content corrected in October 2026; also update 'as at August 2026' references in Processing and Fees sections and 'Information current as at August 2026.',https://immi.homeaffairs.gov.au/visas/getting-a-visa/visa-listing/child-101,G5-052,Confirmed,,Fixed,,Done,
457,Partner & Family,child-visa-802,https://www.nanakmigration.com.au/child-visa-802,Eligibility - In Australia at the time of application,Incorrect eligibility,Medium,"The child must be in Australia when the 802 application is lodged. If the child is outside Australia at lodgement, the offshore subclass 101 is required.","The child must be in Australia when the 802 application is lodged and when it is decided. If the child is outside Australia at lodgement, the offshore subclass 101 is required. Plan any overseas travel so the child is back in Australia before a decision is likely.",Home Affairs: the child must be in Australia when the application is made and when we make our decision.,https://immi.homeaffairs.gov.au/visas/getting-a-visa/visa-listing/child-802,G5-053,Confirmed,,Fixed,,Done,
458,Partner & Family,child-visa-802,https://www.nanakmigration.com.au/child-visa-802,The Short Answer / Processing Times,Processing time,Medium,Processing takes many months to over a year - confirm current times on DoHA.,Home Affairs currently decides 50% of applications within 21 months and 90% within 31 months - confirm current times on the Home Affairs website.,Subclass 802: 21/31 months. Also change 'Processing typically takes many months to over a year.',https://immi.homeaffairs.gov.au/visas/getting-a-visa/visa-processing-times/global-visa-processing-times,G5-054,Confirmed,,Not fixed,Old text still visible on the live page,To do,
459,Partner & Family,child-visa-802,https://www.nanakmigration.com.au/child-visa-802,Page stamps,Other,Low,General information current as at August 2026.,General information current as at October 2026.,Content corrected in October 2026; also update 'general guidance as at August 2026' and 'Information current as at August 2026.',https://immi.homeaffairs.gov.au/visas/getting-a-visa/visa-listing/child-802,G5-055,Confirmed,,Fixed,,Done,
460,Partner & Family,dependent-child-445,https://www.nanakmigration.com.au/dependent-child-445,Hero intro,Incorrect eligibility,High,The subclass 445 allows a dependent child to join a parent who holds or is applying for a temporary partner visa (subclass 309 or 820) in Australia.,The subclass 445 allows a dependent child to join a parent who holds a temporary partner visa (subclass 309 or 820) in Australia.,"Home Affairs: the child must be dependent on a parent who holds a 309, 820 or 445 visa. A pending partner application is not enough. The same 'holds or is applying for' wording appears in FAQ 1 and the 'What this visa does' section.",https://immi.homeaffairs.gov.au/visas/getting-a-visa/visa-listing/dependent-child-445,G5-060,Confirmed,,Fixed,,Done,
461,Partner & Family,dependent-child-445,https://www.nanakmigration.com.au/dependent-child-445,Step 01 - Parent's temporary partner visa is lodged or granted,Incorrect eligibility,High,The child's parent (the primary applicant on the partner visa) either has a pending or granted subclass 309 or 820 visa. The 445 application is typically lodged after or at the same time as the partner visa.,The child's parent must already hold a subclass 309 or 820 visa. The 445 application is lodged after the parent's temporary partner visa has been granted.,The 445 is only available once the parent holds a 309/820 (or 445). Step heading 'Parent's temporary partner visa is lodged or granted' should read 'Parent's temporary partner visa is granted'.,https://immi.homeaffairs.gov.au/visas/getting-a-visa/visa-listing/dependent-child-445,G5-062,Confirmed,,Not fixed,Old text still visible on the live page,To do,
462,Partner & Family,dependent-child-445,https://www.nanakmigration.com.au/dependent-child-445,Key facts card - Parent on 309 or 820,Incorrect eligibility,Medium,Parent must hold or have applied for a temporary partner visa,Parent must hold a temporary partner visa (309 or 820),"Parent must hold the visa, not merely have applied.",https://immi.homeaffairs.gov.au/visas/getting-a-visa/visa-listing/dependent-child-445,G5-061,Confirmed,,Fixed,,Done,
463,Partner & Family,dependent-child-445,https://www.nanakmigration.com.au/dependent-child-445,The Permanent Stage - Step 01,Incorrect eligibility,Medium,"When the parent's permanent partner visa application (subclass 100 or 801) is lodged or when the permanent stage is being processed, the child must be properly included as a member of the family unit.","The parent's permanent partner visa application (subclass 100 or 801) was lodged at the same time as the temporary visa. Once the 445 is granted, the child must apply to be added to that existing permanent application before it is decided.",Home Affairs: the child must apply to be added to the parent's permanent Partner visa application once granted the 445; there is no separate permanent lodgement. FAQ 'Does the child need to be added...' ('This should be done at lodgement of the permanent application') needs the same fix.,https://immi.homeaffairs.gov.au/visas/getting-a-visa/visa-listing/dependent-child-445 ; https://immi.homeaffairs.gov.au/visas/getting-a-visa/visa-listing/partner-onshore/permanent-801,G5-063,Confirmed,,Not fixed,Old text still visible on the live page,To do,
464,Partner & Family,dependent-child-445,https://www.nanakmigration.com.au/dependent-child-445,Page stamps,Other,Low,General information current as at August 2026.,General information current as at October 2026.,Content corrected in October 2026; also update 'Information current as at August 2026.',https://immi.homeaffairs.gov.au/visas/getting-a-visa/visa-listing/dependent-child-445,G5-064,Confirmed,,Fixed,,Done,
465,Partner & Family,nz-family-relationship-461,https://www.nanakmigration.com.au/nz-family-relationship-461,Visa Rights and Conditions - Medicare access,Incorrect eligibility,Medium,"Holders of the 461 may be eligible for Medicare under the Trans-Tasman Travel Arrangement, subject to reciprocal arrangements. Confirm current eligibility on the Services Australia website.",Home Affairs advises that 461 holders are personally liable for their healthcare costs and recommends adequate private health insurance. Check with Services Australia whether any reciprocal health care agreement applies to you.,Home Affairs 461 page: you are personally liable for all your healthcare costs while in Australia; take out health insurance. The Trans-Tasman Travel Arrangement does not give non-NZ family members Medicare.,https://immi.homeaffairs.gov.au/visas/getting-a-visa/visa-listing/new-zealand-citizen-family-relationship-temporary-461,G5-076,Confirmed,,Fixed,,Done,
466,Partner & Family,nz-family-relationship-461,https://www.nanakmigration.com.au/nz-family-relationship-461,Page stamps,Other,Low,General information current as at August 2026.,General information current as at October 2026.,Content corrected in October 2026; also update 'Information current as at August 2026.',https://immi.homeaffairs.gov.au/visas/getting-a-visa/visa-listing/new-zealand-citizen-family-relationship-temporary-461,G5-077,Confirmed,,Fixed,,Done,
467,Partner & Family,partner-family-visas,https://www.nanakmigration.com.au/partner-family-visas,FAQ - What is the two-stage partner visa process?,Incorrect eligibility,High,"Stage 2 assesses your relationship again approximately 2 years after the temporary grant and, if the relationship is genuine and ongoing, grants permanent residence (801 or 100).","Stage 2 assesses your relationship again once 2 years have passed since you lodged the combined application (not 2 years after the temporary grant) and, if the relationship is genuine and continuing, grants permanent residence (801 or 100).",Eligibility for the permanent 801/100 stage is 2 years after the combined temporary and permanent application was lodged.,https://immi.homeaffairs.gov.au/visas/getting-a-visa/visa-listing/partner-onshore/permanent-801,G5-001,Confirmed,,Schema not updated,"Old wording removed from the visible page, but it is still in the FAQ schema / page code that Google reads",To do,
468,Partner & Family,partner-family-visas,https://www.nanakmigration.com.au/partner-family-visas,FAQ - How long does a partner visa take?,Processing time,High,"The initial temporary grant (309/820) is currently taking 2-4 years for most applicants. After the temporary grant, a further 2-year wait applies before the permanent stage is assessed. Total time from lodgement to permanent residence is typically 4-6 years.",Home Affairs currently decides 50% of subclass 820 applications within 22 months and 90% within 30 months (subclass 309: 21 and 32 months). The permanent stage becomes assessable 2 years after the combined application was lodged - not 2 years after the temporary grant - and Home Affairs then decides 50% of permanent-stage cases within 8 to 9 months of that date. Times vary with the individual case.,"Home Affairs guide (updated 29 Sep 2026): 820 22/30 months, 309 21/32 months (50%/90%); 801 8/19 months and 100 9/21 months from the eligibility date (2 years after lodgement).",https://immi.homeaffairs.gov.au/visas/getting-a-visa/visa-processing-times/global-visa-processing-times ; https://immi.homeaffairs.gov.au/visas/getting-a-visa/visa-listing/partner-onshore/permanent-801,G5-002,Confirmed,,Schema not updated,"Old wording removed from the visible page, but it is still in the FAQ schema / page code that Google reads",To do,
469,Partner & Family,partner-family-visas,https://www.nanakmigration.com.au/partner-family-visas,FAQ - What is the Contributory Parent visa and is it worth it?,Outdated fee,High,"The Contributory Parent 143 visa costs approximately $48,415 in government fees per primary applicant as at 1 July 2026, with additional amounts for secondary applicants.","The Contributory Parent 143 visa costs AUD49,900 in government charges for most primary applicants from 1 July 2026 (first instalment AUD6,300 plus second instalment AUD43,600 payable before grant), with additional amounts for secondary applicants.","2026-27 VAC for subclass 143 (any other applicant): first instalment AUD6,300 + second instalment AUD43,600 = AUD49,900.",https://immi.homeaffairs.gov.au/visas/getting-a-visa/fees-and-charges/current-visa-pricing,G5-005,Confirmed,,Schema not updated,"Old wording removed from the visible page, but it is still in the FAQ schema / page code that Google reads",To do,
470,Partner & Family,partner-family-visas,https://www.nanakmigration.com.au/partner-family-visas,FAQ - What is the Contributory Parent visa and is it worth it?,Processing time,High,"In return, the queue is roughly 5-7 years. The non-contributory 103/804 has minimal government fees but a queue exceeding 30 years. For most families, the contributory pathway is the only practical option for permanent residence within a reasonable timeframe.","Even so, Home Affairs estimates that a new Contributory Parent application will take around 18 years to process, because these visas are capped and queued. For the non-contributory Parent (103) and Aged Parent (804) visas the estimate is around 42 years. Families should weigh these timeframes carefully before lodging.",Home Affairs estimates for new applications (as at 31 Aug 2026): Contributory Parent visas 18 years; Parent and Aged Parent visas 42 years.,https://immi.homeaffairs.gov.au/visas/getting-a-visa/visa-processing-times/visa-processing-priorities/parent-visas,G5-006,Confirmed,,Schema not updated,"Old wording removed from the visible page, but it is still in the FAQ schema / page code that Google reads",To do,
471,Partner & Family,partner-family-visas,https://www.nanakmigration.com.au/partner-family-visas,Processing time snapshot table - 143 Contributory Parent row,Processing time,High,143 Contributory ParentPermanent grant5-7 years,143 Contributory Parent | Permanent grant | Around 18 years for new applications (capped and queued),Home Affairs estimate for new Contributory Parent applications: 18 years.,https://immi.homeaffairs.gov.au/visas/getting-a-visa/visa-processing-times/visa-processing-priorities/parent-visas,G5-010,Confirmed,,Not fixed,Old text still visible on the live page,To do,
472,Partner & Family,partner-family-visas,https://www.nanakmigration.com.au/partner-family-visas,Processing time snapshot table - 173 Contributory Parent Temp row,Processing time,High,173 Contributory Parent TempTemporary grant2-3 years,173 Contributory Parent (Temporary) | Temporary grant | Around 18 years for new applications (capped and queued),Subclass 173 is part of the Contributory Parent caseload; Home Affairs estimate for new applications is 18 years (queue released only to November 2018).,https://immi.homeaffairs.gov.au/visas/getting-a-visa/visa-processing-times/visa-processing-priorities/parent-visas,G5-011,Confirmed,,Not fixed,Old text still visible on the live page,To do,
473,Partner & Family,partner-family-visas,https://www.nanakmigration.com.au/partner-family-visas,Visa Categories - 300 Prospective Marriage card,Incorrect eligibility,Medium,Enter Australia to marry your fiancé(e) within 9 months.,"Come to Australia and marry your fiancé(e) before the visa ends. The 300 is granted for 9 to 15 months from the grant date, and the marriage can take place in Australia or overseas.",Subclass 300 stay is 9 to 15 months from the date of grant; the applicant must marry before the visa period ends.,https://immi.homeaffairs.gov.au/visas/getting-a-visa/visa-listing/prospective-marriage-300,G5-003,Confirmed,,Fixed,,Done,
474,Partner & Family,partner-family-visas,https://www.nanakmigration.com.au/partner-family-visas,Visa Categories - 300 Prospective Marriage card (footer line),Incorrect eligibility,Medium,Must marry within 9 months of entry,Must marry before the visa ends (9 to 15 months from grant),"The deadline runs from the visa grant period (9 to 15 months from grant), not 9 months from entry.",https://immi.homeaffairs.gov.au/visas/getting-a-visa/visa-listing/prospective-marriage-300,G5-004,Confirmed,,Fixed,,Done,
475,Partner & Family,partner-family-visas,https://www.nanakmigration.com.au/partner-family-visas,Processing time snapshot table - 309 and 820 rows,Processing time,Medium,2-4 years,309: 21 months (50%) / 32 months (90%); 820: 22 months (50%) / 30 months (90%),Current Home Affairs guide figures for 309 and 820 (the '2-4 years' cell appears in both rows).,https://immi.homeaffairs.gov.au/visas/getting-a-visa/visa-processing-times/global-visa-processing-times,G5-007,Confirmed,,Not fixed,Old text still visible on the live page,To do,
476,Partner & Family,partner-family-visas,https://www.nanakmigration.com.au/partner-family-visas,Processing time snapshot table - 100 and 801 rows,Processing time,Medium,2 further years,"Eligible 2 years after lodgement, then 100: 9 months (50%) / 21 months (90%); 801: 8 months (50%) / 19 months (90%)","The permanent stage is not '2 further years' after the temporary grant; it is assessable 2 years after lodgement, with processing measured from that date.",https://immi.homeaffairs.gov.au/visas/getting-a-visa/visa-processing-times/global-visa-processing-times ; https://immi.homeaffairs.gov.au/visas/getting-a-visa/visa-listing/partner-onshore/permanent-801,G5-008,Confirmed,,Fixed,,Done,
477,Partner & Family,partner-family-visas,https://www.nanakmigration.com.au/partner-family-visas,Processing time snapshot table - 300 Prospective Marriage row,Processing time,Medium,300 Prospective MarriageVisa grant6-12 months,300 Prospective Marriage | Visa grant | 14 months (50%) / 26 months (90%),"Subclass 300: 50% in 14 months, 90% in 26 months.",https://immi.homeaffairs.gov.au/visas/getting-a-visa/visa-processing-times/global-visa-processing-times,G5-009,Confirmed,,Not fixed,Old text still visible on the live page,To do,
478,Partner & Family,partner-family-visas,https://www.nanakmigration.com.au/partner-family-visas,Processing time snapshot table - 103 / 804 row,Processing time,Medium,103 / 804 ParentNon-contributory queue30+ years,103 / 804 Parent | Non-contributory queue | Around 42 years for new applications,Home Affairs estimate for new Parent and Aged Parent applications: 42 years.,https://immi.homeaffairs.gov.au/visas/getting-a-visa/visa-processing-times/visa-processing-priorities/parent-visas,G5-012,Confirmed,,Not fixed,Old text still visible on the live page,To do,
479,Partner & Family,partner-family-visas,https://www.nanakmigration.com.au/partner-family-visas,Processing time snapshot table - 101 / 802 Child row,Processing time,Medium,101 / 802 Child VisaPermanent grant12-24 months,101 / 802 Child visa | Permanent grant | 101: 24 months (50%) / 33 months (90%); 802: 21 months (50%) / 31 months (90%),Current Home Affairs guide figures for subclasses 101 and 802.,https://immi.homeaffairs.gov.au/visas/getting-a-visa/visa-processing-times/global-visa-processing-times,G5-013,Confirmed,,Not fixed,Old text still visible on the live page,To do,
480,Partner & Family,partner-family-visas,https://www.nanakmigration.com.au/partner-family-visas,FAQ - Can de facto partners apply for a partner visa?,Incorrect eligibility,Low,"You must have lived together in a genuine de facto relationship for at least 12 months immediately before applying - unless you are registered under a state or territory relationship register, or you have a dependent child together.","You must usually have been in a genuine de facto relationship for at least 12 months immediately before applying. This does not apply if your relationship is registered with an Australian state or territory authority, if compelling and compassionate circumstances exist (for example, a dependent child of the relationship), or in certain permanent humanitarian visa cases.","Home Affairs lists the exceptions as compelling and compassionate circumstances, a registered relationship, or certain humanitarian visa situations; a dependent child is not a stand-alone exception.",https://immi.homeaffairs.gov.au/visas/getting-a-visa/visa-listing/partner-onshore/temporary-820,G5-014,Confirmed,,Schema not updated,"Old wording removed from the visible page, but it is still in the FAQ schema / page code that Google reads",To do,
481,Partner & Family,partner-family-visas,https://www.nanakmigration.com.au/partner-family-visas,Processing table footnote and page stamps (also sitewide footer 'Content current as at July 2026.'),Other,Low,Figures current as at 1 July 2026 - verify with Home Affairs,Figures current as at October 2026 - verify with Home Affairs,"Figures corrected in this audit; update this stamp, 'General information current as at August 2026.' and 'Last reviewed: July 2026' to October 2026. The sitewide footer 'Content current as at July 2026.' also needs updating once all pages are corrected.",https://immi.homeaffairs.gov.au/visas/getting-a-visa/visa-processing-times/global-visa-processing-times,G5-015,Confirmed,,Not fixed,Old text still visible on the live page,To do,
482,Partner & Family,partner-visa-309-100,https://www.nanakmigration.com.au/partner-visa-309-100,The Short Answer,Incorrect eligibility,High,"The applicant generally needs to be outside Australia when the 309 is granted, which makes travel timing around the decision a genuine part of the strategy.","The applicant must be outside Australia when the application is lodged, but can be in or outside Australia when the 309 is decided.",Subclass 309: outside Australia at application; in or outside Australia at decision (the page's own FAQ already says this).,https://immi.homeaffairs.gov.au/visas/getting-a-visa/visa-listing/partner-offshore/provisional-309,G5-027,Confirmed,,Partly fixed,New text added but the old text is still on the page (both versions showing),To do,
483,Partner & Family,partner-visa-309-100,https://www.nanakmigration.com.au/partner-visa-309-100,How the Visa Works - The Grant-Day Travel Rule,Outdated law/terminology,High,"The applicant must be outside Australia when the Subclass 309 is granted. If the expected decision window is approaching and the applicant is in Australia, they risk being in the wrong location at the moment of grant.","Where you are at decision time no longer affects the 309. Home Affairs can grant the 309 while you are in or outside Australia, so you do not need to leave Australia for the decision. You must still be outside Australia when you lodge.","The outside-Australia grant requirement no longer applies. Remove or rewrite the whole 'Grant-Day Travel Rule' box, including the line about Navpreet advising on travel positioning, and 'the grant-day travel rule' in the closing CTA.",https://immi.homeaffairs.gov.au/visas/getting-a-visa/visa-listing/partner-offshore/provisional-309,G5-028,Confirmed,,Not fixed,Old text still visible on the live page,To do,
484,Partner & Family,partner-visa-309-100,https://www.nanakmigration.com.au/partner-visa-309-100,How the Visa Works - LODGE Day 0,Incorrect eligibility,High,"If in Australia on another visa, BVA activates automatically","No bridging visa is granted with a 309 application, because the applicant must be outside Australia when it is lodged","A 309 application is only valid if the applicant is outside Australia at lodgement, so it cannot trigger a Bridging Visa A.",https://immi.homeaffairs.gov.au/visas/getting-a-visa/visa-listing/partner-offshore/provisional-309,G5-030,Confirmed,,Fixed,,Done,
485,Partner & Family,partner-visa-309-100,https://www.nanakmigration.com.au/partner-visa-309-100,At a Glance and comparison table (Govt fee),Outdated fee,High,"AUD $9,095 primary applicant","Govt fee (2026-27): AUD11,710 primary applicant","309/100 VAC from 1 July 2026 is AUD11,710. Also change the table cells 'AUD $9,095 (primary)' and the labels 'Govt fee (2024-25)'.",https://immi.homeaffairs.gov.au/visas/getting-a-visa/fees-and-charges/current-visa-pricing ; https://immi.homeaffairs.gov.au/visas/getting-a-visa/visa-listing/partner-offshore/provisional-309,G5-031,Confirmed,,Fixed,,Done,
486,Partner & Family,partner-visa-309-100,https://www.nanakmigration.com.au/partner-visa-309-100,At a Glance / timeline / comparison table,Incorrect eligibility,Medium,Applicant must be outside Australia at grant,Applicant can be in or outside Australia at grant,Also change the At a Glance cell 'Applicant must be outside Australia' (At 309 grant row) and the comparison table cell 'Must be outside Australia' (Where at 309/820 grant?).,https://immi.homeaffairs.gov.au/visas/getting-a-visa/visa-listing/partner-offshore/provisional-309,G5-029,Confirmed,,Fixed,,Done,
487,Partner & Family,partner-visa-309-100,https://www.nanakmigration.com.au/partner-visa-309-100,At a Glance / timeline / comparison table (processing),Processing time,Medium,18-36+ months (varies by case),21 months (50%) / 32 months (90%) - varies by case,309: 21/32 months. Also update timeline '309· 18-36 months' and table cells '18-36+ months (75th percentile)' (309) and '20-36+ months (75th percentile)' (820 - now 22 months (50%) / 30 months (90%)).,https://immi.homeaffairs.gov.au/visas/getting-a-visa/visa-processing-times/global-visa-processing-times,G5-032,Confirmed,,Not fixed,Old text still visible on the live page,To do,
488,Partner & Family,partner-visa-309-100,https://www.nanakmigration.com.au/partner-visa-309-100,FAQ - How long does a 309 visa take?,Processing time,Medium,"As at September 2026, Home Affairs decides 50 per cent of subclass 309 applications in 21 months and 90 per cent in 39 months.","As at October 2026, Home Affairs decides 50 per cent of subclass 309 applications in 21 months and 90 per cent in 32 months.",309 90th percentile is now 32 months.,https://immi.homeaffairs.gov.au/visas/getting-a-visa/visa-processing-times/global-visa-processing-times,G5-033,Confirmed,,Schema not updated,"Old wording removed from the visible page, but it is still in the FAQ schema / page code that Google reads",To do,
489,Partner & Family,partner-visa-309-100,https://www.nanakmigration.com.au/partner-visa-309-100,FAQ - Is it faster to apply onshore or offshore?,Processing time,Medium,The effect shows in the numbers: 29 months at the 90th percentile for the 820 against 39 months for the 309.,The current figures are 30 months at the 90th percentile for the 820 and 32 months for the 309.,820 90% = 30 months; 309 90% = 32 months.,https://immi.homeaffairs.gov.au/visas/getting-a-visa/visa-processing-times/global-visa-processing-times,G5-034,Confirmed,,Schema not updated,"Old wording removed from the visible page, but it is still in the FAQ schema / page code that Google reads",To do,
490,Partner & Family,partner-visa-309-100,https://www.nanakmigration.com.au/partner-visa-309-100,Timeline (309 stage) and comparison table (Medicare),Incorrect eligibility,Medium,Medicare access (reciprocal agreement countries),Can apply for Medicare,Home Affairs states 309 holders can apply for access to Medicare; it is not limited to reciprocal agreement countries. Also change table cell 'Yes (where reciprocal agreement)' to 'Yes'.,https://immi.homeaffairs.gov.au/visas/getting-a-visa/visa-listing/partner-offshore/provisional-309,G5-035,Confirmed,,Fixed,,Done,
491,Partner & Family,partner-visa-309-100,https://www.nanakmigration.com.au/partner-visa-309-100,Page stamps,Other,Low,Information current as at July 2026.,Information current as at October 2026.,Content corrected in October 2026; also update 'Last reviewed: July 2026'.,https://immi.homeaffairs.gov.au/visas/getting-a-visa/visa-listing/partner-offshore/provisional-309,G5-036,Confirmed,,Not fixed,Old text still visible on the live page,To do,
492,Partner & Family,partner-visa-820-801,https://www.nanakmigration.com.au/partner-visa-820-801,The Short Answer,Incorrect eligibility,High,you must be onshore at lodgement and onshore at the time the 820 is granted.,you must be in Australia when you lodge. You can be in or outside Australia when Home Affairs decides the temporary 820 application.,Subclass 820: must be in Australia when you apply; can be in or outside Australia when the temporary visa application is decided.,https://immi.homeaffairs.gov.au/visas/getting-a-visa/visa-listing/partner-onshore/temporary-820,G5-016,Confirmed,,Not fixed,Old text still visible on the live page,To do,
493,Partner & Family,partner-visa-820-801,https://www.nanakmigration.com.au/partner-visa-820-801,Section 1 - callout under timeline,Incorrect eligibility,High,"You must also be in Australia when the 820 is granted. If you depart Australia during the processing period without a Bridging Visa B (BVB) and your 820 is granted while you are offshore, you will not meet the grant location requirement.","Home Affairs can decide the 820 while you are in or outside Australia. If you need to travel while on a Bridging Visa A, apply for a Bridging Visa B before you leave so you can return.",820 can be granted in or outside Australia; the related heading 'Must be onshore at both lodgement and the 820 grant' and stat 'Required at lodgement & 820 grant' should change to 'Must be onshore at lodgement'.,https://immi.homeaffairs.gov.au/visas/getting-a-visa/visa-listing/partner-onshore/temporary-820,G5-018,Confirmed,,Fixed,,Done,
494,Partner & Family,partner-visa-820-801,https://www.nanakmigration.com.au/partner-visa-820-801,Section 2 - 820 vs 309 comparison table (Govt fee row),Outdated fee,High,"AUD $9,095 primary applicant*","Govt fee (2026-27): AUD11,710 primary applicant* (both columns)","From 1 July 2026 the 820/801 and 309/100 base VAC is AUD11,710 (AUD5,860 per applicant 18+, AUD2,935 per child under 18). Row label '(2025-26)' must also change.",https://immi.homeaffairs.gov.au/visas/getting-a-visa/fees-and-charges/current-visa-pricing ; https://immi.homeaffairs.gov.au/visas/getting-a-visa/visa-listing/partner-onshore/temporary-820,G5-020,Confirmed,,Fixed,,Done,
495,Partner & Family,partner-visa-820-801,https://www.nanakmigration.com.au/partner-visa-820-801,Section 1 - How the Two Stages Work (820 Grant step),Incorrect eligibility,Medium,Temporary Partner visa granted. Must be in Australia at the time of grant.,Temporary Partner visa granted. You can be in or outside Australia when it is granted.,No in-Australia grant requirement for subclass 820.,https://immi.homeaffairs.gov.au/visas/getting-a-visa/visa-listing/partner-onshore/temporary-820,G5-017,Confirmed,,Fixed,,Done,
496,Partner & Family,partner-visa-820-801,https://www.nanakmigration.com.au/partner-visa-820-801,"Section 2 - 820 vs 309 comparison table (Where at first-stage grant, 309 column)",Incorrect eligibility,Medium,Must be outside Australia,Can be in or outside Australia,Subclass 309 can be granted while the applicant is in or outside Australia.,https://immi.homeaffairs.gov.au/visas/getting-a-visa/visa-listing/partner-offshore/provisional-309,G5-019,Confirmed,,Fixed,,Done,
497,Partner & Family,partner-visa-820-801,https://www.nanakmigration.com.au/partner-visa-820-801,Section 1 timeline and Section 2 table (Current processing row),Processing time,Medium,20-36+ months (75th percentile),22 months (50%) / 30 months (90%),"Home Affairs publishes 50% and 90% figures, not a 75th percentile. 820: 22/30 months; 309 cell '18-36+ months (75th percentile)' should read '21 months (50%) / 32 months (90%)'; timeline label '20-36+ months' should read 'About 22 to 30 months'.",https://immi.homeaffairs.gov.au/visas/getting-a-visa/visa-processing-times/global-visa-processing-times,G5-021,Confirmed,,Not fixed,Old text still visible on the live page,To do,
498,Partner & Family,partner-visa-820-801,https://www.nanakmigration.com.au/partner-visa-820-801,FAQ - How long does an 820 partner visa take?,Processing time,Medium,"As at September 2026, Home Affairs decides 50 per cent of subclass 820 applications in 23 months and 90 per cent in 29 months.","As at October 2026, Home Affairs decides 50 per cent of subclass 820 applications in 22 months and 90 per cent in 30 months.",Processing time guide (last updated 29 September 2026): 820 22/30 months.,https://immi.homeaffairs.gov.au/visas/getting-a-visa/visa-processing-times/global-visa-processing-times,G5-022,Confirmed,,Schema not updated,"Old wording removed from the visible page, but it is still in the FAQ schema / page code that Google reads",To do,
499,Partner & Family,partner-visa-820-801,https://www.nanakmigration.com.au/partner-visa-820-801,FAQ - How long on an 820 to get the 801 visa?,Processing time,Medium,"The published 801 processing time of 3 months at the median runs from that eligibility date, which is why it looks deceptively short.","The published 801 processing time of 8 months at the median (19 months for 90 per cent) runs from that eligibility date, not from lodgement.","Subclass 801: 50% in 8 months, 90% in 19 months, measured from the eligibility date.",https://immi.homeaffairs.gov.au/visas/getting-a-visa/visa-processing-times/global-visa-processing-times,G5-023,Confirmed,,Schema not updated,"Old wording removed from the visible page, but it is still in the FAQ schema / page code that Google reads",To do,
500,Partner & Family,partner-visa-820-801,https://www.nanakmigration.com.au/partner-visa-820-801,FAQ - Can I include my children in an 820/801 partner visa application?,Outdated fee,Medium,there is an additional application charge per child aged 18 or over.,"there is an additional application charge for each child - AUD5,860 for each applicant aged 18 or over and AUD2,935 for each child under 18 (2026-27).","An additional applicant charge applies to every included family member, including children under 18.",https://immi.homeaffairs.gov.au/visas/getting-a-visa/fees-and-charges/current-visa-pricing,G5-024,Confirmed,,Schema not updated,"Old wording removed from the visible page, but it is still in the FAQ schema / page code that Google reads",To do,
501,Partner & Family,partner-visa-820-801,https://www.nanakmigration.com.au/partner-visa-820-801,Section 1 - 801 Grant step,Incorrect eligibility,Medium,Pathway to citizenship after 4 years as a PR.,"Pathway to citizenship once you meet the residence requirement - generally 4 years living in Australia on a valid visa, including the last 12 months as a permanent resident.","General residence requirement: 4 years lawful residence immediately before applying, including 12 months as a permanent visa holder.",https://immi.homeaffairs.gov.au/citizenship/become-a-citizen/permanent-resident,G5-025,Confirmed,,Fixed,,Done,
502,Partner & Family,partner-visa-820-801,https://www.nanakmigration.com.au/partner-visa-820-801,The Short Answer (verification stamp),Other,Low,Verified as at 1 July 2026 - verify current fees and processing times with the Department of Home Affairs.,Verified as at October 2026 - verify current fees and processing times with the Department of Home Affairs.,"Content corrected in October 2026; also update 'Last reviewed: July 2026', '* Verified as at 1 July 2026', 'All information verified as at 1 July 2026' and 'Information current as at July 2026.'",https://immi.homeaffairs.gov.au/visas/getting-a-visa/visa-listing/partner-onshore/temporary-820,G5-026,Confirmed,,Not fixed,Old text still visible on the live page,To do,
503,Partner & Family,partner-visa-evidence,https://www.nanakmigration.com.au/partner-visa-evidence,FAQ - How many statutory declarations do I need?,Outdated law/terminology,High,These are made on Form 888 and support the social pillar.,"They must be made on the Commonwealth Statutory Declaration form from the Attorney-General's Department, with evidence of each declarant's citizenship or residence status. Form 888 is no longer accepted.","Home Affairs: Form 888 is not a statutory declaration and current and previous versions are not acceptable; at least two Commonwealth statutory declarations, each made in the last six weeks.",https://immi.homeaffairs.gov.au/visas/getting-a-visa/visa-listing/partner-onshore/temporary-820,G5-045,Confirmed,,Schema not updated,"Old wording removed from the visible page, but it is still in the FAQ schema / page code that Google reads",To do,
504,Partner & Family,partner-visa-evidence,https://www.nanakmigration.com.au/partner-visa-evidence,FAQ - What counts as social evidence?,Outdated law/terminology,High,"This is where Form 888 statutory declarations, joint travel, event photographs and invitations addressed to both of you do their work.","This is where Commonwealth statutory declarations from people who know you as a couple, joint travel, event photographs and invitations addressed to both of you do their work.",Form 888 is no longer accepted for partner or prospective marriage applications.,https://immi.homeaffairs.gov.au/visas/getting-a-visa/visa-listing/partner-onshore/temporary-820,G5-046,Confirmed,,Schema not updated,"Old wording removed from the visible page, but it is still in the FAQ schema / page code that Google reads",To do,
505,Partner & Family,partner-visa-evidence,https://www.nanakmigration.com.au/partner-visa-evidence,Page stamps,Other,Low,General information current as at July 2026.,General information current as at October 2026.,Content corrected in October 2026; also update 'Last reviewed: July 2026' and 'Information current as at July 2026.',https://immi.homeaffairs.gov.au/visas/getting-a-visa/visa-listing/partner-onshore/temporary-820,G5-047,Confirmed,,Fixed,,Done,
506,Partner & Family,prospective-marriage-300,https://www.nanakmigration.com.au/prospective-marriage-300,Service schema (JSON-LD description in page source),Incorrect eligibility,Medium,"allows entry to Australia to marry your partner within 9 months, then apply for a partner visa.","allows entry to Australia to marry your partner before the visa ends (9 to 15 months from grant), then apply for a partner visa.",Subclass 300 stay is 9 to 15 months from grant.,https://immi.homeaffairs.gov.au/visas/getting-a-visa/visa-listing/prospective-marriage-300,G5-037,Confirmed,,Schema not updated,"Visible text corrected, but the old text is still in the page FAQ schema / page code that Google reads",To do,
507,Partner & Family,prospective-marriage-300,https://www.nanakmigration.com.au/prospective-marriage-300,Key facts - Applied from offshore,Incorrect eligibility,Medium,"In most circumstances, the applicant must be outside Australia when the application is lodged and when the decision is made.","The applicant must be outside Australia when the application is lodged, but can be in or outside Australia when it is decided.",Subclass 300: outside Australia at application; in or outside Australia at decision.,https://immi.homeaffairs.gov.au/visas/getting-a-visa/visa-listing/prospective-marriage-300,G5-038,Confirmed,,Fixed,,Done,
508,Partner & Family,prospective-marriage-300,https://www.nanakmigration.com.au/prospective-marriage-300,Step 06 - Apply for the Partner Visa (820/801) after marriage,Incorrect eligibility,Medium,"If the 820 is granted, the couple later applies for the permanent 801 visa after the waiting period.",The 820 and 801 are applied for together in one application. Home Affairs assesses the permanent 801 stage once 2 years have passed since that application was lodged - no second application is needed.,Temporary and permanent partner visas are applied for together; 801 is assessed 2 years after lodgement.,https://immi.homeaffairs.gov.au/visas/getting-a-visa/visa-listing/partner-onshore/permanent-801,G5-039,Confirmed,,Fixed,,Done,
509,Partner & Family,prospective-marriage-300,https://www.nanakmigration.com.au/prospective-marriage-300,What Happens After You Marry - There is generally a waiting period before PR,Incorrect eligibility,Medium,"After the 820 is granted, the couple must generally wait before applying for the permanent 801 visa.",There is no separate application for the permanent 801 visa. It is part of the same application as the 820 and is assessed once 2 years have passed since that application was lodged.,One combined 820/801 application; permanent stage assessable 2 years after lodgement.,https://immi.homeaffairs.gov.au/visas/getting-a-visa/visa-listing/partner-onshore/permanent-801,G5-040,Confirmed,,Fixed,,Done,
510,Partner & Family,prospective-marriage-300,https://www.nanakmigration.com.au/prospective-marriage-300,Step 01 - Confirm eligibility and sponsorship,Incorrect eligibility,Medium,"The couple should generally have met in person - see the ""Meeting in person"" section below.","You and your prospective spouse must have met face to face as adults (since turning 18) and must know each other personally when you apply - see the ""Meeting in person"" section below.","Meeting face to face as adults since turning 18 is a mandatory criterion, not a general guideline.",https://immi.homeaffairs.gov.au/visas/getting-a-visa/visa-listing/prospective-marriage-300,G5-041,Confirmed,,Partly fixed,New text added but the old text is still on the page (both versions showing),To do,
511,Partner & Family,prospective-marriage-300,https://www.nanakmigration.com.au/prospective-marriage-300,Meeting in Person - Introduction services,Incorrect eligibility,Medium,"In some circumstances, the sponsor may be required to have met the applicant in person before the application is lodged.","Whatever way you met, every subclass 300 applicant must have met their prospective spouse face to face as adults before applying.","The face-to-face meeting requirement applies to all 300 applicants, not only in 'some circumstances'. The similar sentence in the 'Intention to Marry' section ('in some circumstances, the sponsor may be required to have met the applicant in person') should be changed the same way.",https://immi.homeaffairs.gov.au/visas/getting-a-visa/visa-listing/prospective-marriage-300,G5-042,Confirmed,,Fixed,,Done,
512,Partner & Family,prospective-marriage-300,https://www.nanakmigration.com.au/prospective-marriage-300,Step 06 - Apply for the Partner Visa (820/801) after marriage,Other,Low,The 820 visa holder receives a bridging visa while the application is processed.,"When the 820/801 application is lodged in Australia while the applicant still holds their 300 visa, they are normally granted a Bridging Visa A. It comes into effect when the 300 visa ends and lets them stay in Australia until the 820 is decided.",The bridging visa is linked to the pending application; an 820 holder would not need one.,https://immi.homeaffairs.gov.au/visas/getting-a-visa/visa-listing/partner-onshore/temporary-820,G5-043,LEGEND-checked,Approve with amendment - Migration Regulations 1994 Sch 2 cl 010.211(2) (BVA where a valid onshore application for a substantive visa is made while holding a substantive visa) and cl 010.511(1) (BVA comes into effect on grant or when the substantive visa ceases; permits stay until the substantive visa decision) - LEGEND stack 02-10-2026,Not fixed,Old text still visible on the live page,Query with RMA,
513,Partner & Family,prospective-marriage-300,https://www.nanakmigration.com.au/prospective-marriage-300,Page stamps,Other,Low,General information current as at July 2026.,General information current as at October 2026.,Content corrected in October 2026; also update 'Last reviewed: July 2026' and 'Information current as at July 2026.',https://immi.homeaffairs.gov.au/visas/getting-a-visa/visa-listing/prospective-marriage-300,G5-044,Confirmed,,Fixed,,Done,
514,Partner & Family,remaining-relative-visa,https://www.nanakmigration.com.au/remaining-relative-visa,FAQ - Exactly who counts as a 'near relative',Wrong legal reference,High,"The applicant's own children, spouse, or extended family (aunts, uncles, cousins) are not near relatives for this purpose.","Near relatives also include adult children who are not dependent on you, and the parents, siblings, step-siblings and non-dependent adult children of your spouse or de facto partner. Aunts, uncles and cousins are not near relatives.","Reg 1.15(2): near relative includes parents, brothers, sisters, step-brothers and step-sisters of the applicant or their spouse/de facto partner, and children (including step-children) of the applicant or partner who have turned 18 and are not dependent (plus certain children under 18).","https://www.legislation.gov.au/F1996B03551/latest/text (Migration Regulations 1994, compilation 288, reg 1.15) ; https://immi.homeaffairs.gov.au/visas/getting-a-visa/visa-listing/remaining-relative-115",G5-065,Confirmed,,Schema not updated,"Old wording removed from the visible page, but it is still in the FAQ schema / page code that Google reads",To do,
515,Partner & Family,remaining-relative-visa,https://www.nanakmigration.com.au/remaining-relative-visa,FAQ - Can my family members be included in the Remaining Relative visa application?,Wrong legal reference,High,"Including a spouse does not affect the near-relative test assessment - the test is applied to the primary applicant's near relatives, not the spouse's near relatives.","If you have a spouse or de facto partner, their near relatives are also counted. The test fails if you or your partner have a near relative who usually lives outside Australia, or who lives in Australia on a temporary visa or unlawfully.",Home Affairs: the visa is not granted if 'you or your partner' have a near relative usually living outside Australia; reg 1.15(1)(c) covers the applicant and the applicant's spouse or de facto partner.,https://immi.homeaffairs.gov.au/visas/getting-a-visa/visa-listing/remaining-relative-115 ; https://www.legislation.gov.au/F1996B03551/latest/text,G5-066,Confirmed,,Schema not updated,"Old wording removed from the visible page, but it is still in the FAQ schema / page code that Google reads",To do,
516,Partner & Family,remaining-relative-visa,https://www.nanakmigration.com.au/remaining-relative-visa,The Near-Relative Test - Definition,Wrong legal reference,High,"means: the applicant's parents (including step-parents and adoptive parents) and the applicant's siblings (including step-siblings, adoptive siblings, and half-siblings).","means: the parents, brothers, sisters, step-brothers and step-sisters of the applicant or of the applicant's spouse or de facto partner, and any children or step-children of either of them who are 18 or over and not dependent (and certain children under 18).","Statutory definition in reg 1.15(2). The Short Answer, key facts card and Step 01 repeat the narrower 'parents and siblings' version and need the same change.",https://www.legislation.gov.au/F1996B03551/latest/text (reg 1.15),G5-067,Confirmed,,Fixed,,Done,
517,Partner & Family,remaining-relative-visa,https://www.nanakmigration.com.au/remaining-relative-visa,Full Eligibility Requirements - 2. Australian sponsor,Incorrect eligibility,Medium,"The applicant must have an Australian citizen, permanent resident, or eligible New Zealand citizen relative settled in Australia who is willing to act as sponsor.","The applicant must be sponsored by a parent or step-parent, brother, sister, step-brother or step-sister (or that relative's eligible partner) who is an Australian citizen, permanent resident or eligible New Zealand citizen usually resident in Australia.","Home Affairs: sponsor must be an eligible parent or step-parent, sibling or step-sibling, or an eligible partner of your relative; reg 1.15(1)(a)-(b).",https://immi.homeaffairs.gov.au/visas/getting-a-visa/visa-listing/remaining-relative-115,G5-068,Confirmed,,Fixed,,Done,
518,Partner & Family,remaining-relative-visa,https://www.nanakmigration.com.au/remaining-relative-visa,Alternatives Worth Considering - Partner visa,Processing time,Low,The partner visa processes in 2-4 years for most applicants.,Home Affairs currently decides most temporary partner visas within about 2 to 2.5 years (90% of 820 applications in 30 months and 309 applications in 32 months).,Current processing: 820 22/30 months; 309 21/32 months.,https://immi.homeaffairs.gov.au/visas/getting-a-visa/visa-processing-times/global-visa-processing-times,G5-069,Confirmed,,Not fixed,Old text still visible on the live page,To do,
519,Partner & Family,remaining-relative-visa,https://www.nanakmigration.com.au/remaining-relative-visa,Page stamps,Other,Low,General information current as at August 2026.,General information current as at October 2026.,Content corrected in October 2026; also update 'Information current as at August 2026.',https://immi.homeaffairs.gov.au/visas/getting-a-visa/visa-listing/remaining-relative-115,G5-070,Confirmed,,Fixed,,Done,
520,Parent,aged-parent-804,https://www.nanakmigration.com.au/aged-parent-804,Eligibility for the Subclass 804 - 2. Balance of Family Test,Incorrect eligibility,Medium,"More than half of the parent's children must be Australian citizens, permanent residents, or eligible New Zealand citizens - or the number of children who are Australian or eligible must be equal to or greater than those who are not.","At least half of the parent's children and stepchildren must be eligible children (Australian citizens, or permanent residents or eligible New Zealand citizens usually resident in Australia), or there must be more eligible children than children living in any other single country.","BoFT has two limbs: at least half are eligible children, OR more eligible children than in any other single country. The FAQ on this page repeats the incomplete wording.",https://immi.homeaffairs.gov.au/visas/getting-a-visa/visa-listing/contributory-aged-parent-864/balance-of-family-test,G6-021,Confirmed,,Not fixed,Old text still visible on the live page,To do,
521,Parent,aged-parent-804,https://www.nanakmigration.com.au/aged-parent-804,Subclass 804 vs Alternatives table,Processing time,Medium,12-15 years (new applications),About 18 years (Home Affairs estimate for new contributory parent applications),Home Affairs estimate for new contributory parent applications is 18 years; Parent/Aged Parent 42 years.,https://immi.homeaffairs.gov.au/visas/getting-a-visa/visa-processing-times/visa-processing-priorities/parent-visas,G6-022,Confirmed,,Not fixed,Old text still visible on the live page,To do,
522,Parent,aged-parent-804,https://www.nanakmigration.com.au/aged-parent-804,Visa Application Charges table,Outdated fee,Low,Confirm current amount on DoHA (significantly lower than contributory alternatives),"From AUD8,665 for a single applicant, paid in two instalments (first instalment AUD6,600) - significantly lower than the contributory alternatives. Confirm on Home Affairs before lodging.","804 costs from AUD8,665 over 2 instalments; first instalment AUD6,600 (additional adult AUD3,300, child AUD1,655).",https://immi.homeaffairs.gov.au/visas/getting-a-visa/visa-listing/aged-parent-804 ; https://immi.homeaffairs.gov.au/visas/getting-a-visa/fees-and-charges/current-visa-pricing,G6-023,Confirmed,,Fixed,,Done,
523,Parent,aged-parent-804,https://www.nanakmigration.com.au/aged-parent-804,Assurance of Support,Outdated law/terminology,Low,The AoS requires a security bond - a substantial sum deposited with the Department of Human Services.,"For the 804 the AoS period is 4 years and the assurer must provide a bank guarantee backed by a Commonwealth Bank term deposit - AUD5,000 for one adult or AUD7,000 for two adults (individual assurer).","Non-contributory parent AoS: 4 years; bond AUD5,000 (1 adult) / AUD7,000 (2 adults); held via CBA bank guarantee, administered by Services Australia.",https://www.servicesaustralia.gov.au/how-long-assurance-support-lasts?context=22051 ; https://www.servicesaustralia.gov.au/bank-guarantee-and-term-deposit-for-assurance-support?context=22051,G6-024,Confirmed,,Not fixed,Old text still visible on the live page,To do,
524,Parent,aged-parent-804,https://www.nanakmigration.com.au/aged-parent-804,FAQ - Can the parent work while waiting for the 804?,Inconsistent with other page,Low,"If the family needs the parent to have work rights and Medicare during the wait, the contributory subclass 864 (or the offshore 143 or 173) may be more suitable, despite the higher charge.","If the family needs the parent to work, or to have Medicare, while waiting, the two-stage contributory route may suit better despite the higher charge. Subclass 884 (applied for in Australia) and subclass 173 (granted outside Australia) holders have no work restriction and can enrol in Medicare. A bridging visa granted with an onshore 804 or 864 application usually carries the same work conditions as the visa held at lodgement, so a parent who applied while on a visitor visa generally cannot work while waiting, and 804 and 864 applicants are generally not eligible for Medicare until the visa is granted.",864 BVA has no work rights (per the site's own 864 page); 173 and 884 holders can work and study.,https://immi.homeaffairs.gov.au/visas/getting-a-visa/visa-listing/contributory-aged-parent-temporary-884 ; https://immi.homeaffairs.gov.au/visas/getting-a-visa/visa-listing/contributory-parent-temporary-173,G6-025,LEGEND-checked,"Approve with amendment - Sch 2 cl 173.611-173.612 and cl 884.6 (no work condition on 173/884); cl 173.411 (173 granted outside Australia); cl 010.611(4) (BVA carries work conditions such as 8101 that applied to the visa held at application) - LEGEND stack 02-10-2026. Medicare: Services Australia 'If you're an Australian permanent resident' (parent visa applicants generally not eligible until grant unless RHCA, or for 143/864 if they held a 173/884) and 'If you're a temporary resident covered by a Ministerial Order' (Contributory Parent visas 173, 143, 884, 864); Services Australia Operational Blueprint 011-23032034. LEGEND does not cover Medicare.",Schema not updated,"Visible text corrected, but the old text is still in the page FAQ schema / page code that Google reads",Query with RMA,
525,Parent,aged-parent-804,https://www.nanakmigration.com.au/aged-parent-804,Page stamps,Missing material update,Low,General information current as at August 2026.,General information current as at October 2026.,"Update all August 2026 notes, 'Last reviewed: July 2026' and footer stamp.",https://immi.homeaffairs.gov.au/visas/getting-a-visa/visa-listing/aged-parent-804,G6-026,Confirmed,,Fixed,,Done,
526,Parent,assurance-of-support,https://www.nanakmigration.com.au/assurance-of-support,Key figures - 10 or 2 years,Incorrect eligibility,High,"AoS period: 10 years for contributory parent visas, 2 years for non-contributory","AoS period: 10 years for contributory parent visas, 4 years for non-contributory parent visas (103 and 804)",Services Australia: Contributory Parent and Contributory Aged Parent 10 years; all other visa types (incl. Parent and Aged Parent) 4 years. Same error in the FAQ 'generally 2 years for non-contributory' and the '10 or 2 years' heading.,https://www.servicesaustralia.gov.au/how-long-assurance-support-lasts?context=22051,G6-074,Confirmed,,Fixed,,Done,
527,Parent,assurance-of-support,https://www.nanakmigration.com.au/assurance-of-support,AoS Period and Bond Amounts table - 103 and 804 rows,Missing material update,Medium,Shorter period - confirm on SAConfirm on SAConfirm on SA,"4 years | AUD5,000 (one adult) | AUD7,000 total for two adults","4-year AoS bond from an individual: AUD5,000 for 1 adult, AUD7,000 for 2 adults.",https://www.servicesaustralia.gov.au/bank-guarantee-and-term-deposit-for-assurance-support?context=22051 ; https://www.servicesaustralia.gov.au/how-long-assurance-support-lasts?context=22051,G6-075,Confirmed,,Not fixed,Old text still visible on the live page,To do,
528,Parent,assurance-of-support,https://www.nanakmigration.com.au/assurance-of-support,The Income Test and the Bond - 2. Refundable bank bond,Outdated law/terminology,Medium,The assurer must lodge a bond (a cash deposit) with Services Australia for the duration of the AoS period.,"When asked in writing by Services Australia, the assurer must arrange a bank guarantee secured by a term deposit with the Commonwealth Bank of Australia, which stays in place for the AoS period.","Bond is a CBA bank guarantee and term deposit, arranged only when requested.",https://www.servicesaustralia.gov.au/bank-guarantee-and-term-deposit-for-assurance-support?context=22051,G6-076,Confirmed,,Fixed,,Done,
529,Parent,assurance-of-support,https://www.nanakmigration.com.au/assurance-of-support,Bond Refund and End of AoS Period - What triggers the end of the AoS period,Incorrect eligibility,Medium,"The AoS period runs from the date the visa is granted for the specified number of years (10 years for contributory parent visas). It does not end early if the visa holder leaves Australia permanently, becomes an Australian citizen, or passes away","The AoS period starts on the date the assuree arrives in Australia or is granted the visa, whichever is later, and runs for 10 years (contributory) or 4 years (non-contributory). Services Australia may cancel the AoS if a sole assurer or the assuree dies.",Start = later of arrival or grant; SA may cancel the agreement if a sole assurer or assuree dies.,https://www.servicesaustralia.gov.au/how-long-assurance-support-lasts?context=22051 ; https://www.servicesaustralia.gov.au/bank-guarantee-and-term-deposit-for-assurance-support?context=22051,G6-077,Confirmed,,Fixed,,Done,
530,Parent,assurance-of-support,https://www.nanakmigration.com.au/assurance-of-support,FAQ - Can there be more than one assurer (joint assurers)?,Incorrect eligibility,Low,"If no single person meets the income test on their own, two eligible people may apply as joint assurers.","If no single person meets the income test on their own, up to three eligible people may apply together as joint assurers.",Services Australia: you can be a joint assurer with up to 2 other people.,https://www.servicesaustralia.gov.au/who-can-be-assurer-for-assurance-support?context=22051,G6-078,Confirmed,,Schema not updated,"Visible text corrected, but the old text is still in the page FAQ schema / page code that Google reads",To do,
531,Parent,assurance-of-support,https://www.nanakmigration.com.au/assurance-of-support,When is an AoS Required? - Mandatory,Missing material update,Low,"An Assurance of Support is required for subclasses 103, 143, 173 (leading to 143), 804, and 864.","An Assurance of Support is required for subclasses 103, 143, 173 (leading to 143), 804, 864 and 884 (leading to 864).","Mandatory AoS applies to all parent, aged parent, contributory parent and contributory aged parent visas, including the 884.",https://www.servicesaustralia.gov.au/types-assurance-support?context=22051,G6-079,Confirmed,,Fixed,,Done,
532,Parent,assurance-of-support,https://www.nanakmigration.com.au/assurance-of-support,Page stamps,Missing material update,Low,General information current as at August 2026.,General information current as at October 2026.,"Update 'Last reviewed: July 2026', 'Figures current at August 2026' and footer stamp too.",https://www.servicesaustralia.gov.au/how-long-assurance-support-lasts?context=22051,G6-080,Confirmed,,Fixed,,Done,
533,Parent,balance-of-family-test,https://www.nanakmigration.com.au/balance-of-family-test,Counting children - Deceased children,Incorrect eligibility,High,"A child who is deceased is treated as follows: if the child died as an Australian citizen, permanent resident, or eligible New Zealand citizen settled in Australia, they may still count toward the 'Australian' side of the balance.",Deceased children are not counted in the balance of family test.,Home Affairs: children are not counted if they are deceased. The FAQ on a child dying after lodgement should also be revised.,https://immi.homeaffairs.gov.au/visas/getting-a-visa/visa-listing/contributory-aged-parent-864/balance-of-family-test,G6-068,Confirmed,,Fixed,,Done,
534,Parent,balance-of-family-test,https://www.nanakmigration.com.au/balance-of-family-test,FAQ - Can the Balance of Family test be assessed at the time of lodgement...,Wrong legal reference,High,"The Balance of Family test is assessed at the time of decision on the application (when the visa is being granted), not necessarily at the time of lodgement.","The balance of family test is assessed at the time of application for the 103, 143, 173, 804, 864 and 884 visas. The family situation when the application is lodged is what counts, so a later change, such as a sibling migrating to Australia after lodgement, will not fix a test that was failed at lodgement. Parents who already hold a 173 or 884 when they apply for the 143 or 864 do not need to meet the test again.",Migration Regulations Sch 2 cl 804.214 (BoFT) sits in Div 804.21 'Criteria to be satisfied at time of application' and is not repeated in Div 804.22; parent subclasses follow the same structure.,https://www.legislation.gov.au/F1996B03551/2026-07-01/2026-07-01/text/original/epub/OEBPS/document_3/document_3.html,G6-069,LEGEND-checked,"Approve with amendment - Sch 2 cl 103.213, 143.213, 173.213, 804.214, 864.214 and 884.213 - each in the Division 'Criteria to be satisfied at time of application' and not repeated in the time-of-decision Division; reg 1.05 (test); PAM3: Sch2 Parent visas s3.3.3.3 ('Generally, the balance of family test must only be met at the time of application', with the 173/884 and substituted 600 exceptions) - LEGEND stack 02-10-2026",Schema not updated,"Old wording removed from the visible page, but it is still in the FAQ schema / page code that Google reads",Query with RMA,
535,Parent,balance-of-family-test,https://www.nanakmigration.com.au/balance-of-family-test,Which Visas Require the Balance of Family Test? / key figures,Missing material update,Medium,"Subclasses 103, 143, 173, 804, and 864 all require the Balance of Family test to be satisfied.","Subclasses 103, 143, 173, 804, 864 and 884 all require the balance of family test to be satisfied.","Home Affairs lists six visas including 884. Also update '5 visas' card, the short answer list and the visa list section.",https://immi.homeaffairs.gov.au/visas/getting-a-visa/visa-listing/contributory-aged-parent-864/balance-of-family-test,G6-070,Confirmed,,Fixed,,Done,
536,Parent,balance-of-family-test,https://www.nanakmigration.com.au/balance-of-family-test,Counting children - Step-children,Incorrect eligibility,Medium,a child is a step-child of the parent if they are the child of the parent's spouse or de facto partner (current or former).,"a stepchild is your current partner's child, or your former partner's child who is under 18 and for whom you have guardianship, custody or a parenting order under the Family Law Act 1975. Stepchildren from polygamous or concurrent relationships are not counted.",Home Affairs definition of stepchild for the BoFT.,https://immi.homeaffairs.gov.au/visas/getting-a-visa/visa-listing/contributory-aged-parent-864/balance-of-family-test,G6-071,Confirmed,,Fixed,,Done,
537,Parent,balance-of-family-test,https://www.nanakmigration.com.au/balance-of-family-test,FAQ - What does 'settled' mean for the purposes of the test?,Outdated law/terminology,Low,"In the context of the Balance of Family test, 'settled' means that the child is lawfully and habitually resident in Australia as an Australian citizen, Australian permanent resident, or eligible New Zealand citizen.","For the balance of family test, an eligible child is an Australian citizen, or an Australian permanent resident or eligible New Zealand citizen who is usually resident in Australia. Children in Australia on temporary visas are not treated as usually resident.","Home Affairs uses 'eligible child' and 'usually resident'; 'settled' is the sponsor requirement, not the BoFT test.",https://immi.homeaffairs.gov.au/visas/getting-a-visa/visa-listing/contributory-aged-parent-864/balance-of-family-test,G6-072,Confirmed,,Schema not updated,"Old wording removed from the visible page, but it is still in the FAQ schema / page code that Google reads",To do,
538,Parent,balance-of-family-test,https://www.nanakmigration.com.au/balance-of-family-test,Page stamps,Missing material update,Low,General information current as at August 2026.,General information current as at October 2026.,Update 'Last reviewed: July 2026' and footer stamp too.,https://immi.homeaffairs.gov.au/visas/getting-a-visa/visa-listing/contributory-aged-parent-864/balance-of-family-test,G6-073,Confirmed,,Fixed,,Done,
539,Parent,contributory-aged-parent-864,https://www.nanakmigration.com.au/contributory-aged-parent-864,Intro / key figures / FAQ / process,Processing time,High,It involves a substantial contributory charge and a 12-15 year processing queue for new applications.,It involves a substantial contributory charge and a long processing queue - Home Affairs currently estimates about 18 years for new contributory parent applications.,Home Affairs estimate for contributory parent visas: 18 years (864 queue released up to Nov 2020 as at 31 Aug 2026). '12-15 years' is repeated throughout the page.,https://immi.homeaffairs.gov.au/visas/getting-a-visa/visa-processing-times/visa-processing-priorities/parent-visas,G6-043,Confirmed,,Partly fixed,New text added but the old text is still on the page (both versions showing),To do,
540,Parent,contributory-aged-parent-864,https://www.nanakmigration.com.au/contributory-aged-parent-864,The Short Answer,Incorrect eligibility,High,The offshore two-stage option (173 + 143) is not available for pension-age parents onshore - they must use the 864 if they want the contributory route in Australia.,Pension-age parents in Australia can also use the two-stage onshore route - the Contributory Aged Parent (Temporary) subclass 884 followed by the 864 - to spread the cost.,The 884 is the onshore two-stage option leading to the 864 (and the 173 can also be lodged in Australia).,https://immi.homeaffairs.gov.au/visas/getting-a-visa/visa-listing/contributory-aged-parent-temporary-884 ; https://immi.homeaffairs.gov.au/visas/getting-a-visa/visa-listing/contributory-parent-temporary-173,G6-044,Confirmed,,Not fixed,Old text still visible on the live page,To do,
541,Parent,contributory-aged-parent-864,https://www.nanakmigration.com.au/contributory-aged-parent-864,Contributory Charges - Two Instalments,Outdated fee,Medium,Several thousand dollars (confirm on DoHA),"AUD6,300 for the main applicant (AUD3,145 each additional adult, AUD1,580 each child)","864 first instalment AUD6,300 / AUD3,145 / AUD1,580; second instalment AUD43,600 per adult, AUD2,095 per dependent child; 884 holders pay AUD555 + AUD19,420.",https://immi.homeaffairs.gov.au/visas/getting-a-visa/fees-and-charges/current-visa-pricing ; https://immi.homeaffairs.gov.au/visas/getting-a-visa/visa-listing/contributory-aged-parent-864,G6-045,Confirmed,,Fixed,,Done,
542,Parent,contributory-aged-parent-864,https://www.nanakmigration.com.au/contributory-aged-parent-864,Contributory Charges - Two Instalments,Outdated fee,Medium,"Secondary applicants (the parent's partner, if included) pay a reduced second-instalment charge.","Each adult applicant, including a partner, generally pays the full AUD43,600 second instalment. Reduced amounts apply to dependent children (AUD2,095) and to 884 holders (AUD19,420).","Fee schedule: 'Any other applicant AUD43,600'; reduced rates only for listed categories (dependent children, 884 holders, certain substituted 600 holders).",https://immi.homeaffairs.gov.au/visas/getting-a-visa/fees-and-charges/current-visa-pricing,G6-046,Confirmed,,Fixed,,Done,
543,Parent,contributory-aged-parent-864,https://www.nanakmigration.com.au/contributory-aged-parent-864,Eligibility - Balance of Family Test,Incorrect eligibility,Medium,"More than half of the parent's children must be Australian citizens, permanent residents, or eligible New Zealand citizens, OR the number of children permanently in Australia must be at least equal to those who are not.","At least half of the parent's children and stepchildren must be eligible children, OR there must be more eligible children than children living in any other single country.",BoFT second limb (more than any other single country) omitted.,https://immi.homeaffairs.gov.au/visas/getting-a-visa/visa-listing/contributory-aged-parent-864/balance-of-family-test,G6-047,Confirmed,,Fixed,,Done,
544,Parent,contributory-aged-parent-864,https://www.nanakmigration.com.au/contributory-aged-parent-864,How to Apply - Arrange assurance of support,Incorrect eligibility,Medium,"The sponsoring child applies to the Department of Human Services for the Assurance of Support, including lodging the required security bond. This step should be started early - it can take time to arrange.","Home Affairs will tell you when the Assurance of Support is needed, usually when the application is ready for final processing. The assurer then applies to Services Australia and arranges the bank guarantee only when asked in writing.",Services Australia: do not arrange the bank guarantee until requested in writing; Home Affairs advises when AoS is needed.,https://www.servicesaustralia.gov.au/bank-guarantee-and-term-deposit-for-assurance-support?context=22051 ; https://immi.homeaffairs.gov.au/visas/getting-a-visa/visa-listing/aged-parent-804,G6-048,Confirmed,,Not fixed,Old text still visible on the live page,To do,
545,Parent,contributory-aged-parent-864,https://www.nanakmigration.com.au/contributory-aged-parent-864,Page stamps,Missing material update,Low,General information current as at August 2026.,General information current as at October 2026.,"Update all August 2026 notes, 'Last reviewed: July 2026' and footer stamp.",https://immi.homeaffairs.gov.au/visas/getting-a-visa/visa-listing/contributory-aged-parent-864,G6-049,Confirmed,,Fixed,,Done,
546,Parent,contributory-aged-parent-884,https://www.nanakmigration.com.au/contributory-aged-parent-884,The Short Answer,Outdated fee,High,"a first instalment of approximately AUD 5,040 at the 884 stage, and the larger instalment of approximately AUD 43,600 per adult when the permanent subclass 864 is lodged.","AUD6,300 at lodgement of the 884 and a second instalment of AUD29,130 before the 884 is granted (AUD35,430 for a single applicant). The later 864 then costs AUD555 at lodgement and AUD19,420 before grant.","884: AUD6,300 + AUD29,130; 864 for 884 holders: AUD555 + AUD19,420. The ~AUD 5,040 / ~AUD 43,600 split is repeated in the key figures, two-stage section, charges table, comparison table, process steps 03 and 06 and FAQ.",https://immi.homeaffairs.gov.au/visas/getting-a-visa/visa-listing/contributory-aged-parent-temporary-884 ; https://immi.homeaffairs.gov.au/visas/getting-a-visa/fees-and-charges/current-visa-pricing,G6-050,Confirmed,,Not fixed,Old text still visible on the live page,To do,
547,Parent,contributory-aged-parent-884,https://www.nanakmigration.com.au/contributory-aged-parent-884,FAQ - Why would a family choose the 884-then-864 route...,Outdated fee,High,"The direct subclass 864 requires payment of the full second instalment charge (approximately AUD 43,600 per adult) upfront as part of a single application.","The direct subclass 864 requires AUD6,300 at lodgement and a second instalment of AUD43,600 per adult, which is paid only when Home Affairs asks for it before grant.","864 second instalment is payable before grant on request, not at lodgement. Same error in the comparison table ('Full second instalment ~AUD 43,600 at lodgement').",https://immi.homeaffairs.gov.au/visas/getting-a-visa/visa-listing/contributory-aged-parent-864 ; https://immi.homeaffairs.gov.au/visas/getting-a-visa/fees-and-charges/current-visa-pricing,G6-051,Confirmed,,Schema not updated,"Old wording removed from the visible page, but it is still in the FAQ schema / page code that Google reads",To do,
548,Parent,contributory-aged-parent-884,https://www.nanakmigration.com.au/contributory-aged-parent-884,FAQ - What is the Balance of Family test and how is it assessed for the 884?,Incorrect eligibility,High,"If instead two children were in Australia and two were in the UK, the parent would fail because Australia does not have more than the UK. All children (biological and adopted) are counted. Step-children are generally not counted.","If two children were in Australia and two in the UK, the parent would pass, because at least half of their children are eligible children. All children are counted, including adopted children and stepchildren (a current partner's child, or a former partner's child under 18 in the parent's custody or guardianship). Deceased children are not counted.","Home Affairs table: 4 children, 2 in Australia, 2 in country A = passes. Stepchildren are counted; deceased children are not counted.",https://immi.homeaffairs.gov.au/visas/getting-a-visa/visa-listing/contributory-aged-parent-864/balance-of-family-test,G6-052,Confirmed,,Schema not updated,"Old wording removed from the visible page, but it is still in the FAQ schema / page code that Google reads",To do,
549,Parent,contributory-aged-parent-884,https://www.nanakmigration.com.au/contributory-aged-parent-884,Key figures - Balance of Family card / process step 01,Incorrect eligibility,High,"The parent must satisfy the Balance of Family test - that is, more of their children live in Australia (or are deceased) than in any other single country.","The parent must satisfy the Balance of Family test - at least half of their children and stepchildren are eligible children, or there are more eligible children than children living in any other single country. Deceased children are not counted.",Deceased children are excluded from the count; test has two limbs. Same error in FAQ first sentence and process step 01.,https://immi.homeaffairs.gov.au/visas/getting-a-visa/visa-listing/contributory-aged-parent-864/balance-of-family-test,G6-053,Confirmed,,Partly fixed,New text added but the old text is still on the page (both versions showing),To do,
550,Parent,contributory-aged-parent-884,https://www.nanakmigration.com.au/contributory-aged-parent-884,FAQ - Can the parent work in Australia on the subclass 884?,Incorrect eligibility,Medium,"The subclass 884 does not include work rights as a standard entitlement - the visa is for temporary residence pending the permanent stage, not for employment.","Yes. Home Affairs states that 884 holders can work and study in Australia, although they will not receive government support.",884 holders can work and study in Australia. The comparison table row 'Generally no work rights on 884' is also wrong.,https://immi.homeaffairs.gov.au/visas/getting-a-visa/visa-listing/contributory-aged-parent-temporary-884,G6-054,Confirmed,,Schema not updated,"Old wording removed from the visible page, but it is still in the FAQ schema / page code that Google reads",To do,
551,Parent,contributory-aged-parent-884,https://www.nanakmigration.com.au/contributory-aged-parent-884,The 884 and 864 Application Process - step 04,Wrong legal reference,Medium,The 884 is lodged through ImmiAccount while the parent is in Australia.,"The 884 must be lodged on paper while the parent is in Australia (not in immigration clearance). Only the 103, 143, 804 and 864 are lodged online.","Home Affairs: Temporary Contributory Parent visa applications must continue to apply on paper (Migration (Arrangements for Parent Visa Applications) Instrument 2026, LIN 26/005).",https://immi.homeaffairs.gov.au/visas/getting-a-visa/visa-listing/contributory-parent-143 ; https://www.legislation.gov.au/F2026L00441/asmade/text,G6-055,Confirmed,,Fixed,,Done,
552,Parent,contributory-aged-parent-884,https://www.nanakmigration.com.au/contributory-aged-parent-884,Page stamps,Missing material update,Low,General information current as at August 2026.,General information current as at October 2026.,"Update all August 2026 notes, 'Last reviewed: July 2026' and footer stamp.",https://immi.homeaffairs.gov.au/visas/getting-a-visa/visa-listing/contributory-aged-parent-temporary-884,G6-056,Confirmed,,Fixed,,Done,
553,Parent,contributory-parent-143,https://www.nanakmigration.com.au/contributory-parent-143,Government Charges - the Two-Instalment Structure,Outdated fee,High,"A couple applying together faces total government charges of approximately AUD 97,280 (AUD 10,080 first instalment + AUD 87,200 second instalment).","A couple applying together faces total government charges of about AUD95,625 (AUD6,300 plus AUD2,125 first instalment, and AUD87,200 second instalment).","143 first instalment: AUD6,300 main applicant, AUD2,125 additional adult, AUD1,065 child; second instalment AUD43,600 per adult, AUD2,095 per dependent child. Also fix table rows ~AUD 5,040 (primary and secondary adult), ~AUD 1,260 (child), ~AUD 10,080 and the short answer/key figures '~AUD 5,040'.",https://immi.homeaffairs.gov.au/visas/getting-a-visa/fees-and-charges/current-visa-pricing ; https://immi.homeaffairs.gov.au/visas/getting-a-visa/visa-listing/contributory-parent-143,G6-027,Confirmed,,Fixed,,Done,
554,Parent,contributory-parent-143,https://www.nanakmigration.com.au/contributory-parent-143,Key figures panel / intro / short answer / process,Processing time,High,Current processing times for new applications are approximately 12-15 years.,Home Affairs currently estimates about 18 years for new Contributory Parent applications.,Home Affairs estimate 18 years. '12-15 years' appears throughout the page and contradicts the page's own FAQ.,https://immi.homeaffairs.gov.au/visas/getting-a-visa/visa-processing-times/visa-processing-priorities/parent-visas,G6-028,Confirmed,,Not fixed,Old text still visible on the live page,To do,
555,Parent,contributory-parent-143,https://www.nanakmigration.com.au/contributory-parent-143,The Staged Route - Subclass 173 to Subclass 143,Incorrect eligibility,High,The 173 is processed faster than the 143 (typically 2-5 years for the temporary stage),"The 173 is capped and queued in the same contributory queue as the 143, so it is not granted sooner. Once a 173 holder applies for the 143, Home Affairs currently processes that permanent stage quickly.",173 and 143 both queued up to Nov 2018 as at 31 Aug 2026; 173-to-143 transitions processed from May 2026.,https://immi.homeaffairs.gov.au/visas/getting-a-visa/visa-processing-times/visa-processing-priorities/parent-visas,G6-031,Confirmed,,Not fixed,Old text still visible on the live page,To do,
556,Parent,contributory-parent-143,https://www.nanakmigration.com.au/contributory-parent-143,The Staged Route - Subclass 173 to Subclass 143,Outdated fee,High,"Lodge the 173 application (first instalment only - ~$3,400 per applicant; lower than the 143 first instalment)","Lodge the 173 application and pay the first instalment (AUD4,245 for the main applicant). The 173 second instalment (AUD29,130) is paid before the 173 is granted, and the later 143 costs AUD555 plus AUD19,420.","173 AUD4,245 + AUD29,130; 143 for 173 holders AUD555 + AUD19,420. The following step 'When the 143 is ready to be granted, the second instalment becomes payable' should also reflect the AUD19,420 figure.",https://immi.homeaffairs.gov.au/visas/getting-a-visa/fees-and-charges/current-visa-pricing ; https://immi.homeaffairs.gov.au/visas/getting-a-visa/visa-listing/contributory-parent-temporary-173,G6-032,Confirmed,,Not fixed,Old text still visible on the live page,To do,
557,Parent,contributory-parent-143,https://www.nanakmigration.com.au/contributory-parent-143,FAQ - How long is the wait for a Contributory Parent visa?,Processing time,Medium,"Home Affairs publishes an estimate of about 15 years for new Contributory Parent applications. As at 31 May 2026 it was releasing applications with a queue date up to November 2018 for final processing, and assessing applications lodged around November 2023 against the core criteria.","Home Affairs publishes an estimate of about 18 years for new Contributory Parent applications. As at 31 August 2026 it was releasing applications with a queue date up to November 2018 for final processing, and assessing applications lodged around April 2024 against the core criteria.",As at 31 Aug 2026: estimate 18 years; release up to Nov 2018; queue assessment of applications lodged April 2024.,https://immi.homeaffairs.gov.au/visas/getting-a-visa/visa-processing-times/visa-processing-priorities/parent-visas,G6-029,Confirmed,,Schema not updated,"Old wording removed from the visible page, but it is still in the FAQ schema / page code that Google reads",To do,
558,Parent,contributory-parent-143,https://www.nanakmigration.com.au/contributory-parent-143,FAQ - Is the 143 faster than the non-contributory parent visa?,Processing time,Medium,Home Affairs estimates about 15 years for Contributory Parent visas against about 33 years for the Parent and Aged Parent visas.,Home Affairs estimates about 18 years for Contributory Parent visas against about 42 years for the Parent and Aged Parent visas.,Estimates as at 31 Aug 2026: 18 years and 42 years.,https://immi.homeaffairs.gov.au/visas/getting-a-visa/visa-processing-times/visa-processing-priorities/parent-visas,G6-030,Confirmed,,Schema not updated,"Old wording removed from the visible page, but it is still in the FAQ schema / page code that Google reads",To do,
559,Parent,contributory-parent-143,https://www.nanakmigration.com.au/contributory-parent-143,The Application Process - step 03 / key figures AoS card,Incorrect eligibility,Medium,"The child in Australia must lodge an Assurance of Support, including a bond with the Department of Human Services, as part of the sponsorship process.","An assurer (often the child in Australia) must provide an Assurance of Support through Services Australia, including a bond lodged as a Commonwealth Bank guarantee. Home Affairs asks for the AoS near the end of processing, once the application has been released from the queue and other criteria are met, and it must be accepted before the visa can be granted. Do not arrange the bond until Services Australia asks for it in writing.",AoS requested by Home Affairs at final processing; administered by Services Australia; bond is CBA bank guarantee. Step 03 currently places the AoS before the visa application.,https://immi.homeaffairs.gov.au/visas/getting-a-visa/visa-listing/aged-parent-804 ; https://www.servicesaustralia.gov.au/bank-guarantee-and-term-deposit-for-assurance-support?context=22051,G6-033,LEGEND-checked,"Approve with amendment - Sch 2 cl 143.228 (AoS accepted by the Secretary of Social Services - time of decision); PAM3: Div1.2/reg1.03 - Assurance of Support (AoS), s3.5.1 (request after other criteria met and after queue release) and s3.6 (AoS bond administered by Services Australia); PAM3: Sch2 Parent visas s3.4.3 (AoS mandatory for 103, 143, 804, 864; not 173/884) - LEGEND stack 02-10-2026; Services Australia bank guarantee and term deposit page.",Not fixed,Old text still visible on the live page,Query with RMA,
560,Parent,contributory-parent-143,https://www.nanakmigration.com.au/contributory-parent-143,The Staged Route - Pros,Incorrect eligibility,Low,173 temporary visa gives limited work rights,173 holders can work and study in Australia,Home Affairs: 173 holders can work and study in Australia (no government support).,https://immi.homeaffairs.gov.au/visas/getting-a-visa/visa-listing/contributory-parent-temporary-173,G6-034,Confirmed,,Fixed,,Done,
561,Parent,contributory-parent-143,https://www.nanakmigration.com.au/contributory-parent-143,Page stamps,Missing material update,Low,General information current as at August 2026.,General information current as at October 2026.,"Update all August 2026 notes, 'Last reviewed: July 2026' and footer stamp.",https://immi.homeaffairs.gov.au/visas/getting-a-visa/visa-listing/contributory-parent-143,G6-035,Confirmed,,Fixed,,Done,
562,Parent,contributory-parent-173,https://www.nanakmigration.com.au/contributory-parent-173,FAQ - Can I apply for the 173 from within Australia?,Incorrect eligibility,High,No. The subclass 173 is an offshore visa - the parent must be outside Australia at the time of lodging the 173 application.,"Yes. The parent and any family members can be in or outside Australia (but not in immigration clearance) when they apply for the 173. If the parent is in Australia on a visa with a no further stay condition, the application will be invalid unless the condition is waived.","173 can be applied for in or outside Australia. Same error in short answer, 'Offshore only' card, eligibility point 4 and the two-stage path heading.",https://immi.homeaffairs.gov.au/visas/getting-a-visa/visa-listing/contributory-parent-temporary-173,G6-036,Confirmed,,Schema not updated,"Old wording removed from the visible page, but it is still in the FAQ schema / page code that Google reads",To do,
563,Parent,contributory-parent-173,https://www.nanakmigration.com.au/contributory-parent-173,The Short Answer,Outdated fee,High,the family pays a smaller first installment with the 173 application and then a larger second installment when applying for the 143.,"the family pays the 173 charges (AUD4,245 at lodgement and AUD29,130 before the 173 is granted) and then a smaller amount for the 143 (AUD555 at lodgement and AUD19,420 before grant).","173: AUD33,375 total for a single applicant; 143 for 173 holders: AUD555 + AUD19,420. Also fix the 'larger amount' statements in the two-stage path and cost comparison.",https://immi.homeaffairs.gov.au/visas/getting-a-visa/visa-listing/contributory-parent-temporary-173 ; https://immi.homeaffairs.gov.au/visas/getting-a-visa/fees-and-charges/current-visa-pricing,G6-037,Confirmed,,Fixed,,Done,
564,Parent,contributory-parent-173,https://www.nanakmigration.com.au/contributory-parent-173,Cost Comparison: Two Paths to Permanent Contributory Parent Residence,Outdated fee,High,None (permanent granted after first charge - health/character costs aside),"AUD43,600 per adult second instalment, payable before the 143 is granted","Direct 143: AUD6,300 first instalment + AUD43,600 second instalment. The same table's 'approx. ~$5,640 per adult' first-instalment figure is also wrong (AUD6,300 main applicant).",https://immi.homeaffairs.gov.au/visas/getting-a-visa/visa-listing/contributory-parent-143 ; https://immi.homeaffairs.gov.au/visas/getting-a-visa/fees-and-charges/current-visa-pricing,G6-038,Confirmed,,Not fixed,Old text still visible on the live page,To do,
565,Parent,contributory-parent-173,https://www.nanakmigration.com.au/contributory-parent-173,Processing Times for the 173 and 143,Processing time,Medium,The subclass 173 has a shorter processing queue than the permanent 143 - the two-stage route is designed so that the parent can enter Australia sooner while the permanent pathway is pursued.,"The subclass 173 is capped and queued in the same contributory parent queue as the 143, so it does not get the parent to Australia sooner. Home Affairs currently estimates about 18 years for new contributory parent applications.",173 and 143 share queue release dates (Nov 2018 as at 31 Aug 2026); estimate 18 years. The '12-15 years' figure on this page is also outdated.,https://immi.homeaffairs.gov.au/visas/getting-a-visa/visa-processing-times/visa-processing-priorities/parent-visas,G6-039,Confirmed,,Not fixed,Old text still visible on the live page,To do,
566,Parent,contributory-parent-173,https://www.nanakmigration.com.au/contributory-parent-173,Eligibility Requirements - 1. Balance of Family Test,Incorrect eligibility,Medium,"More than half of the parent's children must be Australian citizens, permanent residents, or eligible New Zealand citizens - or the number of children who are Australian citizens, permanent residents, or eligible New Zealand citizens must be equal to or greater than the number who are not.","At least half of the parent's children and stepchildren must be eligible children (Australian citizens, or permanent residents or eligible New Zealand citizens usually resident in Australia), or there must be more eligible children than children living in any other single country.",BoFT has two limbs; the second (more than any other single country) is omitted.,https://immi.homeaffairs.gov.au/visas/getting-a-visa/visa-listing/contributory-aged-parent-864/balance-of-family-test,G6-040,Confirmed,,Not fixed,Old text still visible on the live page,To do,
567,Parent,contributory-parent-173,https://www.nanakmigration.com.au/contributory-parent-173,Work Rights and Medicare While on the Temporary 173 - Medicare,Other,Medium,The parent is entitled to enrol in Medicare from the date the 173 is granted.,"Subclass 173 holders can enrol in Medicare. Services Australia lists the Contributory Parent visas (including subclass 173) among the temporary visas covered by a Ministerial Order, so the parent can enrol once the 173 is granted and they are in Australia.",The Home Affairs 173 page lists living in Australia for 2 years and work/study rights but does not list Medicare enrolment (unlike the 143 page).,https://immi.homeaffairs.gov.au/visas/getting-a-visa/visa-listing/contributory-parent-temporary-173,G6-041,LEGEND-checked,"Approve with amendment - Not in LEGEND. Services Australia 'If you're a temporary resident covered by a Ministerial Order' (Contributory Parent visas subclasses 173, 143, 884, 864) and Operational Blueprint 011-23032034 ('Holders of temporary visa 173 are eligible for Medicare'); Health Insurance Act 1973 s3 (Australian resident) as extended by Ministerial Order.",Not fixed,Old text still visible on the live page,Query with RMA,
568,Parent,contributory-parent-173,https://www.nanakmigration.com.au/contributory-parent-173,Page stamps,Missing material update,Low,General information current as at August 2026.,General information current as at October 2026.,"Update all August 2026 notes, 'Last reviewed: July 2026' and footer stamp.",https://immi.homeaffairs.gov.au/visas/getting-a-visa/visa-listing/contributory-parent-temporary-173,G6-042,Confirmed,,Fixed,,Done,
569,Parent,parent-visa-103,https://www.nanakmigration.com.au/parent-visa-103,Key figures panel / Government Charges,Outdated fee,High,The subclass 103 has a single instalment of government charges payable at the time of lodgement - there is no second instalment before grant. This is a key financial difference from the contributory pathways.,"The subclass 103 costs from AUD8,665 for a single applicant, paid in two instalments - the first when you apply and the second when Home Affairs asks for it. The second instalment is far smaller than for the contributory visas.","103 costs from AUD8,665 over 2 instalments for a single applicant. Also fix 'Single instalment payable at lodgement', the ~AUD 4,990 figures (primary, secondary adult, short answer, FAQ, comparison table) and the couple example ~AUD 9,980.",https://immi.homeaffairs.gov.au/visas/getting-a-visa/visa-listing/parent-103,G6-016,Confirmed,,Not fixed,Old text still visible on the live page,To do,
570,Parent,parent-visa-103,https://www.nanakmigration.com.au/parent-visa-103,Key figures panel - Realistic wait for new applications,Processing time,High,New applications lodged today realistically face a wait of around 30 years before a decision is made.,Home Affairs currently estimates about 42 years for new Parent and Aged Parent visa applications.,"Home Affairs estimate for Parent and Aged Parent visas is 42 years (as at 31 Aug 2026). The ~30 years figure is repeated in the intro, short answer, queue sections, process step 04, FAQ and schema description.",https://immi.homeaffairs.gov.au/visas/getting-a-visa/visa-processing-times/visa-processing-priorities/parent-visas,G6-017,Confirmed,,Fixed,,Done,
571,Parent,parent-visa-103,https://www.nanakmigration.com.au/parent-visa-103,Subclass 103 vs 143 vs 870 table,Outdated fee,High,"~$4,990~$5,040 + ~$43,600/adult~$1,100 or ~$2,900Queue (new applications)~30 years~12-15 years","Govt charge: 103 from AUD8,665 | 143 AUD6,300 + AUD43,600/adult | 870 AUD6,370 (3 yrs) or AUD12,440 (5 yrs). Queue estimate (new applications): 103 about 42 years | 143 about 18 years","103 AUD8,665; 143 AUD6,300 + AUD43,600; 870 AUD6,370/AUD12,440; estimates 42 and 18 years.",https://immi.homeaffairs.gov.au/visas/getting-a-visa/visa-listing/parent-103 ; https://immi.homeaffairs.gov.au/visas/getting-a-visa/visa-listing/sponsored-parent-temporary-870 ; https://immi.homeaffairs.gov.au/visas/getting-a-visa/visa-processing-times/visa-processing-priorities/parent-visas,G6-018,Confirmed,,Not fixed,Old text still visible on the live page,To do,
572,Parent,parent-visa-103,https://www.nanakmigration.com.au/parent-visa-103,Subclass 103 vs 143 vs 870 table - Assurance of Support row,Incorrect eligibility,Medium,Yes (at lodgement),Yes (requested before grant),"For parent visas Home Affairs advises when the AoS must be provided; Services Australia says not to arrange the bank guarantee until asked in writing. The page also says 'Unlike the 143, the AoS for the 103 is typically arranged closer to the grant stage' - remove that contrast.",https://immi.homeaffairs.gov.au/visas/getting-a-visa/visa-listing/aged-parent-804 ; https://www.servicesaustralia.gov.au/bank-guarantee-and-term-deposit-for-assurance-support?context=22051,G6-019,LEGEND-checked,"Approve as proposed - Sch 2 cl 103.226, 143.228 and 804.224 (AoS accepted by the Secretary of Social Services - time-of-decision criteria in Divisions 103.22/143.22/804.22); PAM3: Div1.2/reg1.03 - Assurance of Support (AoS), s3.5.1 Requesting the AoS (request only after all other criteria met and, for capped/queued subclasses, after the application is released from the queue); PAM3: Sch2 Parent visas s3.4.3 - LEGEND stack 02-10-2026. Regs 2.38/2.39 do not appear in the current Regulations contents (no Division on AoS in Part 2).",Not fixed,Old text still visible on the live page,Query with RMA,
573,Parent,parent-visa-103,https://www.nanakmigration.com.au/parent-visa-103,Page stamps,Missing material update,Low,General information current as at August 2026.,General information current as at October 2026.,"Update all 'August 2026' figure notes, 'Last reviewed: July 2026' and footer stamp after corrections.",https://immi.homeaffairs.gov.au/visas/getting-a-visa/visa-listing/parent-103,G6-020,Confirmed,,Fixed,,Done,
574,Parent,parent-visas,https://www.nanakmigration.com.au/parent-visas,Key figures panel - Current wait for Contributory Parent (143),Processing time,High,New applications lodged today face approximately 12-15 years of processing. Non-contributory parent visas face a substantially longer queue. Figures current at August 2026 - confirm on DoHA.,Home Affairs currently estimates about 18 years for new Contributory Parent visa applications and about 42 years for new Parent and Aged Parent visa applications. These are Home Affairs estimates only and can change each program year - confirm on the Home Affairs parent visa queue page.,Home Affairs estimate (as at 31 Aug 2026): Contributory Parent visas 18 years; Parent and Aged Parent visas 42 years.,https://immi.homeaffairs.gov.au/visas/getting-a-visa/visa-processing-times/visa-processing-priorities/parent-visas,G6-001,Confirmed,,Not fixed,Old text still visible on the live page,To do,
575,Parent,parent-visas,https://www.nanakmigration.com.au/parent-visas,The Short Answer,Outdated fee,High,"The Contributory Parent (subclass 143) is faster but carries government charges of approximately AUD 95,000 for a couple and currently processes in 12-15 years for new applications.","The Contributory Parent (subclass 143) is faster but carries government charges of about AUD49,900 for a single applicant (about AUD95,600 for a couple), and Home Affairs currently estimates about 18 years for new applications.","143: AUD6,300 first instalment (main applicant) + AUD43,600 second instalment per adult = AUD49,900 single; Home Affairs estimate 18 years.",https://immi.homeaffairs.gov.au/visas/getting-a-visa/visa-listing/contributory-parent-143 ; https://immi.homeaffairs.gov.au/visas/getting-a-visa/fees-and-charges/current-visa-pricing ; https://immi.homeaffairs.gov.au/visas/getting-a-visa/visa-processing-times/visa-processing-priorities/parent-visas,G6-002,Confirmed,,Partly fixed,New text added but the old text is still on the page (both versions showing),To do,
576,Parent,parent-visas,https://www.nanakmigration.com.au/parent-visas,Key figures panel - Government charges for a couple (143),Outdated fee,High,"Payable in two instalments: approximately $5,040 at lodgement and $43,600 per adult applicant before grant.","Payable in two instalments: AUD6,300 for the main applicant at lodgement (lower amounts for each additional applicant) and AUD43,600 per adult applicant before grant.","2026-27 first instalment for 143 main applicant is AUD6,300; second instalment AUD43,600 per adult.",https://immi.homeaffairs.gov.au/visas/getting-a-visa/fees-and-charges/current-visa-pricing ; https://immi.homeaffairs.gov.au/visas/getting-a-visa/visa-listing/contributory-parent-143,G6-003,Confirmed,,Fixed,,Done,
577,Parent,parent-visas,https://www.nanakmigration.com.au/parent-visas,Parent visa types at a glance - 173 card,Outdated fee,High,"~AUD 3,400 first instalment; second instalment payable when applying for 143","AUD4,245 first instalment plus AUD29,130 second instalment before the 173 is granted (AUD33,375 total for a single applicant). The later 143 costs AUD555 plus AUD19,420 for a 173 holder.","173: AUD4,245 + AUD29,130 (paid before 173 grant); 143 for 173 holders: AUD555 + AUD19,420.",https://immi.homeaffairs.gov.au/visas/getting-a-visa/visa-listing/contributory-parent-temporary-173 ; https://immi.homeaffairs.gov.au/visas/getting-a-visa/fees-and-charges/current-visa-pricing,G6-004,Confirmed,,Fixed,,Done,
578,Parent,parent-visas,https://www.nanakmigration.com.au/parent-visas,Parent visa types at a glance - 103 and 804 cards / comparison table,Outdated fee,High,"~AUD 4,990 (much lower than contributory)","AUD8,665 over two instalments for a single applicant (much lower than contributory)","103 and 804 each cost from AUD8,665 over 2 instalments for a single applicant (804 first instalment AUD6,600). The same ~AUD 4,990 figure also appears for 804 and in the comparison table and Queue Reality section.",https://immi.homeaffairs.gov.au/visas/getting-a-visa/visa-listing/parent-103 ; https://immi.homeaffairs.gov.au/visas/getting-a-visa/visa-listing/aged-parent-804,G6-006,Confirmed,,Fixed,,Done,
579,Parent,parent-visas,https://www.nanakmigration.com.au/parent-visas,Parent visa types at a glance - 884 card,Outdated fee,High,"~AUD 5,040 first instalment; second (~AUD 43,600/adult) paid at 864 stage","AUD6,300 first instalment plus AUD29,130 second instalment before the 884 is granted (AUD35,430 single applicant). The later 864 costs AUD555 plus AUD19,420 for an 884 holder.","884: AUD6,300 + AUD29,130; 864 for 884 holders: AUD555 + AUD19,420.",https://immi.homeaffairs.gov.au/visas/getting-a-visa/visa-listing/contributory-aged-parent-temporary-884 ; https://immi.homeaffairs.gov.au/visas/getting-a-visa/fees-and-charges/current-visa-pricing,G6-008,Confirmed,,Fixed,,Done,
580,Parent,parent-visas,https://www.nanakmigration.com.au/parent-visas,Parent visa types at a glance - 870 card and comparison table,Outdated fee,High,"~AUD 1,100 (3-year) or ~AUD 2,900 (5-year)","AUD6,370 (up to 3 years) or AUD12,440 (up to 5 years), paid in two instalments, per applicant","870 costs AUD6,370 (3 years) or AUD12,440 (5 years), paid in 2 instalments. Same wrong figures appear in the comparison table (~$1,100 (3yr) / ~$2,900 (5yr)).",https://immi.homeaffairs.gov.au/visas/getting-a-visa/visa-listing/sponsored-parent-temporary-870,G6-009,Confirmed,,Fixed,,Done,
581,Parent,parent-visas,https://www.nanakmigration.com.au/parent-visas,FAQ - How does the 173-to-143 staged pathway work?,Incorrect eligibility,High,"Rather than waiting offshore for 12-15 years, the parent lodges a 173 application (first instalment of charges only), is granted the temporary 173 visa, and can live in Australia while the permanent queue processes. When the 143 is ready to be granted, the second instalment of charges becomes payable (~$43,600 per adult).","The 173 is itself capped and queued in the same contributory parent queue, so the parent does not get to Australia sooner. When the 173 is released from the queue, the AUD29,130 second instalment is paid and the 173 is granted for 2 years. The parent then applies for the 143 (AUD555 plus AUD19,420 second instalment), which Home Affairs currently finalises quickly for 173 holders. The main benefit is spreading the cost.","173 and 143 share queue release dates (both up to Nov 2018 as at 31 Aug 2026); 173 second instalment AUD29,130 before 173 grant; 143 for 173 holders AUD19,420 second instalment; 173-to-143 transitions being processed from May 2026.",https://immi.homeaffairs.gov.au/visas/getting-a-visa/visa-processing-times/visa-processing-priorities/parent-visas ; https://immi.homeaffairs.gov.au/visas/getting-a-visa/fees-and-charges/current-visa-pricing,G6-010,Confirmed,,Schema not updated,"Old wording removed from the visible page, but it is still in the FAQ schema / page code that Google reads",To do,
582,Parent,parent-visas,https://www.nanakmigration.com.au/parent-visas,FAQ - Can my parent come to Australia while waiting...,Incorrect eligibility,High,The parent can apply for the 870 while also being in the permanent visa queue. The 870 requires an approved sponsor and health insurance for the duration of the stay. There is a 90-day gap required outside Australia before applying for a second 870 in some circumstances,"A parent who has already lodged a permanent parent visa application can still apply for, and be granted, an 870 to visit Australia while that application is processed. However, a parent who has applied for or holds an 870, or who held one and has not left Australia since it ended, cannot make a valid application for any permanent or temporary parent visa. The 870 requires an approved parent sponsor and adequate health insurance. A further 870 must generally be lodged from outside Australia, and unless there are exceptional circumstances it cannot be granted until the parent has been outside Australia for at least 90 consecutive days since leaving after their last 870.",Home Affairs: you cannot apply for a permanent or temporary parent visa when you have applied for or hold an 870; further 870 applications are lodged outside Australia and require 90 consecutive days outside Australia before grant.,https://immi.homeaffairs.gov.au/visas/getting-a-visa/visa-listing/sponsored-parent-temporary-870 ; https://immi.homeaffairs.gov.au/visas/getting-a-visa/visa-listing/contributory-parent-143,G6-012,LEGEND-checked,"Approve with amendment - Sch 2 Part 870 (cl 870.221-870.229, all time-of-decision criteria; none bars a pending permanent parent application; cl 870.223 = 90 consecutive days rule; cl 870.224 health insurance); Sch 1 item 1239(3)(b),(e) (870 validity: must not hold an 870; must be outside Australia unless permitted); Sch 1 items 1124(3)(ac), 1124A(3)(bb), 1130(3)(bb), 1130A(3)(ca), 1221(3)(aa), 1221A(3)(ca) (parent visa validity: must not hold an 870 and, if held one, must have left Australia since it ceased); PAM3: Sch2 Visa 870 - Subclass 870 (Sponsored Parent (Temporary)) visa, s3.2 Restrictions and s3.6.3 - LEGEND stack 02-10-2026",Schema not updated,"Old wording removed from the visible page, but it is still in the FAQ schema / page code that Google reads",Query with RMA,
583,Parent,parent-visas,https://www.nanakmigration.com.au/parent-visas,Parent visa types at a glance - 173 card,Incorrect eligibility,Medium,Contributory Parent (Temporary)Onshore/Offshore:Offshore,Contributory Parent (Temporary) - Onshore/Offshore: in or outside Australia (not in immigration clearance),Applicants for the 173 can be in or outside Australia when they apply.,https://immi.homeaffairs.gov.au/visas/getting-a-visa/visa-listing/contributory-parent-temporary-173,G6-005,Confirmed,,Partly fixed,New text added but the old text is still on the page (both versions showing),To do,
584,Parent,parent-visas,https://www.nanakmigration.com.au/parent-visas,Parent visa types at a glance - 864 card,Processing time,Medium,"~AUD 5,040 first + ~AUD 43,600/adult second instalmentQueue:Faster than 804 but currently still 10+ years for new applications","AUD6,300 first instalment (main applicant) + AUD43,600 per adult second instalment. Queue: faster than 804, but Home Affairs estimates about 18 years for new contributory parent applications","864 costs from AUD49,900 (AUD6,300 + AUD43,600); Home Affairs estimate for new contributory parent applications is 18 years.",https://immi.homeaffairs.gov.au/visas/getting-a-visa/visa-listing/contributory-aged-parent-864 ; https://immi.homeaffairs.gov.au/visas/getting-a-visa/visa-processing-times/visa-processing-priorities/parent-visas,G6-007,Confirmed,,Not fixed,Old text still visible on the live page,To do,
585,Parent,parent-visas,https://www.nanakmigration.com.au/parent-visas,FAQ - Can my parent work in Australia on a parent visa?,Incorrect eligibility,Medium,The subclass 173 (Contributory Parent Temporary) grants limited work rights.,"The subclass 173 (Contributory Parent Temporary) and subclass 884 (Contributory Aged Parent Temporary) allow the holder to work and study in Australia, but holders do not receive government support.",173 and 884 holders can work and study in Australia. The comparison table also shows 173 as 'Limited' and 884 as 'Generally none'.,https://immi.homeaffairs.gov.au/visas/getting-a-visa/visa-listing/contributory-parent-temporary-173 ; https://immi.homeaffairs.gov.au/visas/getting-a-visa/visa-listing/contributory-aged-parent-temporary-884,G6-011,Confirmed,,Schema not updated,"Old wording removed from the visible page, but it is still in the FAQ schema / page code that Google reads",To do,
586,Parent,parent-visas,https://www.nanakmigration.com.au/parent-visas,Parent visa types at a glance - 804 and 864 cards,Incorrect eligibility,Medium,Must be of Australian age pension age at time of application and must be in Australia on a substantive visa.,Must be old enough to receive the Australian age pension and must be in Australia (not in immigration clearance) when applying and when the visa is decided. Applicants who do not hold a substantive visa must meet additional Schedule 3 criteria.,804/864: must be in Australia (not in immigration clearance) at application and decision; non-substantive visa holders must meet Schedule 3 criterion 3002 (cl 804.213) - a substantive visa is not mandatory.,https://immi.homeaffairs.gov.au/visas/getting-a-visa/visa-listing/aged-parent-804 ; https://www.legislation.gov.au/F1996B03551/2026-07-01/2026-07-01/text/original/epub/OEBPS/document_3/document_3.html,G6-013,Confirmed,,Fixed,,Done,
587,Parent,parent-visas,https://www.nanakmigration.com.au/parent-visas,FAQ - What is the Assurance of Support...,Outdated law/terminology,Low,The assurer must demonstrate sufficient income and lodge a bond with the Department of Human Services. The bond is refunded after the AoS period if no welfare payments were made. The AoS is assessed as part of the sponsorship process.,The assurer must pass a Services Australia income test and provide a bank guarantee backed by a term deposit with the Commonwealth Bank. The guarantee is released at the end of the AoS period if no recoverable payments were made. Home Affairs asks for the AoS when the application is ready for final processing.,AoS is administered by Services Australia; bond is a CBA bank guarantee and term deposit; Home Affairs tells applicants when the AoS is needed.,https://www.servicesaustralia.gov.au/bank-guarantee-and-term-deposit-for-assurance-support?context=22051 ; https://immi.homeaffairs.gov.au/visas/getting-a-visa/visa-listing/aged-parent-804,G6-014,Confirmed,,Schema not updated,"Old wording removed from the visible page, but it is still in the FAQ schema / page code that Google reads",To do,
588,Parent,parent-visas,https://www.nanakmigration.com.au/parent-visas,Page stamps,Missing material update,Low,General information current as at August 2026.,General information current as at October 2026.,"Figures corrected in October 2026; also update 'Last reviewed: July 2026', every 'Figures current at August 2026' note and the footer 'Content current as at July 2026'.",https://immi.homeaffairs.gov.au/visas/getting-a-visa/fees-and-charges/current-visa-pricing,G6-015,Confirmed,,Fixed,,Done,
589,Parent,sponsored-parent-870,https://www.nanakmigration.com.au/sponsored-parent-870,The Short Answer / key figures / fee table / FAQ,Outdated fee,High,"Government fees are approximately AUD 1,100 (3-year grant) or AUD 2,900 (5-year grant).","The visa costs AUD6,370 for up to 3 years or AUD12,440 for up to 5 years, paid in two instalments.","870 costs AUD6,370 (3 yrs) / AUD12,440 (5 yrs), first instalment on application, second when requested. Also fix ~AUD 1,100 / 2,900 card, fee table rows, couple total 'approximately AUD 5,800' (should be AUD24,880 for two 5-year visas) and FAQ figures.",https://immi.homeaffairs.gov.au/visas/getting-a-visa/visa-listing/sponsored-parent-temporary-870,G6-057,Confirmed,,Not fixed,Old text still visible on the live page,To do,
590,Parent,sponsored-parent-870,https://www.nanakmigration.com.au/sponsored-parent-870,FAQ - Can both of my parents apply together on one 870 application?,Incorrect eligibility,High,Yes. Both parents can be included as applicants - one as the primary applicant and the other as a secondary applicant.,"No. Family members cannot be included in an 870 application, so each parent lodges their own application. One approved Parent Sponsor can cover up to 2 parents per household at a time.",Home Affairs: You cannot include family members in your visa application; sponsorship can cover up to 2 parents per household.,https://immi.homeaffairs.gov.au/visas/getting-a-visa/visa-listing/sponsored-parent-temporary-870,G6-058,Confirmed,,Schema not updated,"Old wording removed from the visible page, but it is still in the FAQ schema / page code that Google reads",To do,
591,Parent,sponsored-parent-870,https://www.nanakmigration.com.au/sponsored-parent-870,FAQ - Can my parent hold a 870 visa and also be in the permanent 143 queue at the same time?,Incorrect eligibility,High,Yes. A parent can simultaneously hold a subclass 870 visa (allowing them to live in Australia) and have a subclass 143 Contributory Parent permanent visa application in the queue. This is a common strategy,"Yes, if the permanent application is lodged first. A parent with a pending permanent parent visa application, such as a 143, can apply for and be granted an 870 to visit Australia while it is processed. It does not work the other way: a parent who has applied for or holds an 870, or who held one and has not left Australia since it ended, cannot lodge a 143 or any other parent visa. Families wanting both should get advice on the order of applications before lodging anything.",Home Affairs: you cannot apply for a permanent or temporary parent visa when you have applied for or hold an 870; 143/103/804 require that the applicant has not applied for or holds an 870.,https://immi.homeaffairs.gov.au/visas/getting-a-visa/visa-listing/sponsored-parent-temporary-870 ; https://immi.homeaffairs.gov.au/visas/getting-a-visa/visa-listing/contributory-parent-143,G6-059,LEGEND-checked,"Approve with amendment - Sch 2 Part 870 (no criterion about pending parent applications); Sch 1 item 1130(3)(bb) (143 validity - must not hold an 870; former holders must have left Australia) and equivalent items 1124, 1124A, 1130A, 1221, 1221A; PAM3: Sch2 Visa 870 s3.2 Restrictions (note: a person who has already made a permanent Parent visa application may apply for and be granted an SPTV) - LEGEND stack 02-10-2026",Schema not updated,"Old wording removed from the visible page, but it is still in the FAQ schema / page code that Google reads",Query with RMA,
592,Parent,sponsored-parent-870,https://www.nanakmigration.com.au/sponsored-parent-870,Key Limitations - No direct pathway to permanent residence,Incorrect eligibility,High,"If the family wants the parent to become a permanent resident, they must lodge a separate application in the relevant permanent parent visa queue (e.g. 143), which operates independently of the 870. The 870 and a permanent parent application can be held simultaneously.","A parent who has applied for or holds an 870 cannot apply for a permanent or temporary parent visa. If permanent residence is the goal, get advice before lodging the 870.",Home Affairs: you cannot apply for a permanent or temporary parent visa when you have applied for or hold this visa. The 'What it is' section ('A parent can hold a subclass 870 and be in the permanent queue for a 143 simultaneously') needs the same fix.,https://immi.homeaffairs.gov.au/visas/getting-a-visa/visa-listing/sponsored-parent-temporary-870,G6-060,Confirmed,,Fixed,,Done,
593,Parent,sponsored-parent-870,https://www.nanakmigration.com.au/sponsored-parent-870,FAQ - Does the 870 count toward the residence requirement for citizenship?,Incorrect eligibility,High,No. Time spent in Australia on a temporary visa - including the subclass 870 - does not count toward the 4-year lawful residence required for Australian citizenship by conferral.,"Partly. Time living in Australia on a valid visa, including the 870, can count toward the 4 years of residence required for citizenship, but the applicant must also have held a permanent visa for the last 12 months and meet the absence limits. The parent must become a permanent resident first.","General residence requirement: living in Australia on a valid visa for 4 years, including holding a permanent visa for the last 12 months.",https://immi.homeaffairs.gov.au/citizenship/become-a-citizen/permanent-resident,G6-061,Confirmed,,Schema not updated,"Old wording removed from the visible page, but it is still in the FAQ schema / page code that Google reads",To do,
594,Parent,sponsored-parent-870,https://www.nanakmigration.com.au/sponsored-parent-870,Eligibility Requirements - The sponsor,Outdated threshold,High,"the household income threshold is approximately AUD 83,454.80 per year for one sponsored parent, with additional amounts for each additional sponsored family member.","the sponsor's taxable income for the most recent completed income year must be at least AUD83,454.80. A sponsor can combine income with their partner or a sibling who is an Australian citizen, permanent resident or eligible New Zealand citizen, but the sponsor's own income must be at least 50% of that amount. The same threshold applies whether one or two parents are sponsored.","Income test is AUD83,454.80 taxable income; combining allowed with 50% minimum for the sponsor; no per-parent loading.",https://immi.homeaffairs.gov.au/visas/getting-a-visa/visa-listing/sponsored-parent-temporary-870?tg=2,G6-062,Confirmed,,Fixed,,Done,
595,Parent,sponsored-parent-870,https://www.nanakmigration.com.au/sponsored-parent-870,FAQ - What if my parent's 870 expires and they have not applied for a renewal?,Incorrect eligibility,High,It is critical to apply for the renewal (or a bridging visa) before the 870 expires.,"The 870 cannot be extended. A further 870 must generally be lodged from outside Australia (unless Home Affairs has given permission to apply in Australia), and it cannot be granted until the parent has been outside Australia for at least 90 consecutive days. Plan departure before the current visa ends.",No extension; further 870 lodged outside Australia unless permission granted; 90 consecutive days outside Australia required before grant. The 'Renewal before expiry' step and '90-day gap may be required ... in some circumstances' text also need updating.,https://immi.homeaffairs.gov.au/visas/getting-a-visa/visa-listing/sponsored-parent-temporary-870,G6-065,Confirmed,,Schema not updated,"Old wording removed from the visible page, but it is still in the FAQ schema / page code that Google reads",To do,
596,Parent,sponsored-parent-870,https://www.nanakmigration.com.au/sponsored-parent-870,Eligibility Requirements - The sponsor,Incorrect eligibility,Medium,"The sponsor must be an Australian citizen, Australian permanent resident, or eligible New Zealand citizen, and must be 18 years or older.","The sponsor must be 18 or older and the child (or the child's partner) of the parent. They must be an Australian citizen, or a permanent resident or eligible New Zealand citizen usually resident in Australia for at least 4 years who has not been unlawful or held a bridging visa (other than BVA, BVB or BVC) in that time.","PR and eligible NZ sponsors need 4 years usual residence and no unlawful/bridging (other than A, B, C) periods in last 4 years.",https://immi.homeaffairs.gov.au/visas/getting-a-visa/visa-listing/sponsored-parent-temporary-870?tg=2,G6-063,Confirmed,,Fixed,,Done,
597,Parent,sponsored-parent-870,https://www.nanakmigration.com.au/sponsored-parent-870,Sponsor approval is a separate process / process step 03,Incorrect eligibility,Medium,"The sponsorship approval must be granted before the parent applies for the 870 visa (or can be applied for concurrently in some circumstances, but the visa cannot be granted until the sponsor is approved).",The sponsorship must be approved before the parent can lodge the 870. The parent must then apply within 6 months of the sponsorship approval (or 60 days if given permission to apply in Australia).,"Home Affairs: must have an approved Parent Sponsor before lodging; lodge within 6 months of approval (60 days if permission to apply in Australia). Step 03 '(or the sponsor application is lodged, depending on circumstances)' should also be removed.",https://immi.homeaffairs.gov.au/visas/getting-a-visa/visa-listing/sponsored-parent-temporary-870,G6-064,Confirmed,,Fixed,,Done,
598,Parent,sponsored-parent-870,https://www.nanakmigration.com.au/sponsored-parent-870,What it is - Health insurance is mandatory for the full stay,Other,Low,The parent must hold private health insurance (equivalent to OSHC-level cover or approved equivalent) for the entire duration of the visa.,The parent must have and maintain adequate health insurance from an Australian health insurance provider for the entire stay.,Home Affairs: adequate arrangements for health insurance from an Australian Health Insurance provider; OSHC is a student product.,https://immi.homeaffairs.gov.au/visas/getting-a-visa/visa-listing/sponsored-parent-temporary-870,G6-066,Confirmed,,Fixed,,Done,
599,Parent,sponsored-parent-870,https://www.nanakmigration.com.au/sponsored-parent-870,Page stamps,Missing material update,Low,General information current as at August 2026.,General information current as at October 2026.,"Update all August 2026 notes, 'Last reviewed: July 2026' and footer stamp.",https://immi.homeaffairs.gov.au/visas/getting-a-visa/visa-listing/sponsored-parent-temporary-870,G6-067,Confirmed,,Fixed,,Done,
600,Other Visas & Citizenship,australian-citizenship,https://www.nanakmigration.com.au/australian-citizenship,Pathways to Australian Citizenship - Citizenship by birth in Australia,Incorrect eligibility,Medium,Children born in Australia who do not acquire citizenship at birth may become entitled to apply for citizenship after living in Australia for a period.,"A child born in Australia who is not a citizen at birth automatically becomes an Australian citizen on their 10th birthday if they have lived most of their life in Australia (ordinarily resident for those 10 years). No application is needed, although evidence of citizenship can be applied for.","Children born in Australia to non-citizen, non-PR parents automatically acquire citizenship on their 10th birthday if they have lived most of their life in Australia.",https://immi.homeaffairs.gov.au/help-text/eplus/Pages/elp-h0695.aspx,G7-043,Confirmed,,Fixed,,Done,
601,Other Visas & Citizenship,australian-citizenship,https://www.nanakmigration.com.au/australian-citizenship,The Citizenship by Conferral Process - 03 Citizenship test,Incorrect eligibility,Medium,The test is taken online through the Department of Home Affairs website - appointment booking is required.,"Home Affairs sends you a letter with the date, time and place of your test appointment. The test has 20 computer-based multiple choice questions and you have 45 minutes.","Home Affairs sets the test appointment and notifies the date, time and place by letter; the test is not sat online from the website.",https://immi.homeaffairs.gov.au/citizenship/test-and-interview/learn-about-citizenship-interview-and-test/learn-about-citizenship-test,G7-044,Confirmed,,Not fixed,Old text still visible on the live page,To do,
602,Other Visas & Citizenship,australian-citizenship,https://www.nanakmigration.com.au/australian-citizenship,The Citizenship by Conferral Process - 02 Lodge the application,Other,Medium,Include your Australian Citizenship Pledge declaration as part of the application.,"Make the Australian Values Statement as part of the application. The Australian Citizenship Pledge is made later, at the citizenship ceremony.","The pledge of commitment is made at the citizenship ceremony, not lodged with the application.",https://immi.homeaffairs.gov.au/citizenship/become-a-citizen/permanent-resident,G7-046,Confirmed,,Fixed,,Done,
603,Other Visas & Citizenship,australian-citizenship,https://www.nanakmigration.com.au/australian-citizenship,Good Character and Identity - Good character is assessed holistically,Incorrect eligibility,Medium,There is no automatic bar for a specific offence - each case is assessed on its own facts.,"Character is assessed on the facts of each case, but the law prevents approval in some situations - for example, while proceedings for an offence are pending, while you are in prison, while you are on parole, bail or a good behaviour order, or within 2 years of release from a prison sentence of 12 months or more (10 years for repeat offenders).",Home Affairs must not approve an application in these listed criminal-offence circumstances.,https://immi.homeaffairs.gov.au/citizenship/become-a-citizen/permanent-resident,G7-048,Confirmed,,Not fixed,Old text still visible on the live page,To do,
604,Other Visas & Citizenship,australian-citizenship,https://www.nanakmigration.com.au/australian-citizenship,The General Residence Requirement - Last 12 months generally as a permanent resident,Missing material update,Medium,Temporary visa holders - even long-term ones - generally cannot apply for citizenship until they have held PR for at least 12 months.,"Temporary visa holders generally cannot apply for citizenship until they have held PR for at least 12 months. The exception is New Zealand citizens holding a Special Category visa (subclass 444): since 1 July 2023, time on an SCV counts as permanent residence for citizenship purposes, so they can apply without first getting a permanent visa.",From 1 July 2023 SCV holders can apply for conferral; SCV time is treated as permanent residence.,https://immi.homeaffairs.gov.au/citizenship/become-a-citizen/permanent-resident ; https://immi.homeaffairs.gov.au/entering-and-leaving-australia/new-zealand-citizens/pathway-to-permanent-resident-and-citizenship,G7-049,Confirmed,,Not fixed,Old text still visible on the live page,To do,
605,Other Visas & Citizenship,australian-citizenship,https://www.nanakmigration.com.au/australian-citizenship,The Citizenship Test and Australian Values Statement - Who must take the test,Incorrect eligibility,Low,"Generally, applicants aged 18-59 years at the time of the test must sit the citizenship test. Children under 18 and some applicants over 60 are generally exempt.","Generally, applicants aged 18 to 59 at the time they apply must sit the citizenship test. Applicants aged 17 or under, or 60 or over, at the time they apply generally do not need to sit the test.","Age is assessed at the time of application, and all applicants aged 60 or over are generally exempt (not only 'some').",https://immi.homeaffairs.gov.au/citizenship/test-and-interview/learn-about-citizenship-interview-and-test/learn-about-citizenship-test,G7-045,Confirmed,,Partly fixed,New text added but the old text is still on the page (both versions showing),To do,
606,Other Visas & Citizenship,australian-citizenship,https://www.nanakmigration.com.au/australian-citizenship,The Australian Values Statement,Other,Low,The Statement is part of the formal application and is not a separate document from the citizenship pledge made at the ceremony.,The Statement is made as part of the application and is separate from the pledge of commitment you make at the citizenship ceremony.,The Values Statement (application) and the pledge (ceremony) are separate steps.,https://immi.homeaffairs.gov.au/citizenship/become-a-citizen/permanent-resident,G7-047,Confirmed,,Fixed,,Done,
607,Other Visas & Citizenship,australian-citizenship,https://www.nanakmigration.com.au/australian-citizenship,The Citizenship by Conferral Process - 02 Lodge the application,Inconsistent with other page,Low,Pay the applicable application fee (check the current fee on the Department of Home Affairs website - fees are not published on this page).,"Pay the application fee - AUD595, or AUD85 for eligible concession card holders. There is no fee for a child aged 15 or under on the same form as a responsible parent. Fees usually increase on 1 July each year. (Also remove 'Application fees are not published on this page' from the About this page box.)","The page's FAQ publishes the (correct) fee, so the 'not published' statements contradict it.",https://immi.homeaffairs.gov.au/form-listing/forms/1298i.pdf,G7-050,Confirmed,,Partly fixed,New text added but the old text is still on the page (both versions showing),To do,
608,Other Visas & Citizenship,australian-citizenship,https://www.nanakmigration.com.au/australian-citizenship,Page header stamp,Other,Low,General information current as at July 2026.,General information current as at October 2026. (Also update 'Last reviewed: July 2026' and the footer 'Information current as at July 2026'.),Page content corrected in October 2026.,https://immi.homeaffairs.gov.au/citizenship/become-a-citizen/permanent-resident,G7-051,Confirmed,,Fixed,Date stamp updated,Done,
609,Other Visas & Citizenship,bridging-visas,https://www.nanakmigration.com.au/bridging-visas,Types of Bridging Visa table - Bridging Visa C,Incorrect eligibility,High,"Where an application has been made in circumstances not giving rise to a BVA (e.g., invalid applications in some circumstances)",Where a valid application for a substantive visa has been made in Australia by a person who does not hold a substantive visa. An invalid application does not give rise to any bridging visa.,Home Affairs: a BVC may be granted if you have made a valid application in Australia for a substantive visa but do not already hold a substantive visa.,https://immi.homeaffairs.gov.au/visas/getting-a-visa/visa-listing/bridging-visa-c-030,G7-032,Confirmed,,Fixed,,Done,
610,Other Visas & Citizenship,bridging-visas,https://www.nanakmigration.com.au/bridging-visas,Applying for a Bridging Visa B to Travel - What a Bridging Visa B allows,Incorrect eligibility,High,"If the holder returns within the travel period, the BVB ceases and the BVA is reinstated.","If the holder returns within the travel period, they remain on the BVB, which keeps them lawful until the substantive visa application is finally determined. To travel again after the travel period has ended, a new BVB must be granted before departure.",A BVB lets you stay lawfully until your substantive application is finally determined; a BVA is not 'reinstated'. A new BVB is needed if the travel facility has ended.,https://immi.homeaffairs.gov.au/visas/getting-a-visa/visa-listing/bridging-visa-b-020,G7-033,Confirmed,,Fixed,,Done,
611,Other Visas & Citizenship,bridging-visas,https://www.nanakmigration.com.au/bridging-visas,"Types of Bridging Visa table - Bridging Visa B, Comes into effect",Incorrect eligibility,Medium,Generally when the BVA ceases (on departure from Australia),On grant (if your substantive visa has already ceased) or when your current substantive visa ceases,Home Affairs: a BVB comes into effect when it is granted (if the substantive visa has ceased or the BVB is more beneficial) or when the current substantive visa ceases.,https://immi.homeaffairs.gov.au/visas/getting-a-visa/visa-listing/bridging-visa-b-020,G7-034,Confirmed,,Fixed,,Done,
612,Other Visas & Citizenship,bridging-visas,https://www.nanakmigration.com.au/bridging-visas,When a Bridging Visa Comes Into Effect - A BVA does not start immediately on grant,Other,Low,"The BVA only comes into effect when the substantive visa ceases (either by expiry, cancellation, or the grant of the pending application).","The BVA only comes into effect when the substantive visa you hold ceases, for example when it expires. If the pending application is granted, the new visa replaces the bridging visa.",A BVA keeps you lawful until the substantive application is finally determined; grant of the pending application ends the BVA rather than activating it.,https://immi.homeaffairs.gov.au/visas/getting-a-visa/visa-listing/bridging-visa-a-010,G7-035,Confirmed,,Fixed,,Done,
613,Other Visas & Citizenship,bridging-visas,https://www.nanakmigration.com.au/bridging-visas,FAQ - Can I stay on a bridging visa while my citizenship application is decided?,Missing material update,Low,"Citizenship applicants are already permanent residents, so a bridging visa has no role.","Citizenship applicants must be permanent residents or New Zealand citizens holding a Special Category visa, so a bridging visa has no role.","Since 1 July 2023, NZ citizens holding an SCV can apply for citizenship without being permanent residents.",https://immi.homeaffairs.gov.au/citizenship/become-a-citizen/permanent-resident,G7-036,Confirmed,,Schema not updated,"Old wording removed from the visible page, but it is still in the FAQ schema / page code that Google reads",To do,
614,Other Visas & Citizenship,bridging-visas,https://www.nanakmigration.com.au/bridging-visas,Page header stamp,Other,Low,General information current as at July 2026.,General information current as at October 2026. (Also update 'Last reviewed: July 2026' and the footer 'Information current as at July 2026'.),Page content corrected in October 2026.,https://immi.homeaffairs.gov.au/visas/getting-a-visa/visa-listing/bridging-visa-b-020,G7-037,Confirmed,,Fixed,Date stamp updated,Done,
615,Other Visas & Citizenship,medical-treatment-602,https://www.nanakmigration.com.au/medical-treatment-602,The Short Answer,Incorrect eligibility,Medium,Duration is determined by the length of treatment - extensions are available if needed.,"The stay period is set case by case based on the treatment plan. The visa cannot be extended - if more time is needed, a new visa application must be made before the current visa ends.",Home Affairs: you can't extend this visa; you need to apply for another visa.,https://immi.homeaffairs.gov.au/visas/getting-a-visa/visa-listing/medical-treatment-602,G7-021,Confirmed,,Not fixed,Old text still visible on the live page,To do,
616,Other Visas & Citizenship,medical-treatment-602,https://www.nanakmigration.com.au/medical-treatment-602,Key facts - Case by case card,Incorrect eligibility,Medium,There is no fixed maximum stay - the duration is assessed based on the planned treatment. Extensions may be available if treatment continues.,"There is no fixed maximum stay - the duration is assessed based on the treatment plan. The visa cannot be extended, so if treatment continues you need to lodge a new visa application.",The 602 cannot be extended.,https://immi.homeaffairs.gov.au/visas/getting-a-visa/visa-listing/medical-treatment-602,G7-022,Confirmed,,Not fixed,Old text still visible on the live page,To do,
617,Other Visas & Citizenship,medical-treatment-602,https://www.nanakmigration.com.au/medical-treatment-602,FAQ - What if I need to extend my stay,Incorrect eligibility,Medium,Extensions of the subclass 602 are available where treatment is genuinely ongoing.,"The subclass 602 cannot be extended. If treatment is ongoing, you need to lodge a new visa application (for example, a further subclass 602, which costs AUD480 when lodged in Australia) before your current visa ends.",No extensions; a new application is required. Onshore 602 VAC is AUD480 (free offshore).,https://immi.homeaffairs.gov.au/visas/getting-a-visa/visa-listing/medical-treatment-602,G7-023,Confirmed,,Schema not updated,"Old wording removed from the visible page, but it is still in the FAQ schema / page code that Google reads",To do,
618,Other Visas & Citizenship,medical-treatment-602,https://www.nanakmigration.com.au/medical-treatment-602,The Application Process - Step 06,Incorrect eligibility,Medium,"If treatment takes longer than the original visa period, an extension may be available. Extensions must be applied for before the current visa expires.","If treatment takes longer than the original visa period, you will need to apply for a new visa before your current visa expires.",The 602 cannot be extended.,https://immi.homeaffairs.gov.au/visas/getting-a-visa/visa-listing/medical-treatment-602,G7-024,Confirmed,,Fixed,,Done,
619,Other Visas & Citizenship,medical-treatment-602,https://www.nanakmigration.com.au/medical-treatment-602,"FAQ - Can I include my partner, children, or a support person",Incorrect eligibility,Medium,"In most cases yes - your partner and dependent children can be included as members of your family unit on the same application, and a support person or carer accompanying you for treatment can often apply in the same stream.","A support person - a family member or another person such as a friend - must generally lodge a separate application unless they are included in your passport. The applications can be processed together, but the patient's visa must be granted before the support person's visa.",Home Affairs: each support person must make a separate application unless included in your passport; the patient's visa is granted first.,https://immi.homeaffairs.gov.au/visas/getting-a-visa/visa-listing/medical-treatment-602,G7-025,Confirmed,,Schema not updated,"Old wording removed from the visible page, but it is still in the FAQ schema / page code that Google reads",To do,
620,Other Visas & Citizenship,medical-treatment-602,https://www.nanakmigration.com.au/medical-treatment-602,Page header stamp,Other,Low,General information current as at August 2026.,General information current as at October 2026. (Also update 'Last reviewed: July 2026' and the footer stamp.),Page content corrected in October 2026.,https://immi.homeaffairs.gov.au/visas/getting-a-visa/visa-listing/medical-treatment-602,G7-026,Confirmed,,Fixed,,Done,
621,Other Visas & Citizenship,protection-visa-866,https://www.nanakmigration.com.au/protection-visa-866,The Short Answer,Outdated fee,High,There is currently no application charge.,The visa application charge is AUD50.,Home Affairs lists the subclass 866 cost as AUD50.00.,https://immi.homeaffairs.gov.au/visas/getting-a-visa/visa-listing/protection-866,G7-052,Confirmed,,Not fixed,Old text still visible on the live page,To do,
622,Other Visas & Citizenship,protection-visa-866,https://www.nanakmigration.com.au/protection-visa-866,Key facts - No charge card,Outdated fee,High,There is currently no government application charge for the Protection visa (866). Confirm the current position on the Department of Home Affairs website.,The government application charge for the Protection visa (866) is AUD50. Confirm the current charge on the Department of Home Affairs website before lodging. (Change the card label 'No charge / No application charge' to 'AUD50 / Application charge'.),866 VAC is AUD50.,https://immi.homeaffairs.gov.au/visas/getting-a-visa/visa-listing/protection-866,G7-053,Confirmed,,Fixed,Reworded - key figures confirmed on page,Done,
623,Other Visas & Citizenship,protection-visa-866,https://www.nanakmigration.com.au/protection-visa-866,Application Charge for the Protection Visa (866),Outdated fee,High,"As of August 2026, there is no government application charge for the Protection visa (subclass 866). This means the visa application itself can be lodged without paying a fee to the Department of Home Affairs.","As at October 2026, the government application charge for the Protection visa (subclass 866) is AUD50, payable to the Department of Home Affairs when you lodge.",866 VAC is AUD50.,https://immi.homeaffairs.gov.au/visas/getting-a-visa/visa-listing/protection-866,G7-054,Confirmed,,Fixed,,Done,
624,Other Visas & Citizenship,protection-visa-866,https://www.nanakmigration.com.au/protection-visa-866,Bridging Visa and Work Rights During Processing,Incorrect eligibility,High,"On lodgement of a valid Protection visa application, you are typically issued a Bridging visa A (BVA) if you do not already hold a substantive visa.","If you hold a substantive visa when you lodge a valid Protection visa application, you are generally granted a Bridging visa A (BVA), which comes into effect when your current visa ends. If you do not hold a substantive visa, a different bridging visa (such as a Bridging visa C or E) may apply.",A BVA requires that you hold or have held a substantive visa; a BVC is for valid applicants who do not hold a substantive visa.,https://immi.homeaffairs.gov.au/visas/getting-a-visa/visa-listing/bridging-visa-a-010 ; https://immi.homeaffairs.gov.au/visas/getting-a-visa/visa-listing/bridging-visa-c-030,G7-056,Confirmed,,Fixed,,Done,
625,Other Visas & Citizenship,protection-visa-866,https://www.nanakmigration.com.au/protection-visa-866,FAQ - What is the s48 bar and does it prevent me from applying for a Protection visa?,Wrong legal reference,High,"However, the section 48 bar does not prevent a person from applying for a Protection visa (subclass 866) - the Protection visa is one of the limited exceptions to the s48 bar.","The section 48 bar does not prevent a Protection visa application. However, a separate bar in section 48A of the Migration Act applies: if you have been refused a protection visa, or had one cancelled, since your last arrival in Australia, you cannot make another valid protection visa application unless the Minister lifts the bar in the public interest.",Home Affairs: you can't make a valid permanent protection visa application if refused or cancelled a protection visa since last arrival; the Minister may lift the bar.,https://immi.homeaffairs.gov.au/visas/getting-a-visa/visa-listing/protection-866,G7-057,Confirmed,,Schema not updated,"Old wording removed from the visible page, but it is still in the FAQ schema / page code that Google reads",To do,
626,Other Visas & Citizenship,protection-visa-866,https://www.nanakmigration.com.au/protection-visa-866,Review Rights at the ART - 01 Strict time limit,Incorrect eligibility,High,it is typically 9 working days for onshore decisions,"for a protection visa refusal you must apply within 28 days after you are notified of the decision (or 14 days if you are in immigration detention on the day you are notified), and the ART has no power to extend this time limit. Refusals on character or security grounds follow different rules, so always check your decision letter",The ART states the time limit depends on the decision type and detention status and must be checked in the decision letter; no 9 working day limit applies to protection visa refusals.,https://www.art.gov.au/applying-review/immigration-and-citizenship,G7-059,LEGEND-checked,"Approve with amendment - Migration Act 1958 s 347(3) (application must be made within 14 days after notification if the applicant is in immigration detention on the day notified, otherwise within 28 days); s 347(5) (ART Act s 19 extension power does not apply to reviewable protection decisions); s 338A (reviewable protection decision includes a decision to refuse a protection visa); s 347A(5) (applicant must be physically in the migration zone); s 500(1)(c) and (6B) (refusals relying on s 5H(2), 36(1C) or 36(2C), and s 501 decisions, are reviewed under s 500 with separate rules, e.g. 9 days for s 501 decisions). LEGEND stack 02-10-2026.",Not fixed,Old text still visible on the live page,Query with RMA,
627,Other Visas & Citizenship,protection-visa-866,https://www.nanakmigration.com.au/protection-visa-866,Application Charge - Professional advice fees,Outdated fee,Medium,"While the government charge is currently nil,","While the government charge is only AUD50,",866 VAC is AUD50.,https://immi.homeaffairs.gov.au/visas/getting-a-visa/visa-listing/protection-866,G7-055,Confirmed,,Fixed,,Done,
628,Other Visas & Citizenship,protection-visa-866,https://www.nanakmigration.com.au/protection-visa-866,The Short Answer,Incorrect eligibility,Medium,The subclass 866 Protection visa is for people already in Australia who have a well-founded fear of persecution or face a real risk of significant harm if returned to their home country.,The subclass 866 Protection visa is for people who arrived in Australia legally on a valid visa and who have a well-founded fear of persecution or face a real risk of significant harm if returned to their home country. Unauthorised maritime arrivals and people who were not immigration cleared on their last entry cannot make a valid application.,Home Affairs: you must have arrived legally on a valid visa; UMAs and people not immigration cleared on last entry cannot make a valid 866 application.,https://immi.homeaffairs.gov.au/visas/getting-a-visa/visa-listing/protection-866,G7-058,Confirmed,,Partly fixed,New text added but the old text is still on the page (both versions showing),To do,
629,Other Visas & Citizenship,protection-visa-866,https://www.nanakmigration.com.au/protection-visa-866,Key facts - Processing varies card,Processing time,Low,The Department publishes indicative processing times on its website.,Home Affairs does not currently publish processing times for this visa.,Home Affairs 866 page: processing times for this visa are unavailable.,https://immi.homeaffairs.gov.au/visas/getting-a-visa/visa-listing/protection-866,G7-060,Confirmed,,Fixed,,Done,
630,Other Visas & Citizenship,protection-visa-866,https://www.nanakmigration.com.au/protection-visa-866,Page header stamp,Other,Low,General information current as at August 2026.,General information current as at October 2026. (Also update 'Last reviewed: July 2026' and the footer stamp.),Page content corrected in October 2026.,https://immi.homeaffairs.gov.au/visas/getting-a-visa/visa-listing/protection-866,G7-061,Confirmed,,Fixed,,Done,
631,Other Visas & Citizenship,resident-return-visa,https://www.nanakmigration.com.au/resident-return-visa,The Short Answer,Outdated fee,High,Application charge is approximately AUD 500 per applicant.,"The application charge is AUD1,475 per applicant when applying online. A lower charge applies to eligible Pacific Island and Timor-Leste citizens from 1 July 2026.","RRV (155/157) VAC is AUD1,475; the page's own FAQ already states AUD1,475, so the page contradicts itself.",https://immi.homeaffairs.gov.au/visas/getting-a-visa/visa-listing/resident-return-visa-155-157,G7-038,Confirmed,,Fixed,Reworded - key figures confirmed on page,Done,
632,Other Visas & Citizenship,resident-return-visa,https://www.nanakmigration.com.au/resident-return-visa,Key facts card and RRV Application Charges table (155 and 157 primary applicant rows),Outdated fee,High,~AUD 500,"AUD1,475 (replace every '~AUD 500' on the page - key-fact card and the subclass 155 and 157 rows - and change 'Approximate application charge' to 'Application charge')","RRV VAC is AUD1,475 per applicant.",https://immi.homeaffairs.gov.au/visas/getting-a-visa/visa-listing/resident-return-visa-155-157,G7-039,Confirmed,,Fixed,Reworded - key figures confirmed on page,Done,
633,Other Visas & Citizenship,resident-return-visa,https://www.nanakmigration.com.au/resident-return-visa,RRV Application Charges table - Secondary applicant rows,Incorrect eligibility,High,Per additional adult applicant,"Delete both secondary applicant rows (adult and child) and add: 'Family members cannot be included as secondary applicants. Each family member applies separately and pays AUD1,475. Applications lodged at the same time can be processed together if you declare them.'",Home Affairs: you can't include family members in your application; they apply separately.,https://immi.homeaffairs.gov.au/visas/getting-a-visa/visa-listing/resident-return-visa-155-157,G7-040,Confirmed,,Fixed,Reworded - key figures confirmed on page,Done,
634,Other Visas & Citizenship,resident-return-visa,https://www.nanakmigration.com.au/resident-return-visa,Subclass 155 vs Subclass 157 - Subclass 157 Application location,Incorrect eligibility,Medium,Must be lodged from outside Australia (offshore only),"Can be lodged in or outside Australia, but not in immigration clearance","The Home Affairs 155/157 page states you can be in or outside Australia when you apply, but not in immigration clearance.",https://immi.homeaffairs.gov.au/visas/getting-a-visa/visa-listing/resident-return-visa-155-157,G7-041,LEGEND-checked,"Approve as proposed - Migration Regulations 1994 Sch 1 item 1128(3)(b) (Resident Return (Class BB), subclasses 155 and 157): 'The applicant may be in or outside Australia, but not in immigration clearance.' Also Sch 2 cl 157.411 (applicant may be in or outside Australia, but not in immigration clearance, at time of grant). LEGEND stack 02-10-2026.",Not fixed,Old text still visible on the live page,Query with RMA,
635,Other Visas & Citizenship,resident-return-visa,https://www.nanakmigration.com.au/resident-return-visa,Page header stamp,Other,Low,General information current as at August 2026.,"General information current as at October 2026. (Also update 'Figures current at August 2026' in the card and table, 'Last reviewed: July 2026' and the footer stamp.)",Page content corrected in October 2026.,https://immi.homeaffairs.gov.au/visas/getting-a-visa/visa-listing/resident-return-visa-155-157,G7-042,Confirmed,,Fixed,Date stamp updated,Done,
636,Other Visas & Citizenship,short-stay-specialist-400,https://www.nanakmigration.com.au/short-stay-specialist-400,Visa conditions - Conditions on the Subclass 400,Wrong legal reference,Medium,Work restriction (Condition 8107 variant / 8108),Work limitation (Condition 8107),"Home Affairs lists the subclass 400 conditions as 8101 (no work - applies to family members), 8107 (work limitation), 8303 and 8503 (no further stay). Condition 8108 does not apply.",https://immi.homeaffairs.gov.au/visas/already-have-a-visa/check-visa-details-and-conditions/see-your-visa-conditions?product=400,G7-001,Confirmed,,Fixed,,Done,
637,Other Visas & Citizenship,short-stay-specialist-400,https://www.nanakmigration.com.au/short-stay-specialist-400,When the Subclass 400 CANNOT Be Used - Roles that meet the 482 CSOL,Incorrect eligibility,Medium,"If the occupation is on the Core Skills Occupation List (CSOL), the standard 482 Skills in Demand pathway should be used. The 400 is for specialist work outside or beyond the standard sponsorship framework.","The 400 is for short-term, non-ongoing, highly specialised work. If the role is ongoing, the 482 Skills in Demand pathway is the appropriate option, whether or not the occupation is on the Core Skills Occupation List (CSOL). (Rename this heading to 'Ongoing roles that belong in the 482 program'.)",The 400 criteria are highly specialised skills not reasonably available in Australia and non-ongoing work (likely completed within 6 months). Whether the occupation is on the CSOL is not a criterion.,https://immi.homeaffairs.gov.au/visas/getting-a-visa/visa-listing/temporary-work-400,G7-002,Confirmed,,Fixed,,Done,
638,Other Visas & Citizenship,short-stay-specialist-400,https://www.nanakmigration.com.au/short-stay-specialist-400,Page header stamp,Other,Low,General information current as at August 2026.,"General information current as at October 2026. (Also update 'Figures current at August 2026', 'Last reviewed: July 2026' and the footer 'Information current as at August 2026' to October 2026.)",Page content corrected in October 2026.,https://immi.homeaffairs.gov.au/visas/getting-a-visa/visa-listing/temporary-work-400,G7-003,Confirmed,,Fixed,Date stamp updated,Done,
639,Other Visas & Citizenship,special-category-444,https://www.nanakmigration.com.au/special-category-444,FAQ - What is the difference between protected and non-protected SCV holders?,Incorrect eligibility,Medium,or was outside Australia on that date having held a SCV at some point before that date and returned to Australia after,or was not in Australia on that date but had been in Australia for at least 365 days between 26 February 1999 and 25 February 2001 and returned after 26 February 2001 (or is otherwise a protected SCV holder under section 7 of the Social Security Act 1991),"Protected SCV holder: in Australia on 26 Feb 2001 as an SCV holder, or in Australia 365+ days in the 2 years before that date and returned later, or protected under s 7(2B)-(2D) of the Social Security Act 1991.",https://immi.homeaffairs.gov.au/entering-and-leaving-australia/new-zealand-citizens/entitlements,G7-027,Confirmed,,Schema not updated,"Old wording removed from the visible page, but it is still in the FAQ schema / page code that Google reads",To do,
640,Other Visas & Citizenship,special-category-444,https://www.nanakmigration.com.au/special-category-444,Protected vs Non-Protected SCV Holders,Incorrect eligibility,Medium,"NZ citizens who were in Australia as SCV holders on 26 February 2001, or who held a SCV before that date and later returned.","NZ citizens who were in Australia as SCV holders on 26 February 2001, or who had been in Australia for at least 365 days in the 2 years before that date and returned after it, or who are otherwise protected under section 7 of the Social Security Act 1991.",Simply holding an SCV before 26 Feb 2001 is not enough - 365 days in the 2 years before that date is required.,https://immi.homeaffairs.gov.au/entering-and-leaving-australia/new-zealand-citizens/entitlements,G7-028,Confirmed,,Partly fixed,New text added but the old text is still on the page (both versions showing),To do,
641,Other Visas & Citizenship,special-category-444,https://www.nanakmigration.com.au/special-category-444,Visas for Family Members of NZ Citizens - Partner visa (820/801),Incorrect eligibility,Medium,"If the NZ citizen obtains Australian citizenship, their partner can apply for the partner visa (820/801) from inside Australia.","An eligible New Zealand citizen (a protected SCV holder), an Australian permanent resident or an Australian citizen can sponsor a partner for a permanent partner visa. Other SCV holders can sponsor a partner once they become a permanent resident or an Australian citizen.","To sponsor family for a permanent visa you must be a permanent visa holder, an eligible NZ citizen or an Australian citizen.",https://immi.homeaffairs.gov.au/entering-and-leaving-australia/new-zealand-citizens/your-family,G7-029,Confirmed,,Fixed,,Done,
642,Other Visas & Citizenship,special-category-444,https://www.nanakmigration.com.au/special-category-444,FAQ - What visa do the family members of a New Zealand citizen need?,Incorrect eligibility,Medium,"If the NZ citizen has since become an Australian citizen or permanent resident, family members may be able to apply for a partner visa (820/801 or 309/100) or another appropriate family visa instead.","If the NZ citizen is an eligible New Zealand citizen (protected SCV holder), or has become an Australian permanent resident or citizen, family members may be able to apply for a partner visa (820/801 or 309/100) or another family visa instead. The 461 is not available to family of an eligible New Zealand citizen.",Eligible NZ citizens can sponsor family for permanent visas; the 461 is for family of NZ citizens other than eligible NZ citizens.,https://immi.homeaffairs.gov.au/entering-and-leaving-australia/new-zealand-citizens/your-family,G7-030,Confirmed,,Schema not updated,"Old wording removed from the visible page, but it is still in the FAQ schema / page code that Google reads",To do,
643,Other Visas & Citizenship,special-category-444,https://www.nanakmigration.com.au/special-category-444,Page header stamp,Other,Low,General information current as at August 2026.,General information current as at October 2026. (Also update 'Last reviewed: July 2026' and the footer stamp.),Page content corrected in October 2026.,https://immi.homeaffairs.gov.au/entering-and-leaving-australia/new-zealand-citizens/entitlements,G7-031,Confirmed,,Fixed,,Done,
644,Other Visas & Citizenship,temporary-activity-408,https://www.nanakmigration.com.au/temporary-activity-408,The Short Answer,Incorrect eligibility,Medium,"Streams include: invited participant in events or programs, research activities, religious or pastoral work, entertainment work, sport and related activities, exchange or reciprocal arrangements, and Australian-government-endorsed events or activities.","The visa has 10 streams: Australian Government Endorsed Events, Special Program, Religious Work, Research Activities, Invited Participant (other social and cultural activity), Sporting Activities, Entertainment Activities, Superyacht Crew, Exchange Arrangements, and Domestic Work for Executives.","Home Affairs lists 10 subclass 408 streams; the page omits Special Program, Superyacht Crew and Domestic Work for Executives.",https://immi.homeaffairs.gov.au/visas/getting-a-visa/visa-listing/temporary-activity-408,G7-004,Confirmed,,Fixed,,Done,
645,Other Visas & Citizenship,temporary-activity-408,https://www.nanakmigration.com.au/temporary-activity-408,Activity categories,Incorrect eligibility,Medium,The Seven Main Activity Streams,"The 408 Activity Streams (add short entries for Special Program - up to 12 months, e.g. youth exchange, cultural enrichment, school language assistants, gap year volunteering; Superyacht Crew - up to 12 months; and Domestic Work for Executives - up to 2 years). Also change the '7 streams' key-fact card to '10 streams'.","There are 10 streams, not 7.",https://immi.homeaffairs.gov.au/visas/getting-a-visa/visa-listing/temporary-activity-408,G7-005,Confirmed,,Fixed,,Done,
646,Other Visas & Citizenship,temporary-activity-408,https://www.nanakmigration.com.au/temporary-activity-408,Key facts - Up to 2 years card,Incorrect eligibility,Medium,Stay length depends on the activity stream. Some streams allow up to 2 years; others are limited to the duration of the specific event or engagement.,"Stay length depends on the stream - from up to 3 months (Invited Participant) to up to 2 years for most streams, and for the duration of the event or up to 4 years in the Australian Government Endorsed Events stream, depending on circumstances. (Change the card headline from 'Up to 2 years' to 'Up to 4 years'.)",Australian Government Endorsed Events stream: duration of the event or up to 4 years.,https://immi.homeaffairs.gov.au/visas/getting-a-visa/visa-listing/temporary-activity-408,G7-006,Confirmed,,Fixed,,Done,
647,Other Visas & Citizenship,temporary-activity-408,https://www.nanakmigration.com.au/temporary-activity-408,The Short Answer,Incorrect eligibility,Medium,Stay lengths vary by stream from a few months up to 2 years.,"Stay lengths vary by stream from up to 3 months to up to 2 years, or up to 4 years in the Australian Government Endorsed Events stream.",Maximum stay ranges from 3 months (Invited Participant) to 4 years (Australian Government Endorsed Events).,https://immi.homeaffairs.gov.au/visas/getting-a-visa/visa-listing/temporary-activity-408,G7-007,Confirmed,,Fixed,,Done,
648,Other Visas & Citizenship,temporary-activity-408,https://www.nanakmigration.com.au/temporary-activity-408,Stay Lengths by Activity Stream - Entertainment work,Incorrect eligibility,Medium,Duration of the engagement (typically up to 12 months),Up to 2 years,Entertainment Activities stream allows a stay of up to 2 years.,https://immi.homeaffairs.gov.au/visas/getting-a-visa/visa-listing/temporary-activity-408/entertainment-activities,G7-008,Confirmed,,Fixed,,Done,
649,Other Visas & Citizenship,temporary-activity-408,https://www.nanakmigration.com.au/temporary-activity-408,Stay Lengths by Activity Stream - Sport and related,Incorrect eligibility,Medium,Duration of the sporting activity (typically weeks to months),Up to 2 years,Sporting Activities stream allows a stay of up to 2 years.,https://immi.homeaffairs.gov.au/visas/getting-a-visa/visa-listing/temporary-activity-408,G7-009,Confirmed,,Fixed,,Done,
650,Other Visas & Citizenship,temporary-activity-408,https://www.nanakmigration.com.au/temporary-activity-408,Stay Lengths by Activity Stream - Australian-government-endorsed,Incorrect eligibility,Medium,Duration of the approved program (up to 2 years),"For the duration of the event, or up to 4 years depending on circumstances",Australian Government Endorsed Events stream: duration of the event or up to 4 years.,https://immi.homeaffairs.gov.au/visas/getting-a-visa/visa-listing/temporary-activity-408,G7-010,Confirmed,,Fixed,,Done,
651,Other Visas & Citizenship,temporary-activity-408,https://www.nanakmigration.com.au/temporary-activity-408,Page header stamp,Other,Low,General information current as at August 2026.,"General information current as at October 2026. (Also update 'Figures current at August 2026', 'Last reviewed: July 2026' and the footer stamp.)",Page content corrected in October 2026.,https://immi.homeaffairs.gov.au/visas/getting-a-visa/visa-listing/temporary-activity-408,G7-011,Confirmed,,Fixed,Date stamp updated,Done,
652,Other Visas & Citizenship,training-visa-407,https://www.nanakmigration.com.au/training-visa-407,Visa Conditions and Limitations - Cannot Do,Compliance (OMARA),High,"Sponsor the visa holder as an employee - they are a trainee, not an employee, and employment law obligations differ from standard employment","Treat the training as unpaid - Home Affairs states that all work undertaken in Australia must be paid, and Australian minimum wage requirements apply (see the Fair Work Ombudsman)","Home Affairs: the 407 is not intended to fill workforce shortages, all work undertaken in Australia must be paid, and minimum wage information is on the Fair Work Ombudsman website.",https://immi.homeaffairs.gov.au/visas/getting-a-visa/visa-listing/training-407,G7-016,Confirmed,,Not fixed,Old text still visible on the live page,To do,
653,Other Visas & Citizenship,training-visa-407,https://www.nanakmigration.com.au/training-visa-407,Visa Conditions and Limitations - Condition box,Wrong legal reference,Medium,Subclass 407 visa holders are typically subject to Condition 8543 (or a similar condition) requiring them to remain employed by and work only for the approved sponsor in the approved training activity.,"Subclass 407 visa holders are subject to Condition 8102, which means they must not work in Australia other than in relation to the approved training. Changing sponsor or training program requires a new nomination (and, if the program changes, a new visa). (Change the box heading to 'Condition 8102 - work only in the approved training'.)","Home Affairs lists 407 conditions as 8102 (not work other than in relation to study or training), 8502, 8522 and 8526. Condition 8543 is not listed.",https://immi.homeaffairs.gov.au/visas/already-have-a-visa/check-visa-details-and-conditions/see-your-visa-conditions?product=407,G7-012,Confirmed,,Fixed,,Done,
654,Other Visas & Citizenship,training-visa-407,https://www.nanakmigration.com.au/training-visa-407,FAQ - Can I work while on a subclass 407 visa?,Wrong legal reference,Medium,"If your visa includes Condition 8543, you must work only for the approved sponsor in the approved training.","Condition 8102 applies, so you must not work other than in relation to your approved training with your approved sponsor.","The 407 work condition is 8102, not 8543.",https://immi.homeaffairs.gov.au/visas/already-have-a-visa/check-visa-details-and-conditions/see-your-visa-conditions?product=407,G7-013,Confirmed,,Schema not updated,"Old wording removed from the visible page, but it is still in the FAQ schema / page code that Google reads",To do,
655,Other Visas & Citizenship,training-visa-407,https://www.nanakmigration.com.au/training-visa-407,Approved Training Activity Types - Type 3,Incorrect eligibility,Medium,"Includes programs such as those run under the Australia Awards, Pacific Australia Labour Mobility scheme components, and similar","Includes overseas qualification, government-supported and professional development training programs","PALM scheme workers come under the subclass 403 Pacific Australia Labour Mobility stream, not the 407. Home Affairs describes capacity-building training as including overseas qualification, government support or professional development.",https://immi.homeaffairs.gov.au/visas/getting-a-visa/visa-listing/temporary-work-403 ; https://immi.homeaffairs.gov.au/visas/getting-a-visa/visa-listing/training-407,G7-015,Confirmed,,Fixed,,Done,
656,Other Visas & Citizenship,training-visa-407,https://www.nanakmigration.com.au/training-visa-407,Page intro,Incorrect eligibility,Medium,"undertake occupational training in a workplace, study for tertiary qualifications, or participate in a professional development program","take part in workplace-based occupational training to improve their skills for their job, area of tertiary study or field of expertise, or to take part in a professional development training program",The 407 is for workplace-based occupational training; it is not a visa to study for tertiary qualifications.,https://immi.homeaffairs.gov.au/visas/getting-a-visa/visa-listing/training-407,G7-017,Confirmed,,Fixed,,Done,
657,Other Visas & Citizenship,training-visa-407,https://www.nanakmigration.com.au/training-visa-407,Visa Conditions and Limitations - Can Do,Wrong legal reference,Low,Perform work as part of the approved training program (Condition 8543 or similar - confirm on DoHA),Perform work as part of the approved training program (Condition 8102),The 407 work condition is 8102.,https://immi.homeaffairs.gov.au/visas/already-have-a-visa/check-visa-details-and-conditions/see-your-visa-conditions?product=407,G7-014,Confirmed,,Partly fixed,New text added but the old text is still on the page (both versions showing),To do,
658,Other Visas & Citizenship,training-visa-407,https://www.nanakmigration.com.au/training-visa-407,Visa Application Charge,Outdated law/terminology,Low,There is no Skills in Demand levy (SAF levy) requirement for the 407,There is no Skilling Australians Fund (SAF) levy for the 407,SAF stands for Skilling Australians Fund levy; it is not called the Skills in Demand levy.,https://immi.homeaffairs.gov.au/visas/getting-a-visa/visa-listing/training-407,G7-018,LEGEND-checked,"Approve as proposed - Migration Act 1958 s 140ZM (nomination training contribution charge applies only to nominations of a kind prescribed by the regulations); Migration Regulations 1994 reg 5.42 (prescribes nominations under s 140GB(1)(b) for Subclass 457, 482 (Skills in Demand / Temporary Skill Shortage) and 494 holders/applicants, and Subclass 186 and 187 visas only - Subclass 407 is not prescribed). Charge imposed by the Migration (Skilling Australians Fund) Charges Act 2018 (s 7). LEGEND stack 02-10-2026.",Not fixed,Old text still visible on the live page,Query with RMA,
659,Other Visas & Citizenship,training-visa-407,https://www.nanakmigration.com.au/training-visa-407,Key facts - Up to 2 years card,Incorrect eligibility,Low,Stay is limited to the approved training period. Extensions may be possible if training requirements are not yet complete.,"Stay is limited to the approved training period. The visa cannot be extended - if more time is needed, a new nomination and a new visa application are required.",Home Affairs: you can't stay in Australia longer by extending this visa; you can apply for another visa.,https://immi.homeaffairs.gov.au/visas/getting-a-visa/visa-listing/training-407,G7-019,Confirmed,,Fixed,,Done,
660,Other Visas & Citizenship,training-visa-407,https://www.nanakmigration.com.au/training-visa-407,Page header stamp,Other,Low,General information current as at August 2026.,"General information current as at October 2026. (Also update 'Figures current at August 2026', 'Last reviewed: July 2026' and the footer stamp.)",Page content corrected in October 2026.,https://immi.homeaffairs.gov.au/visas/getting-a-visa/visa-listing/training-407,G7-020,Confirmed,,Fixed,Date stamp updated,Done,
661,Reviews & Complex,art-review,https://www.nanakmigration.com.au/art-review,Quick Answer,Wrong legal reference,High,Time limits apply - in most cases you have 21 days from the date of the decision to lodge an application.,"Time limits apply - in most cases you have 28 days after you are notified of the decision to lodge an application (14 days if you are in immigration detention, and 9 days for a character decision under section 501 if you are in Australia). The Tribunal cannot extend these time limits.",Part 5/7 ART applications must be made within 28 days after notification (14 days if in detention); s 501/501CA decisions for persons in the migration zone: 9 days; no extension.,"https://www.legislation.gov.au/C1958A00062/latest/text (s 347(3): 14 days if in immigration detention, otherwise 28 days after notification; s 500(6B): 9 days for s 501/501CA decisions, person in migration zone)",G8-001,Confirmed,,Not fixed,Old text still visible on the live page,To do,
662,Reviews & Complex,art-review,https://www.nanakmigration.com.au/art-review,"Service schema (JSON-LD description, page source)",Wrong legal reference,High,A 21-day lodgement deadline generally applies.,"A 28-day lodgement deadline generally applies (14 days in immigration detention, 9 days for onshore section 501 character decisions).","Standard deadline is 28 days after notification, not 21 days.","https://www.legislation.gov.au/C1958A00062/latest/text (s 347(3): 14 days if in immigration detention, otherwise 28 days after notification; s 500(6B): 9 days for s 501/501CA decisions, person in migration zone)",G8-002,Confirmed,,Schema not updated,"Visible text corrected, but the old text is still in the page FAQ schema / page code that Google reads",To do,
663,Reviews & Complex,art-review,https://www.nanakmigration.com.au/art-review,Critical Facts table - Deemed notification,Wrong legal reference,High,Usually 3 working days after DHA sends letter,Email or ImmiAccount: end of the day it is sent. Post within Australia: 7 working days after the date of the letter. Check your letter.,Under s 494C a document sent by email/electronic means or made available in an online account is received at the end of the day it is sent; prepaid post within Australia is received 7 working days after the date of the document (21 days in other cases).,https://www.legislation.gov.au/C1958A00062/latest/text (s 494C),G8-003,Confirmed,,Fixed,,Done,
664,Reviews & Complex,art-review,https://www.nanakmigration.com.au/art-review,Deadline Calculator - How did DHA notify you?,Wrong legal reference,High,+3 days deemed receipt,Received at the end of the day it was sent (no extra days),"Email/ImmiAccount notification is taken to be received at the end of the day it is transmitted or made available (s 494C(5),(6)); the calculator overstates the deadline by 3 days, which could cause a late, invalid application.",https://www.legislation.gov.au/C1958A00062/latest/text (s 494C),G8-004,Confirmed,,Not fixed,Old text still visible on the live page,To do,
665,Reviews & Complex,art-review,https://www.nanakmigration.com.au/art-review,Review Rights by Visa Type - Protection visa refusals (also calculator option and Critical Facts),Wrong legal reference,High,35 calendar days from deemed notification.,28 days after you are notified of the decision (14 days if you are in immigration detention). Non-extendable. (Also change the calculator option 'Protection visa refusals 35 days' and the Time Limit cell to 28 days.),"Since the ART commenced, protection (refugee) review applications have the same 28-day limit as other Part 5 reviews (s 347(3) covers reviewable migration and reviewable protection decisions).","https://www.legislation.gov.au/C1958A00062/latest/text (s 347(3): 14 days if in immigration detention, otherwise 28 days after notification; s 500(6B): 9 days for s 501/501CA decisions, person in migration zone)",G8-006,Confirmed,,Fixed,Reworded - key figures confirmed on page,Done,
666,Reviews & Complex,art-review,https://www.nanakmigration.com.au/art-review,Review Rights by Visa Type - Character cancellations (s501) (also calculator option),Wrong legal reference,High,Mandatory and discretionary cancellations under s501 - separate ART jurisdiction.,"Delegate decisions under section 501, and decisions not to revoke a mandatory cancellation (s501CA), can be reviewed at the ART. If you are in Australia the application must be lodged within 9 days of being notified. Decisions made personally by the Minister are not reviewable at the ART. (Change the Time Limit cell and calculator option from 28 days to 9 days.)",s 500(6B): ART application for a s 501 or s 501CA(4) decision relating to a person in the migration zone must be lodged within 9 days after notification; not 28 days.,https://www.legislation.gov.au/C1958A00062/latest/text (s 500(6B)),G8-007,Confirmed,,Not fixed,Old text still visible on the live page,To do,
667,Reviews & Complex,art-review,https://www.nanakmigration.com.au/art-review,Review Rights by Visa Type - Offshore refusals,Incorrect eligibility,High,"Offshore refusals are generally not reviewable at the ART. Options may include re-application, ministerial intervention or judicial review.","Many offshore refusals are reviewable. If the visa required sponsorship or nomination by an Australian citizen, permanent resident, eligible New Zealand citizen or an Australian business (for example a Partner 309 refusal), the sponsor or nominator can apply to the ART within 28 days. Offshore refusals with no Australian sponsor or nominator are generally not reviewable.","s 338(5): refusal of an offshore visa where the applicant was sponsored or nominated by an Australian citizen, PR, eligible NZ citizen or Australian company/partnership is a reviewable migration decision (the sponsor applies). Ministerial intervention needs a tribunal decision first.",https://www.legislation.gov.au/C1958A00062/latest/text (s 338(5)) ; https://immi.homeaffairs.gov.au/what-we-do/status-resolution-service/ministerial-intervention,G8-008,Confirmed,,Fixed,,Done,
668,Reviews & Complex,art-review,https://www.nanakmigration.com.au/art-review,FAQ - Is my bridging visa affected by a refusal?,Incorrect eligibility,High,"If you lodge a valid ART application, a Bridging Visa B (BVB) activates, allowing you to remain in Australia while the review is pending.","If you lodge a valid ART application, the Bridging Visa A (or other bridging visa) granted with your visa application generally stays in effect until 35 days after the ART makes its decision. A Bridging Visa B is a separate visa you must apply for if you need to travel.",Under clause 010.511 the BVA continues in effect until 35 days after the ART decision if review is sought; no BVB 'activates' on lodgement (BVB is a separate travel bridging visa).,"https://www.legislation.gov.au/F1996B03551/latest/text (Migration Regulations 1994, Compilation No. 288, 1 July 2026) (Sch 2 cl 010.511)",G8-010,Confirmed,,Schema not updated,"Old wording removed from the visible page, but it is still in the FAQ schema / page code that Google reads",To do,
669,Reviews & Complex,art-review,https://www.nanakmigration.com.au/art-review,Critical Facts table - Bridging visa on lodgement?,Incorrect eligibility,High,BVB activates if validly lodged onshore,Existing bridging visa (usually BVA) continues while the review is pending,BVA continues in effect until 35 days after the ART decision (cl 010.511).,"https://www.legislation.gov.au/F1996B03551/latest/text (Migration Regulations 1994, Compilation No. 288, 1 July 2026) (Sch 2 cl 010.511)",G8-011,Confirmed,,Fixed,,Done,
670,Reviews & Complex,art-review,https://www.nanakmigration.com.au/art-review,The ART Review Process - step 03,Incorrect eligibility,High,A bridging visa (BVB) activates upon valid lodgement if you are onshore.,"If you are onshore, the bridging visa you already hold (usually a Bridging Visa A) generally stays in effect while the review is pending.",BVA continues in effect until 35 days after the ART decision (cl 010.511).,"https://www.legislation.gov.au/F1996B03551/latest/text (Migration Regulations 1994, Compilation No. 288, 1 July 2026) (Sch 2 cl 010.511)",G8-012,Confirmed,,Fixed,,Done,
671,Reviews & Complex,art-review,https://www.nanakmigration.com.au/art-review,Deadline Calculator - How did DHA notify you?,Wrong legal reference,Medium,+7 days deemed receipt,+7 working days deemed receipt (post sent within Australia; 21 days if posted from or to an overseas address),Prepaid post within Australia is received 7 working days after the date of the document; other post 21 days (s 494C(4)).,https://www.legislation.gov.au/C1958A00062/latest/text (s 494C),G8-005,Confirmed,,Not fixed,Old text still visible on the live page,To do,
672,Reviews & Complex,art-review,https://www.nanakmigration.com.au/art-review,Review Rights by Visa Type - Visitor / tourist refusals (and FAQ),Incorrect eligibility,Medium,Visitor visa decisions are generally not reviewable at the ART (they are merits-review excluded).,"Some visitor visa refusals can be reviewed by the ART. If you applied in Australia, a refusal is generally reviewable, as long as the decision was not made while you were in immigration clearance and you are still in Australia when you apply for review. If you applied from outside Australia, a refusal is only reviewable where you were coming to visit an Australian citizen or permanent resident parent, spouse, de facto partner, child, brother or sister whose details were included in your application. In that case the relative applies to the ART. Check your refusal letter, which states whether review is available and the time limit.",s 338(7) makes an offshore visa refusal reviewable where a criterion is that the applicant intends to visit a listed Australian citizen/PR relative and the relative's particulars are in the application.,https://www.legislation.gov.au/C1958A00062/latest/text (s 338(7)),G8-009,LEGEND-checked,"Approve with amendment - Migration Act 1958 s 338(2) (refusal of a visa that can be granted in the migration zone, applied for in the migration zone, not decided in immigration clearance, other than s 501 decisions, is reviewable); s 338(7) (offshore refusal reviewable where a criterion is intention to visit an Australian citizen/PR parent, spouse, de facto partner, child, brother or sister and the relative's particulars are in the application); s 347A(1)(c) (relative applies for s 338(7) decisions); s 347A(2) (applicant must be in the migration zone for s 338(2) decisions). Migration Regulations 1994 Sch 2 cl 600.221(a) (Tourist stream) and cl 600.231(a) (Sponsored Family stream) contain the visit-a-relative criterion; cl 600.412 (offshore applicants must be outside Australia at grant). LEGEND stack 02-10-2026.",Not fixed,Old text still visible on the live page,Query with RMA,
673,Reviews & Complex,art-review,https://www.nanakmigration.com.au/art-review,The ART Review Process - step 05 Hearing (If Listed),Missing material update,Medium,"Some cases are decided on documents alone. Others proceed to a hearing - in person, by video or by phone.","Some cases are decided on documents alone. Others proceed to a hearing - in person, by video or by phone. From 1 June 2026, most student visa refusal reviews must be decided on the papers without a hearing, so your written submissions and evidence are critical. Exceptions apply, for example where the refusal relied on certain public interest criteria such as PIC 4020.","From 1 June 2026 the ART must decide most student visa refusal reviews without an oral hearing (s 367C and reg 4.18, inserted by F2026L00640); refusals based on PICs 4001, 4003B, 4007, 4010, 4013, 4014, 4017, 4018, 4020 or a special return criterion are excluded.","https://www.art.gov.au/about/news-and-updates/changes-conduct-student-visa-reviews ; https://www.legislation.gov.au/F1996B03551/latest/text (Migration Regulations 1994, Compilation No. 288, 1 July 2026) reg 4.18",G8-013,Confirmed,,Not fixed,Old text still visible on the live page,To do,
674,Reviews & Complex,art-review,https://www.nanakmigration.com.au/art-review,FAQ - Can the ART deadline be extended?,Incorrect eligibility,Medium,"If you have missed the deadline, options are limited to re-application or (in some cases) Ministerial Intervention.","If you have missed the deadline, options are usually limited to a new application (if the section 48 bar or other restrictions allow it) or leaving Australia and applying offshore. Ministerial Intervention is not available unless a review tribunal has made a decision on your case.",Home Affairs: the Minister's powers are not available if there is no review decision by a merits review tribunal.,https://immi.homeaffairs.gov.au/what-we-do/status-resolution-service/ministerial-intervention,G8-014,Confirmed,,Schema not updated,"Old wording removed from the visible page, but it is still in the FAQ schema / page code that Google reads",To do,
675,Reviews & Complex,art-review,https://www.nanakmigration.com.au/art-review,The ART Review Process - step 06 Decision,Outdated law/terminology,Low,Federal Circuit Court judicial review may be available,judicial review in the Federal Circuit and Family Court of Australia may be available,The court is now the Federal Circuit and Family Court of Australia (Division 2) (Migration Act s 476); the page's own FAQ already uses the correct name.,https://www.legislation.gov.au/C1958A00062/latest/text (s 476),G8-015,Confirmed,,Fixed,,Done,
676,Reviews & Complex,art-review,https://www.nanakmigration.com.au/art-review,Page header and footer date stamps,Other,Low,General information current as at August 2026.,"General information current as at October 2026. (Also update 'Information current as at August 2026', 'Content current as at July 2026' and 'Last reviewed: July 2026' on this page to October 2026 once the corrections are made.)","Page content has been corrected, so the currency stamps should show October 2026.",n/a - follows audit rule for corrected pages,G8-016,Confirmed,,Fixed,Date stamp updated,Done,
677,Reviews & Complex,health-waiver,https://www.nanakmigration.com.au/health-waiver,FAQ - What is PIC 4007 and which visas use it?,Wrong legal reference,High,"some employer-sponsored visas, regional visas (494, 491), and protection visas.",employer-sponsored visas such as the 482 and 494 (and some 186 streams).,Subclass 491 requires PIC 4005 (cl 491.211) and Subclass 866 Protection does not include PIC 4005 or 4007 (cl 866.225 lists PICs 4001 and 4003A); 494 uses 4007 (cl 494.221).,"https://www.legislation.gov.au/F1996B03551/latest/text (Migration Regulations 1994, Compilation No. 288, 1 July 2026) (Sch 2 cl 491.211, 494.221; cl 866.225)",G8-089,Confirmed,,Schema not updated,"Old wording removed from the visible page, but it is still in the FAQ schema / page code that Google reads",To do,
678,Reviews & Complex,health-waiver,https://www.nanakmigration.com.au/health-waiver,FAQ - What is PIC 4007 and which visas use it?,Wrong legal reference,Medium,"Not all visa classes use PIC 4007 - most skilled and employer-sponsored visa classes use PIC 4005, which has no waiver.","Not all visa classes use PIC 4007 - most points-tested skilled visas (189, 190, 491), student, visitor and graduate visas use PIC 4005, which has no waiver. Employer-sponsored visas such as the 482 and 494, and some 186 streams, use PIC 4007.","Subclass 482 (cl 482.217) and 494 (cl 494.221) include PIC 4007, as do some 186 streams (cl 186.224); 190 uses PIC 4005 (cl 190.216).","https://www.legislation.gov.au/F1996B03551/latest/text (Migration Regulations 1994, Compilation No. 288, 1 July 2026) (Sch 2)",G8-090,Confirmed,,Schema not updated,"Old wording removed from the visible page, but it is still in the FAQ schema / page code that Google reads",To do,
679,Reviews & Complex,health-waiver,https://www.nanakmigration.com.au/health-waiver,PIC 4005 vs PIC 4007 - PIC 4007 list,Wrong legal reference,Medium,Protection Visa (866),Delete this line - protection visas do not use PIC 4007.,Subclass 866 does not include PIC 4007 (cl 866.225: PICs 4001 and 4003A); health for protection visas is dealt with separately.,"https://www.legislation.gov.au/F1996B03551/latest/text (Migration Regulations 1994, Compilation No. 288, 1 July 2026) (Sch 2 cl 866.225)",G8-091,Confirmed,,Fixed,Reworded - key figures confirmed on page,Done,
680,Reviews & Complex,health-waiver,https://www.nanakmigration.com.au/health-waiver,PIC 4005 vs PIC 4007 - PIC 4007 list,Wrong legal reference,Medium,Carer Visa (116/836),Skills in Demand (482),"Carer visas 116 and 836 require PIC 4005 (cl 116.223, 836.223), so no health waiver is available; move them to the PIC 4005 list.","https://www.legislation.gov.au/F1996B03551/latest/text (Migration Regulations 1994, Compilation No. 288, 1 July 2026) (Sch 2 cl 116.223, 836.223)",G8-092,Confirmed,,Fixed,,Done,
681,Reviews & Complex,health-waiver,https://www.nanakmigration.com.au/health-waiver,The PIC 4007 Waiver Test - 03 Relevant factors,Wrong legal reference,Medium,The regulations direct the decision-maker to consider specific factors including,The regulations require that the applicant meets all other criteria and that the grant would be unlikely to result in undue cost or undue prejudice. In practice the Department considers factors including,"PIC 4007(2) only requires that all other criteria are met and that grant is unlikely to result in undue cost or undue prejudice; the listed factors are departmental practice, not regulation.","https://www.legislation.gov.au/F1996B03551/latest/text (Migration Regulations 1994, Compilation No. 288, 1 July 2026) (Sch 4 cl 4007(2)) ; https://immi.homeaffairs.gov.au/help-support/meeting-our-requirements/health/health-waiver",G8-093,Confirmed,,Fixed,,Done,
682,Reviews & Complex,health-waiver,https://www.nanakmigration.com.au/health-waiver,Key facts - Waiver discretion card,Missing material update,Low,"Even after a negative health opinion, a decision-maker can waive PIC 4007","Even after a negative health opinion, a decision-maker can waive PIC 4007 (except where the applicant has active tuberculosis or a condition that is a threat to public health)",Home Affairs: a health waiver cannot be exercised for active TB or a condition that may pose a danger to the community or a threat to public health.,https://immi.homeaffairs.gov.au/help-support/meeting-our-requirements/health/health-waiver,G8-094,Confirmed,,Fixed,,Done,
683,Reviews & Complex,health-waiver,https://www.nanakmigration.com.au/health-waiver,PIC 4005 vs PIC 4007 - PIC 4005 list,Outdated law/terminology,Low,Business Innovation (188),DELETE this text. Delete the 'Business Innovation (188)' list item from the PIC 4005 list. Do not add 'Skilled Work Regional (491)' - it is already in the list.,The 188 Business Innovation and Investment program is closed to new applications; remove it from the example list (491 already appears; replace with another current 4005 visa or delete the line).,"https://www.legislation.gov.au/F1996B03551/latest/text (Migration Regulations 1994, Compilation No. 288, 1 July 2026) (Sch 2 cl 491.211)",G8-095,LEGEND-checked,"Remove the sentence - Migration Regulations 1994 Sch 1 item 1202B(4) item 4, (6) item 4, (6A) and (6D): new applications in the Business Innovation, Investor, Significant Investor and Entrepreneur streams of Subclass 188 had to be made before 31 July 2024. Item 1202B(5) and (6B): the Business Innovation Extension and Significant Investor Extension streams remain open only to existing 188 holders. LEGEND stack 02-10-2026.",Partly fixed,New text added but the old text is still on the page (both versions showing),Query with RMA,
684,Reviews & Complex,health-waiver,https://www.nanakmigration.com.au/health-waiver,Page header and footer date stamps,Other,Low,General information current as at August 2026.,"General information current as at October 2026. (Also update 'Information current as at August 2026', 'Content current as at July 2026' and 'Last reviewed: July 2026' on this page to October 2026 once the corrections are made.)","Page content has been corrected, so the currency stamps should show October 2026.",n/a - follows audit rule for corrected pages,G8-096,Confirmed,,Fixed,Date stamp updated,Done,
685,Reviews & Complex,ministerial-intervention,https://www.nanakmigration.com.au/ministerial-intervention,FAQ - What section of the Migration Act covers Ministerial intervention?,Outdated law/terminology,High,Section 417 applies where the case has been decided by the ART (Refugee Review - Migration & Refugee Division) and the tribunal has affirmed a refusal.,Section 417 has been repealed. The current powers are section 351 and section 501J. The Minister can still use section 351 in cases where section 417 was previously enlivened by an earlier tribunal decision.,"Home Affairs: 'Although section 417 of the Act has been repealed, the minister can still exercise their power under section 351'.",https://immi.homeaffairs.gov.au/what-we-do/status-resolution-service/ministerial-intervention,G8-050,Confirmed,,Schema not updated,"Old wording removed from the visible page, but it is still in the FAQ schema / page code that Google reads",To do,
686,Reviews & Complex,ministerial-intervention,https://www.nanakmigration.com.au/ministerial-intervention,FAQ - What section of the Migration Act covers Ministerial intervention?,Incorrect eligibility,High,Section 351 applies where the Minister is considering a case after a decision to refuse or cancel a visa (including cases that have not yet gone to the ART).,Section 351 applies only after a merits review tribunal (the ART or the former AAT) has made a decision on your case.,Home Affairs: 'You must have a decision from a review tribunal before the minister can exercise Ministerial Intervention'; powers are not available if there is no review decision.,https://immi.homeaffairs.gov.au/what-we-do/status-resolution-service/ministerial-intervention,G8-051,Confirmed,,Schema not updated,"Old wording removed from the visible page, but it is still in the FAQ schema / page code that Google reads",To do,
687,Reviews & Complex,ministerial-intervention,https://www.nanakmigration.com.au/ministerial-intervention,Understanding Ministerial Intervention,Incorrect eligibility,High,The two main provisions are section 351 (which applies in a broader range of cases including some that have not yet gone to tribunal) and section 417 (which applies after a tribunal decision in a protection-related case).,"The two provisions are section 351 and section 501J. Both apply only after a merits review tribunal has made a decision on the case. Section 417 has been repealed, but section 351 can be used where section 417 was previously enlivened.",Current powers: s 351 and s 501J; tribunal decision required; s 417 repealed.,https://immi.homeaffairs.gov.au/what-we-do/status-resolution-service/ministerial-intervention,G8-052,Confirmed,,Fixed,,Done,
688,Reviews & Complex,ministerial-intervention,https://www.nanakmigration.com.au/ministerial-intervention,The Public Interest Guidelines,Outdated law/terminology,High,The Minister has issued public guidelines describing the categories of cases they are prepared to consider. These are not exhaustive and are subject to change by each new Minister.,"The Minister issued new Ministerial Instructions under sections 351 and 501J on 4 September 2025 (amended 17 September 2025). They replace the Minister's Guidelines of 11 March 2016. The Department refers a request only if the power is enlivened, the request is properly made, it is not 'inappropriate to refer' (section 12), and it meets one of the criteria in section 13 of the Instructions. The Department does not assess 'unique or exceptional circumstances'. Requests from people who may be eligible to apply for a Partner visa are finalised without referral.","Home Affairs: new Ministerial Instructions (4 Sep 2025, amended 17 Sep 2025) replace the 2016 Guidelines; referral depends on 4 conditions including s 13 criteria; Department cannot assess 'unique or exceptional circumstances'; partner-eligible requests are inappropriate to refer.",https://immi.homeaffairs.gov.au/what-we-do/status-resolution-service/ministerial-intervention ; https://immi.homeaffairs.gov.au/what-we-do/status-resolution-service/ministerial-intervention/how-we-assess,G8-054,Confirmed,,Fixed,,Done,
689,Reviews & Complex,ministerial-intervention,https://www.nanakmigration.com.au/ministerial-intervention,FAQ - What are the 'unique and exceptional circumstances' guidelines?,Outdated law/terminology,High,The Minister for Immigration has issued public interest guidelines describing the kinds of cases in which they are prepared to consider exercising the Ministerial intervention power.,"The 2016 Minister's Guidelines have been replaced by Ministerial Instructions under sections 351 and 501J (4 September 2025, amended 17 September 2025). A request is referred to the Minister only if it meets one of the criteria in section 13 of the Instructions and is not inappropriate to refer under section 12. Check the current Instructions on the Home Affairs website before preparing a request.",2016 Guidelines replaced by 2025 Ministerial Instructions with section 13 referral criteria.,https://immi.homeaffairs.gov.au/what-we-do/status-resolution-service/ministerial-intervention ; https://immi.homeaffairs.gov.au/what-we-do/status-resolution-service/ministerial-intervention/how-we-assess,G8-055,Confirmed,,Schema not updated,"Old wording removed from the visible page, but it is still in the FAQ schema / page code that Google reads",To do,
690,Reviews & Complex,ministerial-intervention,https://www.nanakmigration.com.au/ministerial-intervention,Page heading (also page title and schema name),Outdated law/terminology,Medium,Ministerial Intervention Sections 351 and 417 Requests,Ministerial Intervention Sections 351 and 501J Requests,Section 417 has been repealed; the Minister's public interest powers are now in s 351 and s 501J (s 351 can be used for cases that previously enlivened s 417).,https://immi.homeaffairs.gov.au/what-we-do/status-resolution-service/ministerial-intervention,G8-049,Confirmed,,Not fixed,Old text still visible on the live page,To do,
691,Reviews & Complex,ministerial-intervention,https://www.nanakmigration.com.au/ministerial-intervention,Understanding Ministerial Intervention - Section 417 card,Outdated law/terminology,Medium,Applies to cases involving a decision of the ART (previously Refugee Review Tribunal) on a protection visa application.,Section 501J: applies to protection visa cases decided by a merits review tribunal. (Section 417 has been repealed.),s 417 repealed; s 501J is the second current power.,https://immi.homeaffairs.gov.au/what-we-do/status-resolution-service/ministerial-intervention,G8-053,Confirmed,,Fixed,,Done,
692,Reviews & Complex,ministerial-intervention,https://www.nanakmigration.com.au/ministerial-intervention,The Short Answer,Outdated law/terminology,Medium,"Requests should be based on unique and exceptional circumstances - compelling compassion, Australian family ties, or exceptional benefit to Australia",Requests must address the specific referral criteria in section 13 of the Ministerial Instructions issued in September 2025,"Department now assesses against s 13 criteria, not 'unique or exceptional circumstances'.",https://immi.homeaffairs.gov.au/what-we-do/status-resolution-service/ministerial-intervention/how-we-assess,G8-056,Confirmed,,Not fixed,Old text still visible on the live page,To do,
693,Reviews & Complex,ministerial-intervention,https://www.nanakmigration.com.au/ministerial-intervention,The Process - step 05,Outdated law/terminology,Medium,Submit the Ministerial intervention request to the Department's Ministerial Intervention Unit along with all supporting documents. Requests are submitted under section 351 (visa refusal/cancellation) or section 417 (after an ART decision) depending on the circumstances.,"Submit the request in writing using the online form on the Contact the Minister page, or by post to the Minister for Immigration and Citizenship, PO Box 6022, House of Representatives, Parliament House, Canberra ACT 2600. The request must state which power it relies on (section 351 or 501J), the tribunal decision, and which section 13 criteria apply, with certified supporting documents.","Home Affairs: lodge via Contact the Minister online form or post; request must specify power, tribunal decision and s 13 criteria.",https://immi.homeaffairs.gov.au/what-we-do/status-resolution-service/ministerial-intervention,G8-057,Confirmed,,Fixed,,Done,
694,Reviews & Complex,ministerial-intervention,https://www.nanakmigration.com.au/ministerial-intervention,Page header and footer date stamps,Other,Low,General information current as at August 2026.,"General information current as at October 2026. (Also update 'Information current as at August 2026', 'Content current as at July 2026' and 'Last reviewed: July 2026' on this page to October 2026 once the corrections are made.)","Page content has been corrected, so the currency stamps should show October 2026.",n/a - follows audit rule for corrected pages,G8-058,Confirmed,,Fixed,Date stamp updated,Done,
695,Reviews & Complex,natural-justice-s57,https://www.nanakmigration.com.au/natural-justice-s57,FAQ - If the Department found a document I submitted is not genuine,Wrong legal reference,High,can result in a finding under PIC 4020 that carries a 10-year exclusion,"can result in a refusal under PIC 4020, which generally prevents the grant of many visas for 3 years (10 years where the refusal is because your identity could not be established)",PIC 4020(2): 3-year bar for bogus document/false information refusals; 10-year bar (4020(2B)) only for identity refusals under 4020(2A).,"https://www.legislation.gov.au/F1996B03551/latest/text (Migration Regulations 1994, Compilation No. 288, 1 July 2026) (Sch 4 cl 4020)",G8-043,Confirmed,,Schema not updated,"Old wording removed from the visible page, but it is still in the FAQ schema / page code that Google reads",To do,
696,Reviews & Complex,natural-justice-s57,https://www.nanakmigration.com.au/natural-justice-s57,Key facts - PIC 4020 risk card,Wrong legal reference,High,A positive PIC 4020 finding can result in refusal and a 10-year exclusion period.,A PIC 4020 finding can result in refusal and a 3-year bar on many visas (10 years where identity is not established).,3-year bar for false information/bogus documents; 10 years only for identity.,"https://www.legislation.gov.au/F1996B03551/latest/text (Migration Regulations 1994, Compilation No. 288, 1 July 2026) (Sch 4 cl 4020)",G8-044,Confirmed,,Fixed,,Done,
697,Reviews & Complex,natural-justice-s57,https://www.nanakmigration.com.au/natural-justice-s57,How to Respond - 05 Do not maintain a false claim,Wrong legal reference,High,is likely to result in a PIC 4020 finding and a 10-year exclusion,is likely to result in a PIC 4020 refusal and a 3-year bar on many visas,3-year bar for false information/bogus documents under PIC 4020(2).,"https://www.legislation.gov.au/F1996B03551/latest/text (Migration Regulations 1994, Compilation No. 288, 1 July 2026) (Sch 4 cl 4020)",G8-045,Confirmed,,Fixed,,Done,
698,Reviews & Complex,natural-justice-s57,https://www.nanakmigration.com.au/natural-justice-s57,What a Section 57 Letter Can Signal - PIC 4020,Wrong legal reference,High,A PIC 4020 finding can result in refusal and a 10-year exclusion period for the applicant (and can affect associated applicants).,A PIC 4020 finding can result in refusal and a 3-year bar on many visas for the applicant and members of their family unit (10 years where the refusal is because identity was not established).,"PIC 4020(2) and (2B) apply to the applicant and family unit members; 3 years generally, 10 years for identity.","https://www.legislation.gov.au/F1996B03551/latest/text (Migration Regulations 1994, Compilation No. 288, 1 July 2026) (Sch 4 cl 4020)",G8-046,Confirmed,,Fixed,,Done,
699,Reviews & Complex,natural-justice-s57,https://www.nanakmigration.com.au/natural-justice-s57,FAQ - What information counts as 'adverse information',Wrong legal reference,Medium,The Migration Act and Regulations define adverse information as information that,"Section 57 of the Migration Act deals with 'relevant information', which is information (other than non-disclosable information) that the Department considers would be the reason, or part of the reason, for refusing the visa, that is specifically about the applicant or another person, and that was not given by the applicant for the purpose of the application. In practice this commonly includes","s 57(1) defines 'relevant information' by those three elements; the Act and Regulations do not define 'adverse information' or use a 'credible, relevant and significant' test.",https://www.legislation.gov.au/C1958A00062/latest/text (s 57),G8-041,Confirmed,,Schema not updated,"Old wording removed from the visible page, but it is still in the FAQ schema / page code that Google reads",To do,
700,Reviews & Complex,natural-justice-s57,https://www.nanakmigration.com.au/natural-justice-s57,Response Timeframes - When does the clock start?,Wrong legal reference,Medium,"typically 3 days for domestic post, or the date of receipt if by email or in person","7 working days after the date of the letter if posted within Australia, the end of the day it was sent if by email or ImmiAccount, or when handed to you if given in person",s 494C: prepaid post within Australia - 7 working days after the date of the document; email/online account - end of the day sent; by hand - when handed over.,https://www.legislation.gov.au/C1958A00062/latest/text (s 494C),G8-042,Confirmed,,Fixed,,Done,
701,Reviews & Complex,natural-justice-s57,https://www.nanakmigration.com.au/natural-justice-s57,Related Pages - PIC 4020 link card,Wrong legal reference,Medium,The integrity criterion - how misrepresentation findings arise and the 10-year exclusion.,The integrity criterion - how misrepresentation findings arise and the 3-year and 10-year bars.,3-year bar is the standard PIC 4020 consequence.,"https://www.legislation.gov.au/F1996B03551/latest/text (Migration Regulations 1994, Compilation No. 288, 1 July 2026) (Sch 4 cl 4020)",G8-047,Confirmed,,Partly fixed,New text added but the old text is still on the page (both versions showing),To do,
702,Reviews & Complex,natural-justice-s57,https://www.nanakmigration.com.au/natural-justice-s57,Page header and footer date stamps,Other,Low,General information current as at August 2026.,"General information current as at October 2026. (Also update 'Information current as at August 2026', 'Content current as at July 2026' and 'Last reviewed: July 2026' on this page to October 2026 once the corrections are made.)","Page content has been corrected, so the currency stamps should show October 2026.",n/a - follows audit rule for corrected pages,G8-048,Confirmed,,Fixed,Date stamp updated,Done,
703,Reviews & Complex,no-further-stay-8503,https://www.nanakmigration.com.au/no-further-stay-8503,Key facts - 8534 / 8535 card,Incorrect eligibility,Medium,Condition 8535 prevents work and study.,Condition 8535 limits onshore grants to a protection visa or a government-sponsored student visa.,Sch 8 cl 8535: holder not entitled to be granted a substantive visa other than a protection visa or a Student (Class TU) visa granted on the basis of Commonwealth or foreign government support.,"https://www.legislation.gov.au/F1996B03551/latest/text (Migration Regulations 1994, Compilation No. 288, 1 July 2026) (Sch 8 cl 8535)",G8-064,Confirmed,,Fixed,,Done,
704,Reviews & Complex,no-further-stay-8503,https://www.nanakmigration.com.au/no-further-stay-8503,What Condition 8503 Means,Incorrect eligibility,Medium,"and Condition 8535, which prevents work and study.","and Condition 8535, which limits onshore grants to a protection visa or a government-sponsored student visa.",Same as above.,"https://www.legislation.gov.au/F1996B03551/latest/text (Migration Regulations 1994, Compilation No. 288, 1 July 2026) (Sch 8 cl 8535)",G8-065,Confirmed,,Not fixed,Old text still visible on the live page,To do,
705,Reviews & Complex,no-further-stay-8503,https://www.nanakmigration.com.au/no-further-stay-8503,The two-part test - Part 2,Incorrect eligibility,Medium,The circumstances must have arisen after the visa was granted (or after the original application was made) and must not have been reasonably foreseeable at that time.,"Since the visa was granted, compelling and compassionate circumstances must have developed over which you had no control, and they must have resulted in a major change to your circumstances. If a waiver was refused before, the new circumstances must be substantially different.","Reg 2.05(4): circumstances must have developed since grant, be beyond the person's control and result in a major change; a repeat request needs substantially different circumstances.","https://www.legislation.gov.au/F1996B03551/latest/text (Migration Regulations 1994, Compilation No. 288, 1 July 2026) (reg 2.05(4))",G8-066,Confirmed,,Fixed,,Done,
706,Reviews & Complex,no-further-stay-8503,https://www.nanakmigration.com.au/no-further-stay-8503,The Short Answer,Missing material update,Medium,A waiver is available in genuinely compelling and compassionate circumstances - but only where those circumstances arose after the visa was granted and could not reasonably have been foreseen.,"A waiver may be granted where compelling and compassionate circumstances beyond your control have developed since the visa was granted and caused a major change in your circumstances. A waiver can also be granted where you genuinely intend to apply for certain skilled or employer-sponsored visas, including General Skilled Migration visas, 186, 191, 482 (Skills in Demand) and 494.","Reg 2.05(4AA): 8503 may also be waived if the holder genuinely intends to apply for a GSM, 186, 187, 188, 191, 482 (SID) or 494 visa.","https://www.legislation.gov.au/F1996B03551/latest/text (Migration Regulations 1994, Compilation No. 288, 1 July 2026) (reg 2.05(4AA))",G8-067,Confirmed,,Not fixed,Old text still visible on the live page,To do,
707,Reviews & Complex,no-further-stay-8503,https://www.nanakmigration.com.au/no-further-stay-8503,Page header and footer date stamps,Other,Low,General information current as at August 2026.,"General information current as at October 2026. (Also update 'Information current as at August 2026', 'Content current as at July 2026' and 'Last reviewed: July 2026' on this page to October 2026 once the corrections are made.)","Page content has been corrected, so the currency stamps should show October 2026.",n/a - follows audit rule for corrected pages,G8-068,Confirmed,,Fixed,Date stamp updated,Done,
708,Reviews & Complex,pic-4020,https://www.nanakmigration.com.au/pic-4020,Key facts - Waiver available card,Wrong legal reference,High,The waiver requires compelling circumstances affecting Australian interests OR compassionate or compelling circumstances affecting the applicant.,"The waiver requires compelling circumstances affecting the interests of Australia OR compassionate or compelling circumstances affecting the interests of an Australian citizen, permanent resident or eligible New Zealand citizen.","PIC 4020(4): waiver grounds are (a) compelling circumstances affecting the interests of Australia or (b) compassionate or compelling circumstances affecting the interests of an Australian citizen, PR or eligible NZ citizen - not the applicant.","https://www.legislation.gov.au/F1996B03551/latest/text (Migration Regulations 1994, Compilation No. 288, 1 July 2026) (Sch 4 cl 4020(4))",G8-080,Confirmed,,Fixed,,Done,
709,Reviews & Complex,pic-4020,https://www.nanakmigration.com.au/pic-4020,The PIC 4020 Waiver - Compassionate or compelling circumstances,Wrong legal reference,High,The waiver may also be granted where there are compassionate or compelling circumstances affecting the applicant - usually involving serious hardship to the applicant or their close family members.,"The waiver may also be granted where there are compassionate or compelling circumstances affecting the interests of an Australian citizen, Australian permanent resident or eligible New Zealand citizen - for example, an Australian citizen partner or child who would be seriously affected by the refusal. Hardship to the applicant alone is not a waiver ground.",PIC 4020(4)(b).,"https://www.legislation.gov.au/F1996B03551/latest/text (Migration Regulations 1994, Compilation No. 288, 1 July 2026) (Sch 4 cl 4020(4))",G8-081,Confirmed,,Partly fixed,New text added but the old text is still on the page (both versions showing),To do,
710,Reviews & Complex,pic-4020,https://www.nanakmigration.com.au/pic-4020,FAQ - Can a PIC 4020 refusal be reviewed at the ART?,Wrong legal reference,High,within 21 days of being notified of the refusal,within 28 days of being notified of the refusal (14 days if you are in immigration detention). (Also change 'the 21-day deadline is strict' to 'the 28-day deadline is strict'.),s 347(3): 28 days (14 in detention).,"https://www.legislation.gov.au/C1958A00062/latest/text (s 347(3): 14 days if in immigration detention, otherwise 28 days after notification; s 500(6B): 9 days for s 501/501CA decisions, person in migration zone)",G8-082,Confirmed,,Schema not updated,"Old wording removed from the visible page, but it is still in the FAQ schema / page code that Google reads",To do,
711,Reviews & Complex,pic-4020,https://www.nanakmigration.com.au/pic-4020,What Is PIC 4020?,Wrong legal reference,Medium,must not have given a bogus document or false or misleading information in connection with the application or the visa application made in the 12 months before.,"must not have given a bogus document or information that is false or misleading in a material particular in relation to the application, or in relation to a visa they held in the 12 months before the application was made.","PIC 4020(1)(b) looks back to 'a visa that the applicant held in the period of 12 months before the application was made', not to a visa application made in that period.","https://www.legislation.gov.au/F1996B03551/latest/text (Migration Regulations 1994, Compilation No. 288, 1 July 2026) (Sch 4 cl 4020(1))",G8-078,Confirmed,,Fixed,,Done,
712,Reviews & Complex,pic-4020,https://www.nanakmigration.com.au/pic-4020,Triggers - Information from a 12-month look-back period,Wrong legal reference,Medium,"If a bogus document or false information was submitted in a visa application made in the 12 months before the current application, PIC 4020 can still apply to the current application.","If a bogus document or false or misleading information was given in relation to a visa you held in the 12 months before the current application, PIC 4020 can still apply to the current application.",Same as above.,"https://www.legislation.gov.au/F1996B03551/latest/text (Migration Regulations 1994, Compilation No. 288, 1 July 2026) (Sch 4 cl 4020(1))",G8-079,Confirmed,,Fixed,,Done,
713,Reviews & Complex,pic-4020,https://www.nanakmigration.com.au/pic-4020,"FAQ - If my visa is refused on PIC 4020 grounds, can I apply for another visa immediately?",Wrong legal reference,Medium,"The ban can potentially be lifted if the original refusal is overturned on ART review, or if a waiver is granted.","The 3-year bar can potentially be overcome if the original refusal is overturned on ART review, or if a waiver is granted. The 10-year identity bar cannot be waived.",PIC 4020(4) allows waiver of 4020(1) and (2) only; the identity requirements in 4020(2A) and (2B) have no waiver.,"https://www.legislation.gov.au/F1996B03551/latest/text (Migration Regulations 1994, Compilation No. 288, 1 July 2026) (Sch 4 cl 4020(2A), (2B), (4))",G8-083,Confirmed,,Schema not updated,"Old wording removed from the visible page, but it is still in the FAQ schema / page code that Google reads",To do,
714,Reviews & Complex,pic-4020,https://www.nanakmigration.com.au/pic-4020,Page header and footer date stamps,Other,Low,General information current as at August 2026.,"General information current as at October 2026. (Also update 'Information current as at August 2026', 'Content current as at July 2026' and 'Last reviewed: July 2026' on this page to October 2026 once the corrections are made.)","Page content has been corrected, so the currency stamps should show October 2026.",n/a - follows audit rule for corrected pages,G8-084,Confirmed,,Fixed,Date stamp updated,Done,
715,Reviews & Complex,re-entry-bans,https://www.nanakmigration.com.au/re-entry-bans,FAQ - Can a PIC 4013 or 4014 ban be waived for a partner visa?,Wrong legal reference,High,Yes - the partner visa (subclass 820/801 onshore and 309/100 offshore) is one of the visa classes for which PIC 4013 and 4014 can be waived,"Partner visas (820/801 and 309/100) do not include PIC 4013 or 4014, so these exclusion periods do not apply to a partner visa application (other criteria such as Schedule 3, PIC 4020 and character still apply). PIC 4013 and 4014 mainly apply to temporary visas, and for those visas the exclusion can be waived","Partner visa criteria (e.g. 309.225, 820.223) list PICs 4001-4004, 4007, 4009 (and 4020/4021 for 309) but not 4013/4014; 4013/4014 appear in temporary visas such as 400-series, 482, 500, 600. Each PIC contains its own waiver.","https://www.legislation.gov.au/F1996B03551/latest/text (Migration Regulations 1994, Compilation No. 288, 1 July 2026) (Sch 2 cl 309.225, 820.223; Sch 4 cl 4013, 4014) ; https://immi.homeaffairs.gov.au/entering-and-leaving-australia/entering-australia/can-i-go-to-australia/re-entry-ban",G8-071,Confirmed,,Schema not updated,"Old wording removed from the visible page, but it is still in the FAQ schema / page code that Google reads",To do,
716,Reviews & Complex,re-entry-bans,https://www.nanakmigration.com.au/re-entry-bans,The Short Answer,Wrong legal reference,High,Both bans can be waived for some visa classes - most notably partner visas - where compelling circumstances affect an Australian citizen or permanent resident.,"Both exclusion periods mainly affect temporary visas (such as visitor, student and work visas), and they can be waived where there are compelling circumstances affecting the interests of Australia, or compassionate or compelling circumstances affecting an Australian citizen, permanent resident or eligible New Zealand citizen. Partner visas do not include these criteria.",Waiver is built into PIC 4013(1)(b) and 4014(1)(b) for every visa that includes them; grounds include Australia's interests and Australian citizen/PR/eligible NZ citizen interests.,"https://www.legislation.gov.au/F1996B03551/latest/text (Migration Regulations 1994, Compilation No. 288, 1 July 2026) (Sch 4 cl 4013, 4014) ; https://immi.homeaffairs.gov.au/entering-and-leaving-australia/entering-australia/can-i-go-to-australia/re-entry-ban",G8-072,Confirmed,,Not fixed,Old text still visible on the live page,To do,
717,Reviews & Complex,re-entry-bans,https://www.nanakmigration.com.au/re-entry-bans,What Re-entry Bans Are and How They Arise,Wrong legal reference,High,The exclusion means that the person cannot be granted a visa - for any purpose - unless the exclusion has expired or has been waived.,The exclusion means the person cannot be granted a visa that includes PIC 4013 or 4014 (mainly temporary visas) unless the exclusion has expired or has been waived.,PIC 4013/4014 apply only to visa subclasses whose criteria include them.,"https://www.legislation.gov.au/F1996B03551/latest/text (Migration Regulations 1994, Compilation No. 288, 1 July 2026) (Sch 4 cl 4013, 4014) ; https://immi.homeaffairs.gov.au/entering-and-leaving-australia/entering-australia/can-i-go-to-australia/re-entry-ban",G8-073,Confirmed,,Not fixed,Old text still visible on the live page,To do,
718,Reviews & Complex,re-entry-bans,https://www.nanakmigration.com.au/re-entry-bans,FAQ - Is there anything I can do to return to Australia before the 3-year ban ends?,Wrong legal reference,High,"For most other visa classes, the exclusion cannot be waived and you must wait until it expires.","For any visa that includes PIC 4013 or 4014, the exclusion can be waived if there are compelling circumstances affecting the interests of Australia, or compassionate or compelling circumstances affecting an Australian citizen, permanent resident or eligible New Zealand citizen. Visas that do not include these criteria are not affected by them.",Waiver limb is part of PIC 4013/4014 itself.,"https://www.legislation.gov.au/F1996B03551/latest/text (Migration Regulations 1994, Compilation No. 288, 1 July 2026) (Sch 4 cl 4013, 4014) ; https://immi.homeaffairs.gov.au/entering-and-leaving-australia/entering-australia/can-i-go-to-australia/re-entry-ban",G8-074,Confirmed,,Schema not updated,"Old wording removed from the visible page, but it is still in the FAQ schema / page code that Google reads",To do,
719,Reviews & Complex,re-entry-bans,https://www.nanakmigration.com.au/re-entry-bans,PIC 4013 and PIC 4014 Explained - PIC 4013,Wrong legal reference,Medium,"Applies where the person's visa was cancelled under section 116, section 128, or section 134 of the Migration Act","Applies where the person's visa was cancelled under certain grounds in sections 109, 116, 128, 133A, 133C or 137J of the Migration Act (for example, working without permission, breach of certain visa conditions, or incorrect information)","PIC 4013(1A)-(3) risk factors refer to cancellations under s 109, 116, 128, 133A, 133C and 137J on specified grounds; s 134 is not listed.","https://www.legislation.gov.au/F1996B03551/latest/text (Migration Regulations 1994, Compilation No. 288, 1 July 2026) (Sch 4 cl 4013)",G8-069,Confirmed,,Partly fixed,New text added but the old text is still on the page (both versions showing),To do,
720,Reviews & Complex,re-entry-bans,https://www.nanakmigration.com.au/re-entry-bans,PIC 4013 and PIC 4014 Explained - PIC 4013,Wrong legal reference,Medium,Can also apply following a Ministerial Direction or where the person departed after a Non-Citizen in Australia notice,Applies only to the cancellation grounds listed in PIC 4013 - check the cancellation notice for the section and ground used,PIC 4013 contains no Ministerial Direction or 'Non-Citizen in Australia notice' risk factor.,"https://www.legislation.gov.au/F1996B03551/latest/text (Migration Regulations 1994, Compilation No. 288, 1 July 2026) (Sch 4 cl 4013)",G8-070,Confirmed,,Fixed,,Done,
721,Reviews & Complex,re-entry-bans,https://www.nanakmigration.com.au/re-entry-bans,When a PIC 4013 or 4014 Ban Can Be Waived,Wrong legal reference,Medium,The waiver does not apply to all visa types - it is most commonly relevant to partner visas and some family visas.,"The waiver is available for every visa that includes PIC 4013 or 4014 - mainly temporary visas such as visitor, student and work visas.",Partner visas do not include PIC 4013/4014.,"https://www.legislation.gov.au/F1996B03551/latest/text (Migration Regulations 1994, Compilation No. 288, 1 July 2026) (Sch 4 cl 4013, 4014)",G8-075,Confirmed,,Not fixed,Old text still visible on the live page,To do,
722,Reviews & Complex,re-entry-bans,https://www.nanakmigration.com.au/re-entry-bans,FAQ - How do I know if I have a PIC 4013 or 4014 re-entry ban?,Incorrect eligibility,Medium,"PIC 4014 applies if you departed Australia as an unlawful non-citizen - that is, while you had no valid visa.","PIC 4014 applies if you departed Australia as an unlawful non-citizen, or while holding a Bridging C, D or E visa, unless you left within 28 days after your last substantive visa ceased (or on a bridging visa granted before or within 28 days of that date).","PIC 4014(4)-(5): risk factor includes leaving on a BVC, BVD or BVE; 28-day exception.","https://www.legislation.gov.au/F1996B03551/latest/text (Migration Regulations 1994, Compilation No. 288, 1 July 2026) (Sch 4 cl 4014)",G8-076,Confirmed,,Schema not updated,"Visible text corrected, but the old text is still in the page FAQ schema / page code that Google reads",To do,
723,Reviews & Complex,re-entry-bans,https://www.nanakmigration.com.au/re-entry-bans,Page header and footer date stamps,Other,Low,General information current as at August 2026.,"General information current as at October 2026. (Also update 'Information current as at August 2026', 'Content current as at July 2026' and 'Last reviewed: July 2026' on this page to October 2026 once the corrections are made.)","Page content has been corrected, so the currency stamps should show October 2026.",n/a - follows audit rule for corrected pages,G8-077,Confirmed,,Fixed,Date stamp updated,Done,
724,Reviews & Complex,schedule-3,https://www.nanakmigration.com.au/schedule-3,The Three Schedule 3 Criteria - Criterion 3003,Wrong legal reference,High,Requires that there are compelling reasons for not applying Schedule 3 to the person. This is the criterion that gives the decision-maker a discretion to waive Schedule 3 requirements.,"Applies to a person who has not held a substantive visa since 1 September 1994 and was an illegal entrant (or held an entry permit that expired) on 31 August 1994. It requires that they became unlawful because of factors beyond their control, that there are compelling reasons for granting the visa, and that they substantially complied with past conditions. For partner visas, the power to set aside Schedule 3 is in the partner visa criteria themselves (for example clause 820.211), which allow the Department not to apply criteria 3001, 3003 and 3004 if there are compelling reasons.",Sch 3 cl 3003 applies only to pre-1 September 1994 illegal entrants/entry permit holders; the Schedule 3 'waiver' for partner visas is the 'unless the Minister is satisfied that there are compelling reasons for not applying those criteria' limb in cl 820.211(2)(d)(ii).,"https://www.legislation.gov.au/F1996B03551/latest/text (Migration Regulations 1994, Compilation No. 288, 1 July 2026) (Sch 3 cl 3003; Sch 2 cl 820.211(2)(d))",G8-085,Confirmed,,Fixed,,Done,
725,Reviews & Complex,schedule-3,https://www.nanakmigration.com.au/schedule-3,The Three Schedule 3 Criteria - Criterion 3004,Wrong legal reference,High,Similar to criterion 3003 but applies to applicants who are on a bridging visa (rather than unlawful).,"Applies to a person who ceased to hold a substantive visa (or entered Australia unlawfully) on or after 1 September 1994. It requires that they are not holding a substantive visa because of factors beyond their control, that there are compelling reasons for granting the visa, and that they substantially complied with the conditions of their last substantive visa and any later bridging visa.","Sch 3 cl 3004 applies by reference to ceasing to hold a substantive visa on or after 1 Sep 1994, not to bridging visa holders as a separate class.","https://www.legislation.gov.au/F1996B03551/latest/text (Migration Regulations 1994, Compilation No. 288, 1 July 2026) (Sch 3 cl 3004)",G8-086,Confirmed,,Fixed,,Done,
726,Reviews & Complex,schedule-3,https://www.nanakmigration.com.au/schedule-3,The Three Schedule 3 Criteria - introduction,Wrong legal reference,Medium,"Criteria 3001, 3003 and 3004 are all relevant - the specific criteria that apply depend on whether the applicant is an unlawful non-citizen or a bridging visa holder.","For an onshore partner visa applicant who does not hold a substantive visa, criteria 3001, 3003 and 3004 must be met unless the Department is satisfied there are compelling reasons for not applying them. Which criterion is relevant depends mainly on when, and why, the applicant last held a substantive visa.","Cl 820.211(2)(d)(ii): applicant satisfies Schedule 3 criteria 3001, 3003 and 3004 unless compelling reasons for not applying them.","https://www.legislation.gov.au/F1996B03551/latest/text (Migration Regulations 1994, Compilation No. 288, 1 July 2026) (Sch 2 cl 820.211(2)(d); Sch 3)",G8-087,Confirmed,,Not fixed,Old text still visible on the live page,To do,
727,Reviews & Complex,schedule-3,https://www.nanakmigration.com.au/schedule-3,Page header and footer date stamps,Other,Low,General information current as at August 2026.,"General information current as at October 2026. (Also update 'Information current as at August 2026', 'Content current as at July 2026' and 'Last reviewed: July 2026' on this page to October 2026 once the corrections are made.)","Page content has been corrected, so the currency stamps should show October 2026.",n/a - follows audit rule for corrected pages,G8-088,Confirmed,,Fixed,Date stamp updated,Done,
728,Reviews & Complex,section-48-bar,https://www.nanakmigration.com.au/section-48-bar,Strategies - Pursue review rights,Wrong legal reference,High,lodge an ART review application within the deadline (generally 21 days),"lodge an ART review application within the deadline (generally 28 days after notification, or 14 days if in immigration detention)",s 347(3): 28 days (14 days in detention).,"https://www.legislation.gov.au/C1958A00062/latest/text (s 347(3): 14 days if in immigration detention, otherwise 28 days after notification; s 500(6B): 9 days for s 501/501CA decisions, person in migration zone)",G8-059,Confirmed,,Fixed,,Done,
729,Reviews & Complex,section-48-bar,https://www.nanakmigration.com.au/section-48-bar,Strategies - Ministerial intervention,Outdated law/terminology,Medium,"a request for Ministerial intervention under section 195A, 351, or 417 of the Migration Act may be considered","a request for Ministerial intervention under section 351 or 501J of the Migration Act (after a tribunal decision), or under section 195A for people in immigration detention, may be considered",s 417 repealed; s 351 and s 501J are the current public interest powers after a tribunal decision.,https://immi.homeaffairs.gov.au/what-we-do/status-resolution-service/ministerial-intervention,G8-060,Confirmed,,Fixed,,Done,
730,Reviews & Complex,section-48-bar,https://www.nanakmigration.com.au/section-48-bar,What Is the Section 48 Bar?,Wrong legal reference,Medium,A person is subject to the section 48 bar if they are in Australia and their last substantive visa was refused or cancelled. The bar also applies if they are in Australia and have never held a substantive visa.,"A person is subject to the section 48 bar if they are in Australia, do not hold a substantive visa, and since last entering Australia have been refused a visa (other than a bridging visa or a refusal under section 501) or had a visa cancelled under certain powers, such as section 109 or 116.","s 48(1): applies to a non-citizen in the migration zone who does not hold a substantive visa and, after last entering, was refused a visa (other than bridging/s 501, 501A, 501B refusals) or held a visa cancelled under s 109, 116, 133A, 133C, 134, 137J or 137Q. Never having held a substantive visa is not itself a s 48 trigger.",https://www.legislation.gov.au/C1958A00062/latest/text (s 48),G8-061,Confirmed,,Fixed,,Done,
731,Reviews & Complex,section-48-bar,https://www.nanakmigration.com.au/section-48-bar,Visas Exempt from the Section 48 Bar - Partner visas,Other,Low,Partner visas (820/801 and 309/100),Partner visas (820/801),Reg 2.12 prescribes Partner (Temporary) Class UK and Partner (Residence) Class BS (820/801); 309/100 are offshore visas and are not affected by s 48.,"https://www.legislation.gov.au/F1996B03551/latest/text (Migration Regulations 1994, Compilation No. 288, 1 July 2026) (reg 2.12)",G8-062,Confirmed,,Fixed,,Done,
732,Reviews & Complex,section-48-bar,https://www.nanakmigration.com.au/section-48-bar,Page header and footer date stamps,Other,Low,General information current as at August 2026.,"General information current as at October 2026. (Also update 'Information current as at August 2026', 'Content current as at July 2026' and 'Last reviewed: July 2026' on this page to October 2026 once the corrections are made.)","Page content has been corrected, so the currency stamps should show October 2026.",n/a - follows audit rule for corrected pages,G8-063,Confirmed,,Fixed,Date stamp updated,Done,
733,Reviews & Complex,visa-cancellation,https://www.nanakmigration.com.au/visa-cancellation,Key facts - ART review available card,Wrong legal reference,High,Review must generally be sought within 21 days of notification.,"Review must generally be sought within 28 days of notification (14 days if in immigration detention, 9 days for section 501 character decisions if you are in Australia).",ART review deadline is 28 days (14 detention; 9 days for onshore s 501).,"https://www.legislation.gov.au/C1958A00062/latest/text (s 347(3): 14 days if in immigration detention, otherwise 28 days after notification; s 500(6B): 9 days for s 501/501CA decisions, person in migration zone)",G8-035,Confirmed,,Partly fixed,"Old text removed, but the corrected figure(s) are not on the page: 14 days/9 days",To do,
734,Reviews & Complex,visa-cancellation,https://www.nanakmigration.com.au/visa-cancellation,FAQ - Can I stay in Australia while I appeal the cancellation?,Wrong legal reference,High,provided the review is lodged within the strict deadline (generally 21 days),"provided the review is lodged within the strict deadline (generally 28 days, or 9 days for section 501 character decisions)",ART review deadline is 28 days (s 347(3)); 9 days for onshore s 501 (s 500(6B)).,"https://www.legislation.gov.au/C1958A00062/latest/text (s 347(3): 14 days if in immigration detention, otherwise 28 days after notification; s 500(6B): 9 days for s 501/501CA decisions, person in migration zone)",G8-036,Confirmed,,Schema not updated,"Old wording removed from the visible page, but it is still in the FAQ schema / page code that Google reads",To do,
735,Reviews & Complex,visa-cancellation,https://www.nanakmigration.com.au/visa-cancellation,The NOICC process - step 4 Decision,Wrong legal reference,High,the visa holder has review rights at the ART (generally within 21 days),"the visa holder may have review rights at the ART (generally within 28 days of notification, or 9 days for section 501 decisions)","28 days, not 21 days.","https://www.legislation.gov.au/C1958A00062/latest/text (s 347(3): 14 days if in immigration detention, otherwise 28 days after notification; s 500(6B): 9 days for s 501/501CA decisions, person in migration zone)",G8-037,Confirmed,,Partly fixed,"Old text removed, but the corrected figure(s) are not on the page: 9 days",To do,
736,Reviews & Complex,visa-cancellation,https://www.nanakmigration.com.au/visa-cancellation,Section 501: Character Grounds,Wrong legal reference,High,(e.g. sentences of 2 years or more),"(e.g. where the person has been sentenced to 12 months or more imprisonment, or for a sexually based offence involving a child, and is serving a full-time custodial sentence)","s 501(3A): mandatory cancellation where the person fails the character test under s 501(6)(a) on the basis of s 501(7)(a)-(c) (death, life, or 12 months or more) or s 501(6)(e), and is serving a full-time custodial sentence.","https://www.legislation.gov.au/C1958A00062/latest/text (s 501(3A), (6), (7))",G8-038,Confirmed,,Fixed,,Done,
737,Reviews & Complex,visa-cancellation,https://www.nanakmigration.com.au/visa-cancellation,Consequences - Section 48 bar,Wrong legal reference,Medium,A visa cancellation while the holder is onshore triggers the section 48 bar,"A cancellation under certain powers (including sections 109 and 116) while the holder is in Australia will usually trigger the section 48 bar if they do not hold another substantive visa. Section 501 cancellations carry separate, more serious restrictions under section 501E","s 48 applies to a non-citizen who does not hold a substantive visa and whose visa was cancelled under s 109, 116, 133A, 133C, 134, 137J or 137Q; s 501 cancellations are not listed.",https://www.legislation.gov.au/C1958A00062/latest/text (s 48),G8-039,Confirmed,,Fixed,,Done,
738,Reviews & Complex,visa-cancellation,https://www.nanakmigration.com.au/visa-cancellation,Page header and footer date stamps,Other,Low,General information current as at August 2026.,"General information current as at October 2026. (Also update 'Information current as at August 2026', 'Content current as at July 2026' and 'Last reviewed: July 2026' on this page to October 2026 once the corrections are made.)","Page content has been corrected, so the currency stamps should show October 2026.",n/a - follows audit rule for corrected pages,G8-040,Confirmed,,Fixed,Date stamp updated,Done,
739,Reviews & Complex,visa-refusal-review,https://www.nanakmigration.com.au/visa-refusal-review,Urgent triage stats tiles,Outdated fee,High,refunded if successful,"$3,727 ART application fee (from 1 July 2026) - 50% refunded if the decision is set aside, varied or remitted","Part 5 migration review fee is $3,727 from 1 July 2026; only 50% is refunded if the decision is set aside, varied or remitted.",https://www.art.gov.au/help-and-resources/fees ; https://www.art.gov.au/about/news-and-updates/upcoming-application-fee-increase,G8-017,Confirmed,,Fixed,,Done,
740,Reviews & Complex,visa-refusal-review,https://www.nanakmigration.com.au/visa-refusal-review,All Pathways - ART Merits Review card,Outdated fee,High,"Fee ~$3,272 (refundable on success).","Fee $3,727 from 1 July 2026 (50% refunded if the decision is set aside, varied or remitted; 50% reduction possible for financial hardship).","ART migration review fee is $3,727; refund is 50%, not full.",https://www.art.gov.au/help-and-resources/fees ; https://www.art.gov.au/about/news-and-updates/upcoming-application-fee-increase,G8-018,Confirmed,,Fixed,,Done,
741,Reviews & Complex,visa-refusal-review,https://www.nanakmigration.com.au/visa-refusal-review,ART Review - step 02 ART application lodged,Outdated fee,High,"The Tribunal fee (~$3,272 as at 1 July 2026) is paid at lodgement.","The Tribunal fee ($3,727 from 1 July 2026) must be paid before the review deadline.","Fee is $3,727 and for Part 5 reviews must be paid before the deadline for applying.",https://www.art.gov.au/help-and-resources/fees ; https://www.art.gov.au/about/news-and-updates/upcoming-application-fee-increase,G8-019,Confirmed,,Fixed,,Done,
742,Reviews & Complex,visa-refusal-review,https://www.nanakmigration.com.au/visa-refusal-review,Urgent triage stats tiles,Wrong legal reference,High,35 days for protection,14 days if in detention,Protection reviews also have a 28-day limit (14 days in detention) under s 347(3); 35 days is not a review deadline.,"https://www.legislation.gov.au/C1958A00062/latest/text (s 347(3): 14 days if in immigration detention, otherwise 28 days after notification; s 500(6B): 9 days for s 501/501CA decisions, person in migration zone)",G8-020,Confirmed,,Fixed,,Done,
743,Reviews & Complex,visa-refusal-review,https://www.nanakmigration.com.au/visa-refusal-review,Review Rights table - Protection visa refusal (onshore),Wrong legal reference,High,Yes - 35 days,Yes - 28 days,s 347(3) applies to reviewable protection decisions: 28 days (14 if in detention).,"https://www.legislation.gov.au/C1958A00062/latest/text (s 347(3): 14 days if in immigration detention, otherwise 28 days after notification; s 500(6B): 9 days for s 501/501CA decisions, person in migration zone)",G8-021,Confirmed,,Partly fixed,New text added but the old text is still on the page (both versions showing),To do,
744,Reviews & Complex,visa-refusal-review,https://www.nanakmigration.com.au/visa-refusal-review,Character & Compliance - Re-entry Bans card,Wrong legal reference,High,Overstaying by 28+ days (under 12 months) triggers a 3-year exclusion from Australia. Overstaying by 12+ months triggers a 5-year ban. Waivers exist in some circumstances.,"Leaving Australia more than 28 days after your visa expired (or on a Bridging C, D or E visa) can trigger a 3-year exclusion period for many temporary visas. A waiver may be possible where there are compelling or compassionate circumstances.","PIC 4014 imposes a 3-year exclusion (subject to waiver) for leaving as an unlawful non-citizen or on a BVC/BVD/BVE, unless departure was within 28 days of the substantive visa ceasing; there is no 5-year overstay ban.","https://www.legislation.gov.au/F1996B03551/latest/text (Migration Regulations 1994, Compilation No. 288, 1 July 2026) (Sch 4 cl 4014) ; https://immi.homeaffairs.gov.au/entering-and-leaving-australia/entering-australia/can-i-go-to-australia/re-entry-ban",G8-024,Confirmed,,Fixed,,Done,
745,Reviews & Complex,visa-refusal-review,https://www.nanakmigration.com.au/visa-refusal-review,FAQ - Can I get a reduced Tribunal fee?,Incorrect eligibility,High,"Yes, automatically if you have legal aid for the case, hold a Commonwealth concession card, are under 18, are in detention or prison, or receive certain Centrelink study payments.","For migration decisions under Part 5 of the Migration Act, the only reduction is 50% of the fee on financial hardship grounds. You must pay the full or 50% fee before the deadline and then lodge a fee reduction request with supporting documents. The automatic concession categories (legal aid, concession card, under 18, detention, Centrelink study payments) apply only to other ART review types.",ART fees page: Part 5 migration reviews - 50% reduction for financial hardship only; concession categories listed apply to 'Other review types'.,https://www.art.gov.au/help-and-resources/fees ; https://www.art.gov.au/about/news-and-updates/upcoming-application-fee-increase,G8-025,Confirmed,,Schema not updated,"Old wording removed from the visible page, but it is still in the FAQ schema / page code that Google reads",To do,
746,Reviews & Complex,visa-refusal-review,https://www.nanakmigration.com.au/visa-refusal-review,"Review Rights table - Protection visa refusal (onshore), Ministerial column",Outdated law/terminology,Medium,Limited - s417,After ART decision - s351,Section 417 has been repealed; the Minister's public interest powers are now in s 351 and s 501J (s 351 also covers former s 417 cases).,https://immi.homeaffairs.gov.au/what-we-do/status-resolution-service/ministerial-intervention,G8-022,Confirmed,,Not fixed,Old text still visible on the live page,To do,
747,Reviews & Complex,visa-refusal-review,https://www.nanakmigration.com.au/visa-refusal-review,All Pathways - Ministerial Intervention card,Outdated law/terminology,Medium,under s351 or s417,under section 351 or section 501J,Section 417 has been repealed; current powers are s 351 and s 501J.,https://immi.homeaffairs.gov.au/what-we-do/status-resolution-service/ministerial-intervention,G8-023,Confirmed,,Fixed,,Done,
748,Reviews & Complex,visa-refusal-review,https://www.nanakmigration.com.au/visa-refusal-review,ART Review - How the ART review process works,Compliance (OMARA),Medium,A successful ART review leads to a visa grant in most cases.,"If the ART sets aside the decision, it usually sends the case back to the Department to reconsider with directions. The Department then assesses any remaining criteria before a visa can be granted.",Most migration decisions set aside by the ART are remitted (s 349(2)) for reconsideration; a grant is not automatic. Outcome-implying statement is an OMARA risk.,https://www.legislation.gov.au/C1958A00062/latest/text (s 349),G8-026,Confirmed,,Fixed,,Done,
749,Reviews & Complex,visa-refusal-review,https://www.nanakmigration.com.au/visa-refusal-review,ART Review - step 04 Decision,Compliance (OMARA),Medium,"If set aside, DHA proceeds to grant the visa.","If the decision is remitted, the Department reconsiders the application in line with the Tribunal's directions and assesses any remaining criteria.","Remittal requires reconsideration, not automatic grant.",https://www.legislation.gov.au/C1958A00062/latest/text (s 349),G8-027,Confirmed,,Fixed,,Done,
750,Reviews & Complex,visa-refusal-review,https://www.nanakmigration.com.au/visa-refusal-review,Your first 72 hours - step 02,Incorrect eligibility,Medium,Lodging an ART application typically grants a Bridging Visa A.,"If you lodge a valid ART application, the Bridging Visa A granted with your original application generally stays in effect until 35 days after the ART decision.",No new BVA is granted on ART lodgement; the existing BVA continues (cl 010.511).,"https://www.legislation.gov.au/F1996B03551/latest/text (Migration Regulations 1994, Compilation No. 288, 1 July 2026) (Sch 2 cl 010.511)",G8-028,Confirmed,,Fixed,,Done,
751,Reviews & Complex,visa-refusal-review,https://www.nanakmigration.com.au/visa-refusal-review,Your first 72 hours - step 04,Incorrect eligibility,Medium,"Once lodged, a Bridging Visa A is typically issued while the review proceeds.","Once lodged, your existing bridging visa generally stays in effect while the review proceeds.",BVA continues until 35 days after ART decision (cl 010.511).,"https://www.legislation.gov.au/F1996B03551/latest/text (Migration Regulations 1994, Compilation No. 288, 1 July 2026) (Sch 2 cl 010.511)",G8-029,Confirmed,,Fixed,,Done,
752,Reviews & Complex,visa-refusal-review,https://www.nanakmigration.com.au/visa-refusal-review,All Pathways - PIC 4020 card,Wrong legal reference,Medium,Character of the misrepresentation determines which ban applies.,A 3-year bar applies after a refusal for a bogus document or false or misleading information; a 10-year bar applies after a refusal for failing to satisfy the Department of your identity.,PIC 4020(2): 3 years after refusal under 4020(1); 4020(2B): 10 years after refusal under 4020(2A) (identity).,"https://www.legislation.gov.au/F1996B03551/latest/text (Migration Regulations 1994, Compilation No. 288, 1 July 2026) (Sch 4 cl 4020)",G8-030,Confirmed,,Fixed,,Done,
753,Reviews & Complex,visa-refusal-review,https://www.nanakmigration.com.au/visa-refusal-review,Bars & Conditions - PIC 4020 card,Wrong legal reference,Medium,The character and extent of the misrepresentation determines which ban applies.,The 3-year bar applies to refusals for bogus documents or false or misleading information; the 10-year bar applies to refusals because identity was not established.,Same as above (PIC 4020(2) and (2B)).,"https://www.legislation.gov.au/F1996B03551/latest/text (Migration Regulations 1994, Compilation No. 288, 1 July 2026) (Sch 4 cl 4020)",G8-031,Confirmed,,Fixed,,Done,
754,Reviews & Complex,visa-refusal-review,https://www.nanakmigration.com.au/visa-refusal-review,ART Review - step 03 Review conference or hearing,Missing material update,Medium,"Depending on the case, this may be a document review or a full hearing with oral evidence.","Depending on the case, this may be a document review or a full hearing with oral evidence. From 1 June 2026, most student visa refusal reviews are decided on the papers without a hearing.","From 1 June 2026 most student visa refusal reviews must be decided without an oral hearing (s 367C, reg 4.18; F2026L00640).","https://www.art.gov.au/about/news-and-updates/changes-conduct-student-visa-reviews ; https://www.legislation.gov.au/F1996B03551/latest/text (Migration Regulations 1994, Compilation No. 288, 1 July 2026) reg 4.18",G8-032,Confirmed,,Fixed,,Done,
755,Reviews & Complex,visa-refusal-review,https://www.nanakmigration.com.au/visa-refusal-review,All Pathways - Judicial Review card,Other,Low,Requires legal representation.,Legal representation is strongly recommended.,There is no legal requirement to be represented in judicial review; the statement overstates the position.,https://www.legislation.gov.au/C1958A00062/latest/text (s 476),G8-033,LEGEND-checked,Approve as proposed - Migration Act 1958 Part 8 (ss 476-486) confers judicial review jurisdiction and contains no requirement that an applicant be legally represented (LEGEND stack 02-10-2026). The Federal Circuit and Family Court confirms parties may appear as unrepresented litigants. Not a LEGEND policy point.,Not fixed,Old text still visible on the live page,Query with RMA,
756,Reviews & Complex,visa-refusal-review,https://www.nanakmigration.com.au/visa-refusal-review,Page header and footer date stamps,Other,Low,General information current as at August 2026.,"General information current as at October 2026. (Also update 'Information current as at August 2026', 'Content current as at July 2026' and 'Last reviewed: July 2026' on this page to October 2026 once the corrections are made.)","Page content has been corrected, so the currency stamps should show October 2026.",n/a - follows audit rule for corrected pages,G8-034,Confirmed,,Fixed,Date stamp updated,Done,